0.25 0.25 0.25 0.25
the 1.194025 1.52705 1.080475 1.12745
a 0.74095 0.607475 0.597425 0.6218
to 0.61465 0.555475 0.577075 0.6336
of 0.64605 0.4617 0.51735 0.5963
in 0.618725 0.498275 0.4644 0.3655
and 0.4212 0.372125 0.4092 0.4434
on 0.3328 0.263925 0.336775 0.242025
it 0.1497 0.12125 0.384225 0.344
for 0.21055 0.259275 0.231725 0.242925
39 0.13865 0.2248 0.201225 0.135625
that 0.167525 0.11165 0.180575 0.23085
with 0.12875 0.177925 0.106875 0.150825
as 0.129425 0.12335 0.1746 0.116225
at 0.12895 0.196575 0.096875 0.09455
is 0.098575 0.104475 0.11145 0.1825
said 0.189475 0.037125 0.179575 0.0896
by 0.121975 0.085775 0.13445 0.1222
ha 0.110525 0.09545 0.100675 0.149175
new 0.06535 0.0888 0.14405 0.132225
an 0.138375 0.082725 0.08515 0.103875
from 0.1024 0.0814 0.108425 0.0998
hi 0.11725 0.188575 0.0297 0.023825
will 0.054175 0.082475 0.093375 0.109225
us 0.10065 0.027825 0.163625 0.04615
wa 0.107975 0.13015 0.052825 0.043175
reuter 0.099325 0.0357 0.1404 0.0492
after 0.08995 0.099925 0.08455 0.035225
be 0.073375 0.082125 0.05515 0.0951
have 0.076525 0.067125 0.048 0.086675
their 0.06025 0.091175 0.042575 0.06085
year 0.04705 0.058325 0.081575 0.06385
compani 0.010175 0.0021 0.128925 0.09675
are 0.052075 0.038075 0.047625 0.089025
over 0.048925 0.089275 0.044675 0.037675
he 0.0607 0.1128 0.021475 0.017825
ap 0.073725 0.07865 0.00605 0.051
but 0.04415 0.056575 0.051925 0.0534
two 0.072925 0.060775 0.03125 0.036275
first 0.035425 0.08705 0.030375 0.045175
thi 0.03175 0.05885 0.04105 0.060575
more 0.0469 0.0265 0.0565 0.058775
monday 0.0532 0.036975 0.06435 0.030025
world 0.028 0.06485 0.048475 0.04225
wednesday 0.051025 0.04055 0.063225 0.027625
tuesday 0.048425 0.035875 0.06255 0.0342
thursday 0.05025 0.036075 0.061225 0.030525
inc 0.001725 0.000275 0.10825 0.0577
up 0.0362 0.036375 0.047 0.047425
friday 0.048875 0.039425 0.057825 0.020475
one 0.037 0.061475 0.02465 0.04135
report 0.0441 0.010875 0.068775 0.036
week 0.037825 0.037525 0.03995 0.039875
yesterday 0.0468 0.0417 0.04915 0.0151
state 0.0572 0.0379 0.034525 0.0218
last 0.0293 0.06655 0.03125 0.024075
game 0.00395 0.1063 0.004975 0.0353
york 0.01605 0.04125 0.08215 0.01085
they 0.0345 0.049325 0.022375 0.04365
not 0.039 0.0465 0.027125 0.035075
against 0.034425 0.060775 0.03115 0.020875
say 0.0527 0.016075 0.032925 0.04475
than 0.03525 0.02375 0.04675 0.0401
about 0.02865 0.026675 0.05075 0.03975
who 0.051775 0.0456 0.0191 0.0288
were 0.063425 0.036225 0.027075 0.01655
into 0.0374 0.034925 0.027025 0.042125
presid 0.100275 0.005725 0.0221 0.01095
unit 0.04845 0.032625 0.040525 0.01625
quot 0.030825 0.02485 0.049075 0.032975
been 0.04185 0.033925 0.020425 0.0396
out 0.031125 0.048775 0.0226 0.03215
million 0.0147 0.013975 0.0649 0.03865
nation 0.058875 0.028725 0.02735 0.0172
had 0.03575 0.0498 0.02495 0.01805
corp 0.00245 0.000625 0.074425 0.0479
price 0.008675 0.0013 0.099525 0.0158
time 0.019425 0.044475 0.02835 0.031
plan 0.03125 0.008275 0.043925 0.0387
when 0.022675 0.055125 0.017875 0.025675
govern 0.063725 0.003275 0.035625 0.017475
sunday 0.0475 0.06135 0.007025 0.004025
offici 0.069325 0.0117 0.020025 0.01845
oil 0.014525 0.000425 0.10125 0.002375
day 0.03805 0.0368 0.023675 0.0193
secur 0.046 0.004525 0.021875 0.045
would 0.0325 0.0231 0.03655 0.022525
group 0.034875 0.0088 0.048225 0.0221
which 0.025475 0.017425 0.029525 0.041175
today 0.03005 0.0235 0.0274 0.03135
peopl 0.06925 0.005 0.012475 0.0252
announc 0.013825 0.014 0.0313 0.052225
three 0.038925 0.0368 0.017825 0.015875
servic 0.008375 0.00165 0.0302 0.0689
team 0.005825 0.08605 0.0025 0.01065
could 0.025475 0.020175 0.022475 0.036
market 0.0063 0.0013 0.055575 0.039
month 0.0244 0.016825 0.0381 0.021575
iraq 0.092225 0.0006 0.00665 0.001375
win 0.010575 0.0806 0.0044 0.0048
saturday 0.038075 0.0524 0.00505 0.004
no 0.017375 0.0504 0.01715 0.014575
kill 0.09315 0.002675 0.0009 0.002525
night 0.014225 0.0759 0.003775 0.003875
percent 0.0068 0.002225 0.073975 0.01395
open 0.01245 0.045875 0.018725 0.019475
softwar 0.00055 2.5e-05 0.017725 0.077275
end 0.02785 0.030875 0.02195 0.012575
or 0.01765 0.016325 0.0212 0.0379
use 0.0147 0.0105 0.0129 0.0549
minist 0.08155 0.000875 0.00845 0.001775
next 0.0181 0.021475 0.0231 0.0296
season 0.0024 0.074675 0.009425 0.0047
second 0.01405 0.048 0.01735 0.01085
busi 0.0064 0.002625 0.0439 0.036925
other 0.02695 0.011 0.020075 0.030875
microsoft 0.000375 2.5e-05 0.0108 0.077375
intern 0.023375 0.0162 0.02845 0.01955
countri 0.0514 0.007525 0.017225 0.01115
comput 0.00125 0.000525 0.015225 0.0701
lead 0.014 0.049775 0.009775 0.013075
back 0.015775 0.03605 0.018425 0.01565
make 0.014425 0.01895 0.01735 0.034925
some 0.0178 0.0135 0.0222 0.030225
expect 0.012625 0.012525 0.0412 0.0166
share 0.003225 0.0047 0.05675 0.01825
network 0.0043 0.0327 0.01205 0.032575
take 0.015675 0.02545 0.0193 0.020925
internet 0.00275 0.0004 0.011275 0.066825
help 0.0165 0.01515 0.02185 0.026925
technolog 0.003675 0.00015 0.019025 0.05635
record 0.00955 0.023525 0.02865 0.017225
stock 0.005925 0.000675 0.06615 0.005975
off 0.016075 0.027825 0.0184 0.016275
may 0.013725 0.0111 0.025225 0.02815
can 0.0109 0.0176 0.0126 0.037025
system 0.00445 0.001125 0.014175 0.058275
washington 0.017125 0.01525 0.028 0.017575
all 0.016525 0.026575 0.0118 0.02245
american 0.024275 0.02515 0.018925 0.008725
billion 0.00595 0.0007 0.055775 0.0146
sale 0.00255 0.001475 0.05615 0.016725
most 0.019375 0.01885 0.01335 0.0252
research 0.0043 0.0002 0.034975 0.03655
leader 0.05725 0.00755 0.005325 0.005275
citi 0.039225 0.018 0.00955 0.008375
2004 0.013725 0.01625 0.016975 0.028125
former 0.027625 0.0236 0.018575 0.0052
releas 0.022025 0.00515 0.0102 0.0373
victori 0.007675 0.061925 0.002075 0.001
final 0.00935 0.046225 0.007875 0.008925
home 0.019425 0.0256 0.0131 0.013625
feder 0.008575 0.00875 0.03865 0.015775
offer 0.0077 0.006125 0.025275 0.031725
if 0.0162 0.02075 0.0149 0.018975
elect 0.05725 0.00135 0.00645 0.005075
manag 0.0026 0.026225 0.018675 0.022475
start 0.009925 0.035525 0.011575 0.0128
top 0.019075 0.0209 0.0178 0.011875
bank 0.01415 0.002725 0.04865 0.00365
call 0.02665 0.009875 0.011 0.021475
attack 0.049675 0.003125 0.00535 0.01075
player 0.001325 0.047975 0.002925 0.016675
forc 0.0436 0.006575 0.010325 0.008225
giant 0.0036 0.01515 0.028875 0.021
news 0.016425 0.00785 0.024725 0.019325
run 0.008075 0.038575 0.00605 0.0146
product 0.0035 0.0008 0.02895 0.0337
european 0.021025 0.0098 0.0246 0.0113
trade 0.009925 0.006625 0.041475 0.008675
befor 0.019475 0.021525 0.013575 0.01195
four 0.020675 0.02585 0.011125 0.008675
oper 0.012225 0.0015 0.0251 0.027225
major 0.015325 0.016825 0.01855 0.014925
move 0.0133 0.0158 0.019725 0.0164
leagu 0.002225 0.061525 0.000375 0.000575
show 0.01575 0.008975 0.024175 0.01565
maker 0.001625 0.00055 0.037325 0.02505
san 0.003525 0.019975 0.012625 0.0284
just 0.00965 0.024325 0.011325 0.019075
like 0.0093 0.01785 0.01545 0.021675
afp 0.046525 0.00405 0.0082 0.005225
accord 0.0132 0.00655 0.01795 0.025925
set 0.015175 0.01755 0.014325 0.016575
get 0.008525 0.0209 0.01085 0.02325
industri 0.005125 0.0004 0.03105 0.025975
down 0.014 0.017775 0.01945 0.0113
profit 0.00175 0.000325 0.054375 0.005875
play 0.004025 0.04815 0.002425 0.007675
what 0.012125 0.017025 0.010075 0.022325
you 0.002325 0.01615 0.010425 0.032275
deal 0.011275 0.009925 0.025975 0.01375
execut 0.005375 0.0031 0.037125 0.015175
prime 0.056275 0.000975 0.002175 0.00135
includ 0.018825 0.00885 0.0128 0.01965
chief 0.01375 0.005675 0.0303 0.01035
third 0.007675 0.023025 0.0212 0.0076
china 0.02145 0.006425 0.019525 0.0114
develop 0.0065 0.00135 0.0119 0.039
bush 0.04065 0.001575 0.009825 0.006425
sport 0.001175 0.052725 0.00205 0.0025
made 0.01335 0.02115 0.0102 0.013475
while 0.015275 0.015175 0.015375 0.01215
court 0.02015 0.00715 0.018725 0.01185
dure 0.017325 0.0209 0.009875 0.0094
coach 0.0007 0.0561 0.0003 0.0001
least 0.036425 0.007675 0.007375 0.005525
now 0.00775 0.01545 0.01055 0.023175
onlin 0.001125 0.00465 0.01025 0.04085
between 0.01925 0.014025 0.01225 0.01135
agre 0.013275 0.00715 0.028475 0.007775
launch 0.00955 0.0019 0.007975 0.036825
gener 0.01585 0.0061 0.022125 0.012125
there 0.01445 0.01995 0.0077 0.01385
largest 0.00585 0.000525 0.03675 0.012625
search 0.004625 0.002325 0.007175 0.0413
point 0.00325 0.04055 0.006775 0.00485
work 0.014425 0.006575 0.0121 0.022075
hit 0.012575 0.023625 0.012425 0.006375
olymp 0.00405 0.0496 0.0005 0.0008
london 0.013275 0.01245 0.021975 0.007225
co 0.00155 0.00045 0.04415 0.00875
10 0.0102 0.018425 0.0098 0.01635
them 0.01605 0.013475 0.00775 0.017275
talk 0.0296 0.008 0.011375 0.005525
seri 0.008025 0.03715 0.002425 0.006825
phone 0.002175 0.001275 0.011175 0.039375
cup 0.001175 0.052175 0.000225 0.0002
champion 0.002425 0.04965 0.0004 0.000475
charg 0.017075 0.01065 0.016625 0.008425
british 0.028625 0.00725 0.009025 0.00765
way 0.0108 0.014825 0.00875 0.01775
test 0.0091 0.027225 0.003125 0.01265
anoth 0.01035 0.018475 0.0118 0.01105
iraqi 0.049925 5e-05 0.00125 0.000325
her 0.01695 0.022225 0.007475 0.0049
polic 0.041525 0.004275 0.0016 0.0037
sinc 0.0144 0.015625 0.011 0.01
high 0.008575 0.007125 0.0277 0.0076
lta 5e-05 5e-05 0.0444 0.006375
won 0.006675 0.031125 0.007025 0.005725
look 0.00585 0.0175 0.011525 0.015475
south 0.024325 0.014725 0.00655 0.0046
cut 0.0063 0.003125 0.032975 0.00735
close 0.0107 0.01065 0.019925 0.0084
union 0.0185 0.00365 0.0247 0.002775
39t 0.002425 0.02675 0.009675 0.0107
palestinian 0.049225 0.0001 7.5e-05 0.000125
continu 0.010475 0.0089 0.0177 0.01195
quarter 0.001675 0.0085 0.02925 0.009525
head 0.015375 0.016975 0.0097 0.006875
offic 0.019475 0.002425 0.014325 0.012675
go 0.008725 0.0185 0.008 0.01365
job 0.006 0.006225 0.0288 0.00765
five 0.01305 0.0193 0.00725 0.008875
sign 0.01095 0.0152 0.011775 0.01055
john 0.026275 0.00955 0.007 0.0055
through 0.013175 0.01255 0.008375 0.0141
power 0.0194 0.004125 0.0081 0.0165
come 0.0076 0.0156 0.0095 0.0154
music 0.001825 0.00055 0.004725 0.040825
hope 0.013575 0.014125 0.008125 0.01205
red 0.0041 0.033775 0.002125 0.00785
meet 0.017175 0.011725 0.013675 0.00515
him 0.016925 0.024825 0.0034 0.002375
even 0.010175 0.015075 0.00895 0.013075
part 0.0119 0.00615 0.01445 0.014325
increas 0.005825 0.0016 0.02825 0.011125
provid 0.00485 0.00375 0.0118 0.0263
space 0.001525 0.000125 0.0016 0.043
becaus 0.008025 0.015 0.01275 0.01045
earn 0.002 0.00645 0.034075 0.00365
claim 0.01475 0.00945 0.00955 0.0122
onli 0.008375 0.0188 0.006725 0.011975
baghdad 0.045175 0.000125 0.000325 0.000175
dollar 0.004625 0.0013 0.0357 0.003825
score 0.003 0.039925 0.0007 0.00135
web 0.002475 0.00075 0.0042 0.037525
left 0.012525 0.0253 0.003375 0.0037
face 0.013575 0.013425 0.0095 0.0082
earli 0.013725 0.00975 0.011775 0.009425
mobil 0.0018 0.00055 0.008675 0.0334
firm 0.00295 0.001375 0.02535 0.014675
militari 0.041225 0.000175 0.00135 0.0015
tri 0.01565 0.010775 0.006675 0.011125
warn 0.016325 0.00305 0.01375 0.0107
rule 0.015725 0.005525 0.014325 0.008225
so 0.005975 0.016675 0.006725 0.01435
bid 0.007175 0.0084 0.020375 0.00765
return 0.010925 0.020925 0.0059 0.00565
bomb 0.041175 0.0007 0.000525 0.000925
follow 0.012225 0.012375 0.010575 0.0081
north 0.025525 0.006175 0.0057 0.005725
rate 0.0027 0.00125 0.034525 0.004625
under 0.015975 0.007025 0.0108 0.009275
loss 0.00235 0.016275 0.021175 0.0031
india 0.0199 0.01085 0.007325 0.004725
mani 0.010625 0.007125 0.00965 0.015275
right 0.012675 0.0178 0.004975 0.007175
rose 0.003 0.0024 0.034425 0.00275
consum 0.001775 5e-05 0.023075 0.0176
rival 0.007575 0.007525 0.015125 0.0121
give 0.00935 0.0125 0.00835 0.012075
2 0.003975 0.008325 0.01235 0.017475
beat 0.00325 0.032825 0.003875 0.002125
drug 0.006125 0.007775 0.023375 0.004775
support 0.015025 0.003775 0.0065 0.0166
buy 0.001975 0.001425 0.028175 0.010025
hold 0.012475 0.007175 0.015075 0.00685
japan 0.017675 0.004975 0.0102 0.00865
investor 0.0041 0.000325 0.033375 0.0035
still 0.01055 0.012475 0.0087 0.009575
file 0.0028 0.0032 0.0171 0.018125
ago 0.01185 0.010125 0.0078 0.0111
war 0.0296 0.001275 0.0035 0.006325
demand 0.0139 0.001225 0.019275 0.006225
number 0.0069 0.0087 0.009625 0.0154
reach 0.008325 0.013525 0.010275 0.00845
store 0.00095 0.000475 0.022525 0.0162
1 0.003025 0.016925 0.013375 0.00675
user 0.0004 0.0001 0.002475 0.037
retail 0.000775 0.000125 0.030875 0.00815
championship 0.001175 0.038325 0.0001 0.00025
cost 0.003025 0.002575 0.025 0.008975
wireless 5e-05 2.5e-05 0.01375 0.0255
recent 0.00835 0.004775 0.013425 0.01275
street 0.010025 0.001175 0.02395 0.0041
program 0.012175 0.003725 0.004975 0.018275
latest 0.008125 0.00375 0.008975 0.0181
man 0.01415 0.013975 0.0019 0.008675
biggest 0.004825 0.005425 0.022775 0.00565
un 0.0361 7.5e-05 0.00045 0.002
region 0.026975 0.000775 0.00665 0.004075
data 0.00115 0.0001 0.018475 0.0185
agenc 0.01775 0.002125 0.006375 0.011875
associ 0.00485 0.013975 0.008625 0.01065
result 0.00795 0.0049 0.01595 0.009225
googl 0.00055 7.5e-05 0.009075 0.02825
growth 0.002825 0.000225 0.0294 0.0055
put 0.008425 0.012475 0.008 0.00895
airlin 0.00405 0.00075 0.0312 0.00185
athen 0.005075 0.031925 0.00025 0.000575
want 0.01025 0.010925 0.006325 0.010275
australia 0.010025 0.017875 0.007425 0.00245
rise 0.005425 0.001125 0.026075 0.005
boston 0.002275 0.026175 0.007575 0.001325
do 0.00635 0.0097 0.00695 0.014225
commun 0.005075 0.00105 0.0136 0.0175
public 0.009075 0.002425 0.01465 0.01085
big 0.003175 0.014 0.009425 0.010275
car 0.0209 0.004 0.007875 0.004
vote 0.021 0.002875 0.006125 0.00675
post 0.0063 0.00445 0.0196 0.0064
chang 0.0089 0.006725 0.009325 0.011775
line 0.00395 0.0061 0.0134 0.01325
england 0.003225 0.028975 0.00305 0.0014
race 0.00585 0.025025 0.0022 0.00335
remain 0.010275 0.009875 0.009925 0.006325
higher 0.004025 0.000575 0.02895 0.002825
isra 0.035175 0.000525 0.000175 0.0005
allow 0.00785 0.005075 0.006625 0.0168
how 0.00575 0.008225 0.006975 0.015275
custom 0.00095 0.0002 0.011325 0.02375
foreign 0.027975 0.0004 0.0062 0.001575
sell 0.00215 0.000975 0.020125 0.01285
footbal 0.00075 0.033575 0.000675 0.001075
rais 0.006625 0.001925 0.02245 0.005
found 0.011875 0.00525 0.0055 0.0133
air 0.012525 0.002725 0.0156 0.00505
where 0.01555 0.00855 0.00385 0.007775
round 0.00415 0.026625 0.00195 0.0029
west 0.0194 0.011475 0.00255 0.002175
turn 0.007425 0.01125 0.006475 0.010425
global 0.0059 0.000575 0.0164 0.012675
site 0.007225 0.001475 0.0036 0.023225
nuclear 0.033475 2.5e-05 0.000475 0.0015
much 0.003825 0.0096 0.011275 0.01065
financi 0.0025 0.002175 0.02595 0.0046
sever 0.01115 0.004575 0.008175 0.0113
issu 0.01205 0.002875 0.009975 0.010275
six 0.011525 0.012875 0.00565 0.0051
20 0.007975 0.0136 0.007125 0.0064
econom 0.0083 0.000375 0.025025 0.001325
pay 0.003525 0.00275 0.021425 0.007325
window 0.001125 0.0005 0.002025 0.031125
effort 0.012175 0.002825 0.008475 0.011225
becom 0.0066 0.009725 0.00675 0.0115
version 0.001125 0.000675 0.00225 0.030475
nearli 0.009425 0.004375 0.0123 0.008375
milit 0.034075 0.0001 0.00015 0.00015
held 0.014375 0.008675 0.006925 0.004275
futur 0.004625 0.005075 0.016 0.0084
need 0.0066 0.01005 0.007175 0.010225
name 0.005625 0.011325 0.006625 0.0104
economi 0.005625 0.00015 0.02635 0.001575
fire 0.015325 0.00885 0.005125 0.0044
despit 0.0105 0.007 0.0109 0.005225
angel 0.003425 0.020025 0.004675 0.0055
contract 0.00145 0.01665 0.01065 0.004875
presidenti 0.025275 0.000325 0.004625 0.00335
press 0.01955 0.005975 0.0035 0.00445
took 0.0071 0.014825 0.00675 0.0048
fell 0.0023 0.00215 0.027975 0.001025
engin 0.0037 0.00095 0.005025 0.0237
gold 0.002375 0.02145 0.008375 0.001175
ibm 0.000125 2.5e-05 0.006725 0.0264
univers 0.0016 0.009725 0.004775 0.01715
fight 0.01595 0.0073 0.00385 0.00595
place 0.00695 0.0166 0.0039 0.00555
troop 0.03175 0.000125 0.00055 0.00055
francisco 0.000975 0.011375 0.01 0.0106
i 0.0024 0.010175 0.004175 0.016075
past 0.005625 0.012 0.007025 0.008125
hous 0.01645 0.001375 0.009725 0.005225
key 0.0102 0.003775 0.0114 0.007375
worker 0.015875 0.0002 0.013575 0.002975
should 0.008875 0.006325 0.008475 0.008875
defens 0.010025 0.01615 0.0036 0.00275
near 0.0174 0.0027 0.0083 0.004125
your 0.001325 0.00385 0.0068 0.02055
also 0.0061 0.00695 0.007275 0.01215
ani 0.009025 0.009475 0.005725 0.00815
mark 0.009525 0.01135 0.006675 0.004775
america 0.004075 0.003375 0.012275 0.01255
commiss 0.0076 0.0009 0.0168 0.006875
investig 0.012575 0.0035 0.01135 0.00475
sox 0.0012 0.030125 0.0004 0.00015
concern 0.0072 0.00285 0.016625 0.005075
sourc 0.008025 0.002725 0.005675 0.015125
begin 0.00755 0.00705 0.007 0.009775
around 0.00725 0.007275 0.0055 0.0113
appl 0.00015 0.0003 0.002125 0.0287
titl 0.001125 0.025575 0.000725 0.0038
russian 0.01395 0.00495 0.007825 0.0044
gain 0.003625 0.00235 0.02025 0.0049
parti 0.025525 0.00165 0.001575 0.0023
keep 0.0061 0.00875 0.008525 0.00765
scientist 0.0031 2.5e-05 0.00085 0.027025
good 0.003675 0.009825 0.009925 0.007325
miss 0.0086 0.01685 0.00265 0.00265
here 0.00885 0.011525 0.00405 0.006275
agreement 0.00745 0.0034 0.0121 0.00775
tokyo 0.009 0.0011 0.01575 0.004825
campaign 0.0165 0.003375 0.004075 0.0067
chicago 0.001525 0.015075 0.012325 0.001675
capit 0.0189 0.002425 0.006425 0.002725
possibl 0.00885 0.00485 0.00975 0.00695
ahead 0.01015 0.00655 0.0103 0.00325
both 0.0062 0.00945 0.0062 0.008325
pc 0.000175 7.5e-05 0.003825 0.0261
order 0.009775 0.00315 0.01085 0.0064
strong 0.00585 0.0047 0.016225 0.0034
hurrican 0.008725 0.003725 0.012875 0.0048
polit 0.02255 0.00075 0.00305 0.0037
match 0.001325 0.026175 0.0012 0.001325
wall 0.004075 0.0009 0.021875 0.00315
interest 0.002925 0.002225 0.019875 0.004875
men 0.010875 0.015725 0.001125 0.00215
free 0.006525 0.006875 0.00445 0.011925
chip 0.000825 0.0006 0.008825 0.0195
pass 0.00545 0.017475 0.0027 0.0041
octob 0.0054 0.003425 0.011775 0.009125
drop 0.004225 0.00495 0.015725 0.0048
fund 0.003 0.000775 0.022125 0.003775
gaza 0.029425 0.000175 5e-05 2.5e-05
11 0.008775 0.01065 0.007875 0.00235
receiv 0.004825 0.0122 0.006925 0.00565
accus 0.0175 0.0033 0.005375 0.003425
long 0.004775 0.01025 0.00535 0.009175
step 0.00905 0.004875 0.0078 0.007775
fall 0.00415 0.004675 0.01565 0.005
author 0.01695 0.0014 0.004925 0.006125
septemb 0.004725 0.00325 0.01445 0.006975
australian 0.01095 0.008875 0.007275 0.00225
europ 0.00635 0.0046 0.00935 0.009
late 0.0075 0.0084 0.00835 0.00495
own 0.004625 0.0059 0.008125 0.01055
field 0.00225 0.019225 0.0045 0.003175
bill 0.00595 0.006875 0.007875 0.00845
media 0.0062 0.0035 0.008775 0.01065
video 0.004675 0.000775 0.00295 0.020625
appear 0.00905 0.00825 0.004075 0.0076
design 0.00195 0.0014 0.00395 0.0215
corpor 0.00135 0.000375 0.018475 0.008475
depart 0.00545 0.001425 0.01325 0.00855
member 0.01415 0.00465 0.005 0.004875
decis 0.0077 0.0092 0.00685 0.004925
russia 0.01515 0.005125 0.00555 0.00275
lower 0.0027 0.001425 0.02075 0.003625
seven 0.010725 0.0104 0.003925 0.0034
center 0.00455 0.008775 0.0041 0.011025
ad 0.004 0.007375 0.00665 0.0104
build 0.008275 0.0023 0.00775 0.010075
franc 0.012725 0.008 0.0044 0.003225
confer 0.006 0.011725 0.0029 0.007675
again 0.00455 0.01075 0.0073 0.005625
2005 0.00245 0.00625 0.009825 0.0096
school 0.013725 0.00715 0.00195 0.0053
such 0.00565 0.00225 0.00785 0.012325
devic 0.0014 2.5e-05 0.005225 0.0214
per 0.002325 0.001675 0.017675 0.006325
profil 0.000525 0.000175 0.02435 0.002925
aim 0.008875 0.0015 0.0054 0.012175
might 0.005175 0.008925 0.00575 0.007975
battl 0.00885 0.005325 0.0064 0.00705
rebel 0.025975 0.0004 0.001025 7.5e-05
electron 0.001 0.00035 0.008275 0.017725
peac 0.025475 0.000525 0.000675 0.00065
find 0.0049 0.003925 0.00565 0.012775
fourth 0.00375 0.013325 0.00645 0.003725
whether 0.008875 0.00515 0.007375 0.005775
case 0.008 0.004375 0.007375 0.00735
control 0.007975 0.0033 0.007475 0.008325
half 0.00405 0.009525 0.007475 0.00595
star 0.0036 0.01515 0.0021 0.006125
oracl 0.000125 7.5e-05 0.012875 0.013875
digit 0.0004 0.000125 0.004425 0.02195
she 0.0065 0.011825 0.005225 0.00335
french 0.017125 0.00375 0.00385 0.002125
server 0.0001 7.5e-05 0.001175 0.025475
well 0.00395 0.00755 0.005575 0.00965
crude 0.002175 0.000275 0.024 0.000225
michael 0.0028 0.01405 0.0069 0.0029
approv 0.007125 0.001625 0.013025 0.004775
propos 0.008125 0.00275 0.0097 0.00595
30 0.0072 0.00955 0.005325 0.004425
target 0.00755 0.002475 0.0083 0.008125
death 0.02125 0.001775 0.0009 0.0025
invest 0.001125 0.00075 0.02095 0.003575
inform 0.005325 0.001575 0.0056 0.0139
12 0.00605 0.009825 0.0056 0.0049
fan 0.001425 0.018375 0.000975 0.005525
person 0.004925 0.0031 0.005475 0.0128
lo 0.003275 0.0124 0.004675 0.005925
leav 0.009025 0.00815 0.004875 0.00395
novemb 0.005725 0.00265 0.009175 0.008425
northern 0.019075 0.001475 0.0034 0.002
canadian 0.015075 0.0026 0.005375 0.0029
creat 0.003425 0.00165 0.008025 0.012825
southern 0.015775 0.006175 0.0019 0.002025
reserv 0.001925 0.002825 0.02005 0.001075
japanes 0.0097 0.0022 0.008225 0.00565
board 0.003325 0.0047 0.0131 0.00465
hand 0.007475 0.00965 0.003775 0.00485
florida 0.005375 0.0123 0.004625 0.00345
club 0.0013 0.022 0.001625 0.000775
told 0.00995 0.006325 0.005075 0.004325
fail 0.008 0.006225 0.00735 0.004075
boost 0.004025 0.00135 0.0143 0.005925
suppli 0.003325 0.0004 0.0177 0.00415
st 0.00185 0.018825 0.00135 0.003525
produc 0.004125 0.00325 0.0127 0.00545
pakistan 0.0206 0.00425 0.000525 0.0001
posit 0.0046 0.009775 0.00625 0.00475
central 0.012475 0.00225 0.008375 0.002275
due 0.0052 0.003825 0.011525 0.0048
yanke 0.001475 0.02335 0.0001 0.000425
improv 0.00365 0.00285 0.009025 0.0098
energi 0.004775 0.00095 0.0164 0.003125
ask 0.00645 0.00555 0.00645 0.006775
email 0.000525 0.000275 0.002075 0.02235
britain 0.01265 0.00455 0.005075 0.00295
televis 0.00835 0.0043 0.00525 0.007325
away 0.0052 0.010275 0.0036 0.006075
without 0.0053 0.0086 0.004025 0.0072
see 0.004625 0.006575 0.00485 0.008875
thirdquart 0.000625 0.000175 0.0221 0.002025
intel 0.000225 2.5e-05 0.00495 0.019575
armi 0.02005 0.000525 0.00335 0.000775
best 0.002875 0.012225 0.004125 0.005425
soldier 0.023125 0.000525 0.000275 0.000675
weekend 0.00715 0.0104 0.00535 0.001625
across 0.008925 0.002025 0.005075 0.0085
littl 0.0035 0.00825 0.00705 0.00565
base 0.006725 0.002775 0.004375 0.01055
applic 0.000675 0.000125 0.003225 0.02035
analyst 0.002875 0.00055 0.01375 0.007125
die 0.015125 0.00435 0.000875 0.0039
shot 0.008025 0.0131 0.00165 0.00145
injur 0.015225 0.00855 0.0002 0.000225
administr 0.008425 0.00055 0.0087 0.006475
california 0.0012 0.00725 0.005675 0.010025
visit 0.0156 0.005175 0.001375 0.001975
amp 0.00065 0.001225 0.01955 0.002675
15 0.00575 0.005825 0.007 0.0055
hostag 0.02365 5e-05 0.0001 0.000225
alleg 0.010925 0.0031 0.006325 0.003625
women 0.00805 0.011575 0.001825 0.0024
question 0.006425 0.006525 0.00465 0.00625
regul 0.00125 0.000625 0.016475 0.005475
account 0.002325 0.00065 0.0152 0.0056
grow 0.0045 0.0013 0.0087 0.009175
nasa 0.00025 2.5e-05 0.0001 0.0233
perform 0.00225 0.008 0.00625 0.00715
judg 0.006875 0.002875 0.009025 0.00485
stop 0.0082 0.00595 0.004275 0.005175
problem 0.00355 0.004575 0.00475 0.0107
life 0.0072 0.004825 0.00445 0.0071
iran 0.02215 0.0004 0.000525 0.00045
exchang 0.0028 0.001425 0.016025 0.003275
challeng 0.006125 0.008325 0.00395 0.0051
israel 0.021875 0.000625 0.000375 0.0006
organ 0.00635 0.002825 0.00665 0.0076
arrest 0.014975 0.00325 0.00145 0.00375
peoplesoft 0.00015 2.5e-05 0.013175 0.01005
uk 0.00315 0.00045 0.010025 0.00975
forecast 0.000975 0.0004 0.019225 0.002775
chairman 0.003225 0.00265 0.013625 0.00385
morn 0.00585 0.007575 0.006025 0.003875
insur 0.00095 0.0002 0.0211 0.001
lost 0.003525 0.0114 0.0049 0.003425
success 0.00415 0.00775 0.0033 0.00805
sun 0.000775 0.0046 0.001875 0.016
caus 0.0087 0.0023 0.004875 0.007325
complet 0.003775 0.009625 0.003875 0.005925
decid 0.00585 0.0071 0.005375 0.004875
hour 0.0098 0.005725 0.0027 0.00495
straight 0.001875 0.015525 0.00515 0.000625
strike 0.01135 0.00275 0.00765 0.0014
prepar 0.010075 0.00475 0.0034 0.0049
protect 0.0049 0.001025 0.006725 0.010475
medal 0.001675 0.0211 2.5e-05 0.0003
ralli 0.004825 0.009625 0.0082 0.00045
quarterli 0.000125 2.5e-05 0.021025 0.001925
histori 0.00345 0.0121 0.00275 0.00475
push 0.00605 0.002125 0.007675 0.007175
low 0.00175 0.002425 0.01625 0.002575
competit 0.001175 0.00655 0.008175 0.007025
democrat 0.020025 0.00025 0.001375 0.001275
senior 0.013125 0.0033 0.00365 0.002825
houston 0.000875 0.01785 0.003125 0.001
live 0.0071 0.002975 0.003775 0.008975
drive 0.003375 0.00595 0.004 0.009475
did 0.004775 0.01075 0.00355 0.003725
oct 0.009125 0.0053 0.004 0.004325
goal 0.00145 0.01825 0.001075 0.001975
trial 0.0101 0.00255 0.00655 0.003525
believ 0.006875 0.007675 0.00185 0.0063
law 0.0086 0.001225 0.0063 0.006475
revenu 0.000575 0.000275 0.014675 0.007075
attempt 0.008 0.00425 0.00415 0.006175
touchdown 0.00025 0.02225 2.5e-05 5e-05
studi 0.00195 0.0006 0.004075 0.0159
few 0.00415 0.006125 0.003725 0.008525
led 0.0057 0.00735 0.006325 0.00305
among 0.006375 0.004575 0.004875 0.0066
join 0.0061 0.0064 0.003725 0.00615
wound 0.0207 0.000875 0.0004 0.00035
area 0.0114 0.001575 0.004075 0.00525
korea 0.016825 0.001875 0.001525 0.002025
tax 0.003325 0.0003 0.01745 0.001175
thousand 0.012325 0.0015 0.00255 0.005825
critic 0.010275 0.002875 0.00275 0.006275
eight 0.007775 0.009 0.002575 0.002825
divis 0.002075 0.011525 0.0048 0.003725
those 0.00435 0.0047 0.00405 0.009
stadium 0.0007 0.02075 0.0005 7.5e-05
suspect 0.018425 0.000575 0.0007 0.00225
net 0.000725 0.005075 0.0101 0.006025
action 0.00615 0.00625 0.004825 0.0047
spend 0.0031 0.001475 0.012 0.0053
health 0.007725 0.000975 0.008875 0.004225
almost 0.0054 0.00465 0.0064 0.00535
bring 0.005975 0.003975 0.00405 0.007725
defeat 0.002925 0.017725 0.00055 0.000525
david 0.002725 0.0145 0.0023 0.0022
terror 0.0196 0.0001 0.0008 0.0012
grand 0.002075 0.0156 0.00135 0.002675
aid 0.01635 0.0003 0.0033 0.001725
advanc 0.0021 0.00485 0.00445 0.010275
barrel 0.00205 0.00015 0.0191 0.0003
kerri 0.01675 0.0013 0.001875 0.001675
arm 0.014175 0.0024 0.003325 0.0017
linux 7.5e-05 2.5e-05 0.000675 0.0208
side 0.003875 0.012425 0.002225 0.003
basebal 0.00065 0.01975 0.00055 0.00055
list 0.00285 0.007325 0.004525 0.00675
human 0.00785 0.0009 0.001 0.011625
3 0.001825 0.00735 0.007375 0.004775
send 0.006125 0.00335 0.005275 0.006525
access 0.002675 0.00015 0.00335 0.0151
inning 0.001775 0.019425 5e-05 2.5e-05
we 0.00265 0.006925 0.0025 0.009175
threaten 0.01215 0.00185 0.003575 0.00365
began 0.0085 0.004875 0.0039 0.003925
18 0.0045 0.006875 0.006925 0.00285
consid 0.00605 0.00415 0.0063 0.0046
food 0.004825 0.000325 0.012125 0.00375
fear 0.00915 0.002125 0.0073 0.002425
william 0.00145 0.016675 0.001575 0.0012
earlier 0.005575 0.003525 0.006425 0.00535
secretari 0.01565 0.00055 0.0035 0.001075
ltd 0.0006 0.000175 0.015525 0.004425
nov 0.0076 0.004925 0.003725 0.004475
same 0.003275 0.005475 0.003875 0.008075
came 0.0048 0.0102 0.003125 0.002575
small 0.0042 0.0014 0.004275 0.010825
manufactur 0.0013 0.0005 0.0115 0.00735
emerg 0.0068 0.0025 0.005925 0.0054
toward 0.00755 0.003875 0.005175 0.004
seek 0.00735 0.001925 0.007075 0.004125
east 0.0092 0.0084 0.00175 0.001125
got 0.002425 0.010825 0.003425 0.003775
toronto 0.00205 0.011075 0.00635 0.00095
popular 0.00355 0.0009 0.0042 0.011675
explos 0.017275 0.0006 0.00065 0.0018
better 0.0026 0.005775 0.004325 0.00755
behind 0.0052 0.0072 0.003075 0.0047
arafat 0.02005 2.5e-05 2.5e-05 7.5e-05
less 0.003675 0.00495 0.005425 0.0061
amid 0.0079 0.0008 0.010025 0.001325
level 0.0025 0.002175 0.0115 0.003875
texa 0.002375 0.01095 0.003475 0.003225
threat 0.009 0.00185 0.00265 0.0065
fuel 0.00355 0.00025 0.01315 0.003025
declin 0.001775 0.001375 0.01355 0.00325
august 0.0029 0.001775 0.011725 0.003525
larg 0.00575 0.0012 0.0062 0.00675
defend 0.003875 0.012475 0.001625 0.001925
lawsuit 0.00145 0.0011 0.008275 0.009
prison 0.0143 0.000425 0.0036 0.0015
21 0.003825 0.0106 0.003225 0.002125
germani 0.00745 0.0051 0.00435 0.002875
cent 0.001475 0.000675 0.015 0.002575
flight 0.0034 0.0009 0.006375 0.009025
quarterback 0.000175 0.019475 2.5e-05 2.5e-05
struggl 0.00395 0.0052 0.008225 0.00225
alreadi 0.003375 0.00575 0.004275 0.0062
darfur 0.01945 2.5e-05 7.5e-05 5e-05
publish 0.0033 0.001025 0.006375 0.0089
station 0.007725 0.000825 0.002225 0.008825
negoti 0.010175 0.002625 0.005775 0.001025
afghanistan 0.0192 7.5e-05 0.000125 0.000175
privat 0.00305 0.001175 0.007975 0.007325
initi 0.002875 0.001025 0.0087 0.0069
unveil 0.001175 0.001225 0.00315 0.0139
yard 0.000875 0.0181 0.000125 0.00035
pari 0.009375 0.0046 0.002925 0.002525
bankruptci 0.000525 0.00015 0.01785 0.0009
4 0.001825 0.00715 0.005675 0.00475
main 0.00795 0.0024 0.005275 0.003725
confirm 0.006675 0.0044 0.0042 0.00405
yet 0.003175 0.006075 0.0039 0.006175
term 0.0085 0.00385 0.004475 0.002475
too 0.00275 0.007175 0.0034 0.005975
offens 0.006525 0.0119 0.000225 0.00065
indian 0.00865 0.006325 0.0022 0.00205
14 0.0047 0.005975 0.005075 0.00345
famili 0.0092 0.002475 0.003725 0.00375
extend 0.004175 0.004225 0.00575 0.004975
project 0.002975 0.00055 0.005 0.010575
canada 0.00395 0.004375 0.0082 0.002575
euro 0.001625 0.00095 0.015725 0.0008
process 0.00665 0.0011 0.00315 0.008175
real 0.001675 0.01015 0.003675 0.00355
local 0.0062 0.002675 0.004575 0.005575
featur 0.000725 0.0021 0.001175 0.014975
acquir 0.000725 0.001775 0.010075 0.0064
opposit 0.015625 0.00095 0.001125 0.00125
watch 0.00505 0.005675 0.003475 0.00475
13 0.004675 0.006475 0.0044 0.003375
current 0.0024 0.002375 0.007 0.00715
carri 0.0087 0.0041 0.0014 0.004725
bodi 0.010375 0.003675 0.001375 0.003425
gave 0.004325 0.007575 0.00465 0.002225
pull 0.0054 0.0069 0.00395 0.0025
sept 0.00885 0.002775 0.004425 0.0027
arsen 0.001025 0.016875 0.000125 0.000675
50 0.004225 0.003 0.0083 0.00315
import 0.004125 0.002675 0.00605 0.00575
georg 0.0099 0.003025 0.003625 0.002
doubl 0.002275 0.00705 0.00585 0.003375
outsid 0.01 0.002675 0.0026 0.00325
chanc 0.003425 0.01045 0.001925 0.002725
lose 0.00175 0.01085 0.003725 0.002175
tour 0.00205 0.015025 0.000575 0.000825
takeov 0.0007 0.00205 0.011525 0.004175
ban 0.007275 0.0054 0.002725 0.00305
151 0.006125 0.0063 0.000675 0.00535
within 0.005025 0.00355 0.003875 0.006
director 0.003525 0.00375 0.007325 0.0038
clear 0.005025 0.0051 0.00485 0.0034
german 0.006425 0.0031 0.00475 0.0041
financ 0.003575 0.001325 0.012325 0.001125
25 0.00405 0.005675 0.0054 0.003225
cash 0.00135 0.001075 0.012075 0.0038
ever 0.003025 0.0054 0.003175 0.0067
insurg 0.01785 7.5e-05 0.000225 0.00015
western 0.013375 0.002 0.0014 0.00145
sudan 0.018025 5e-05 0.0001 5e-05
chines 0.00765 0.002025 0.0057 0.00285
storm 0.010775 0.002825 0.002375 0.00225
island 0.01105 0.00235 0.0011 0.0037
event 0.002875 0.009675 0.001525 0.004125
old 0.003075 0.00885 0.00205 0.0042
expand 0.0028 0.0007 0.007425 0.007225
soon 0.004 0.002925 0.004625 0.006575
nine 0.005975 0.007325 0.0028 0.002025
desktop 5e-05 2.5e-05 0.00085 0.01715
cell 0.0016 0.000275 0.002475 0.0137
white 0.006375 0.006625 0.0018 0.00325
employe 0.003 0.000275 0.011325 0.003425
injuri 0.0019 0.014725 0.000475 0.0009
radio 0.00265 0.001475 0.006425 0.0074
onc 0.0037 0.005275 0.003225 0.005725
break 0.004425 0.0061 0.003875 0.00345
appeal 0.006625 0.0028 0.0047 0.003725
replac 0.00365 0.005325 0.003975 0.0049
activ 0.0059 0.0024 0.004975 0.004575
each 0.00285 0.00635 0.003375 0.00525
african 0.013025 0.002075 0.0019 0.0008
ga 0.004975 0.001075 0.00935 0.0024
paul 0.0046 0.00905 0.001875 0.00225
17 0.004325 0.00665 0.004075 0.002725
16 0.004425 0.0067 0.003775 0.00285
travel 0.00385 0.002025 0.00645 0.005375
until 0.004225 0.005325 0.0032 0.004925
promis 0.006525 0.0022 0.00325 0.0057
violenc 0.0156 0.0005 0.001075 0.0005
messag 0.00245 0.00165 0.001375 0.0122
avail 0.00075 0.001475 0.00155 0.01385
jump 0.001275 0.003075 0.010925 0.00235
legal 0.00355 0.000975 0.005925 0.00715
tie 0.0054 0.00935 0.001675 0.001175
finish 0.001525 0.013525 0.00165 0.00085
5 0.002575 0.006425 0.00565 0.0028
weapon 0.014925 0.00035 0.000625 0.001525
enough 0.002575 0.00625 0.003775 0.0048
minut 0.001975 0.012875 0.000725 0.001775
met 0.0052 0.009375 0.0013 0.001475
money 0.00265 0.003 0.0072 0.004475
far 0.003675 0.00455 0.0045 0.0046
muslim 0.01695 5e-05 0.000175 0.000125
bowl 0.000325 0.016475 0.000275 0.0002
yasser 0.01715 2.5e-05 2.5e-05 7.5e-05
train 0.008475 0.00505 0.0013 0.002425
polici 0.00725 0.001475 0.005425 0.0031
taken 0.006825 0.00365 0.00265 0.0041
involv 0.006 0.003725 0.003975 0.003525
hospit 0.010325 0.0026 0.00305 0.00125
standard 0.001225 0.000925 0.004 0.01105
arriv 0.0084 0.0041 0.001825 0.002875
motor 0.000975 0.00155 0.013075 0.0015
let 0.002025 0.003725 0.003075 0.008275
manchest 0.000525 0.015925 0.00045 0.0002
annual 0.0029 0.001625 0.00885 0.0037
guard 0.0078 0.0076 0.0007 0.000975
bay 0.0034 0.011675 0.001125 0.000825
decad 0.00705 0.001975 0.00435 0.003625
council 0.011025 0.003225 0.001375 0.001375
soni 0.000225 0.00015 0.003325 0.013275
green 0.003525 0.010875 0.00115 0.001375
then 0.002825 0.007725 0.0019 0.004475
seem 0.002475 0.006475 0.002625 0.005325
hundr 0.0094 0.001075 0.002625 0.003775
africa 0.0076 0.00595 0.001775 0.00155
100 0.0051 0.00415 0.003825 0.003775
great 0.003 0.006875 0.0016 0.00535
know 0.00145 0.00755 0.0023 0.00545
suggest 0.004825 0.0018 0.00475 0.005375
pressur 0.00625 0.002425 0.00595 0.002125
stake 0.000975 0.002575 0.011425 0.001775
schedul 0.00325 0.006425 0.0029 0.004175
stand 0.004275 0.007775 0.00255 0.00215
link 0.006375 0.00185 0.00195 0.00655
worri 0.002 0.001725 0.0104 0.002575
urg 0.010825 0.0008 0.0027 0.002375
dead 0.0135 0.0013 0.000475 0.001425
export 0.002825 5e-05 0.012925 0.00085
thing 0.001325 0.007575 0.002425 0.0053
effect 0.00245 0.002125 0.00695 0.0051
introduc 0.0012 0.002025 0.0019 0.0115
strip 0.01375 0.00165 0.000825 0.0004
coast 0.00905 0.003275 0.001825 0.002425
reduc 0.00255 0.001025 0.00905 0.0039
heart 0.0052 0.003 0.004725 0.003575
terrorist 0.0139 0.000275 0.00095 0.00135
beij 0.0094 0.002775 0.002375 0.001925
park 0.001675 0.010975 0.00175 0.00205
survey 0.00185 0.000225 0.008325 0.005975
pm 0.001725 0.009925 0.001125 0.0036
protest 0.0123 0.0014 0.001875 0.000775
delay 0.00445 0.001975 0.0048 0.0051
slow 0.001825 0.001675 0.0099 0.0029
candid 0.0107 0.0019 0.00145 0.00225
miami 0.001275 0.0142 0.000325 0.0005
host 0.001425 0.0086 0.00115 0.0051
seattl 0.0004 0.01115 0.001425 0.0033
went 0.00385 0.00745 0.0024 0.00255
spain 0.003275 0.0108 0.001025 0.00115
save 0.003075 0.003325 0.005875 0.00395
figur 0.004075 0.00325 0.00615 0.0027
card 0.00085 0.0042 0.0039 0.007225
toni 0.011675 0.0034 0.00055 0.000525
updat 0.00055 0.0003 0.001625 0.0136
reject 0.00665 0.002025 0.0049 0.0025
further 0.004275 0.002075 0.0066 0.003125
enter 0.004425 0.003525 0.002725 0.005375
qualifi 0.0008 0.0146 0.00025 0.00035
expert 0.003775 0.00065 0.002475 0.00905
potenti 0.002675 0.00255 0.0049 0.005825
al 0.008925 0.00645 0.0003 0.000275
practic 0.00105 0.00795 0.004875 0.002075
resign 0.0053 0.00495 0.0039 0.0018
cp 0.008225 0.002925 0.004275 0.000525
think 0.0017 0.0057 0.00265 0.005875
holiday 0.00165 0.00065 0.009125 0.0045
madrid 0.002575 0.012825 0.0002 0.000325
retir 0.001875 0.007125 0.005625 0.0013
career 0.00125 0.013575 0.000575 0.0005
tv 0.003375 0.00295 0.002725 0.006825
islam 0.0152 0.000175 0.00025 0.000225
troubl 0.005825 0.0032 0.0048 0.002
moscow 0.00795 0.003025 0.004025 0.000775
19 0.00305 0.0061 0.004475 0.002125
movi 0.00185 0.00075 0.003375 0.00975
suffer 0.00395 0.006575 0.002575 0.002625
children 0.009775 0.00065 0.00215 0.003125
surg 0.002275 0.00125 0.010375 0.001725
rocket 0.006025 0.00305 0.0003 0.00625
colleg 0.000675 0.0119 0.000925 0.002125
reveal 0.003 0.00375 0.003225 0.0056
owner 0.000475 0.00675 0.005025 0.0033
risk 0.003325 0.000975 0.00615 0.0051
track 0.001725 0.005475 0.00215 0.0062
heat 0.00135 0.004075 0.007625 0.00245
stage 0.003975 0.0075 0.002 0.002
must 0.0055 0.00335 0.003275 0.00335
settl 0.000975 0.001575 0.010075 0.002825
town 0.01135 0.00175 0.00105 0.001275
download 0.000125 2.5e-05 0.000975 0.014275
equip 0.002025 0.00035 0.006325 0.0067
crash 0.006925 0.004 0.001075 0.003375
medic 0.00645 0.001225 0.00495 0.0027
64 0.001125 0.012425 0.0005 0.001275
atlanta 0.000625 0.01135 0.00275 0.0006
express 0.00485 0.00275 0.00445 0.00325
italian 0.008525 0.003425 0.00285 0.0005
ipod 2.5e-05 2.5e-05 0.00105 0.014175
nfl 0.00015 0.0143 0.000175 0.000625
domin 0.00225 0.006 0.002025 0.00495
enterpris 0.000125 0.0001 0.002625 0.01235
water 0.0049 0.001375 0.00225 0.0066
tool 0.0004 0.000125 0.001475 0.013125
known 0.003875 0.0023 0.0023 0.006625
everi 0.002225 0.00585 0.0023 0.004675
7 0.001775 0.007 0.0037 0.002575
respons 0.007425 0.0012 0.0025 0.0039
disput 0.006925 0.001475 0.004575 0.00205
tournament 0.000475 0.014275 7.5e-05 0.000175
yahoo 2.5e-05 2.5e-05 0.001475 0.013425
labor 0.0048 0.0013 0.008125 0.000725
lift 0.00345 0.005125 0.00525 0.0011
carrier 0.00095 7.5e-05 0.010425 0.003475
never 0.0028 0.00725 0.0017 0.0031
sent 0.00445 0.0035 0.003125 0.0037
surpris 0.002575 0.005525 0.0043 0.00235
damag 0.004275 0.00185 0.0043 0.004325
basketbal 0.000525 0.0139 0.0002 0.000125
pitch 0.0012 0.012175 0.0005 0.00085
imag 0.002075 0.000775 0.001775 0.010025
form 0.002125 0.0038 0.00305 0.00565
24 0.003675 0.0053 0.003875 0.001775
eu 0.008925 5e-05 0.003975 0.0016
ship 0.001375 0.0002 0.00245 0.0105
detroit 0.0005 0.010725 0.002925 0.000325
tiger 0.00205 0.0113 0.000225 0.000875
newspap 0.0056 0.001425 0.00545 0.00195
ground 0.00425 0.003675 0.003475 0.003025
relat 0.0055 0.0006 0.005225 0.003075
poll 0.010175 0.002125 0.00085 0.001225
stay 0.00325 0.0051 0.003725 0.002275
illeg 0.00375 0.00085 0.00265 0.0071
jet 0.00285 0.006325 0.0029 0.002275
machin 0.00115 0.000425 0.002525 0.010225
suspend 0.004675 0.005975 0.00205 0.00155
sold 0.000625 0.000725 0.00675 0.00615
averag 0.00115 0.0013 0.010275 0.001475
land 0.00505 0.0022 0.002325 0.004625
ceo 0.0001 0.000175 0.0065 0.0074
full 0.003575 0.003275 0.00305 0.004225
playoff 0.000475 0.0135 5e-05 7.5e-05
shop 0.00155 0.000525 0.006725 0.005275
connect 0.001975 0.001025 0.002675 0.0084
estim 0.0016 0.0002 0.009225 0.00305
later 0.00325 0.0033 0.0036 0.0039
award 0.002875 0.0062 0.0016 0.003375
philadelphia 0.000275 0.010625 0.001975 0.001175
seen 0.00425 0.00235 0.003325 0.0041
wide 0.002325 0.00465 0.003125 0.003925
worth 0.0011 0.0026 0.007025 0.003275
calif 0.0014 0.004325 0.0024 0.00585
brown 0.000675 0.0103 0.002425 0.000575
readi 0.00435 0.003875 0.001775 0.00395
pick 0.001725 0.0073 0.00295 0.00195
benefit 0.00105 0.00065 0.009275 0.0029
rank 0.001175 0.00685 0.00295 0.002875
kidnap 0.013375 0.00025 7.5e-05 0.00015
captain 0.001 0.0125 5e-05 0.0003
blue 0.00115 0.005325 0.0037 0.00365
loui 0.00055 0.011925 0.0008 0.00055
staff 0.004625 0.003225 0.004025 0.00195
singl 0.001725 0.0065 0.00135 0.004225
book 0.0015 0.003675 0.00355 0.005075
controversi 0.004675 0.003975 0.002325 0.0028
statement 0.00605 0.00205 0.00295 0.0027
special 0.0034 0.002175 0.00275 0.0054
discuss 0.005275 0.0021 0.002975 0.003375
decemb 0.00215 0.0026 0.00445 0.004525
cite 0.002525 0.00115 0.0069 0.003125
eas 0.002975 0.001275 0.008325 0.001125
suicid 0.012825 2.5e-05 0.000375 0.000475
confid 0.0028 0.0035 0.0059 0.001475
winter 0.000825 0.00315 0.008675 0.001025
differ 0.002725 0.003375 0.002175 0.00535
short 0.00265 0.004825 0.003375 0.00275
plant 0.003075 0.0001 0.0066 0.003825
mike 0.0004 0.01145 0.000275 0.00145
withdraw 0.010125 0.000925 0.00205 0.000475
processor 5e-05 2.5e-05 0.00075 0.012725
outlook 0.000825 0.000275 0.01005 0.002375
though 0.00205 0.0044 0.003825 0.00325
sharehold 0.0002 0.00045 0.0111 0.001775
spokesman 0.00965 0.000725 0.0016 0.001525
black 0.0041 0.00275 0.004625 0.001875
fresh 0.004475 0.00135 0.005775 0.001725
steve 0.000675 0.007925 0.000825 0.0039
partner 0.0016 0.001475 0.004625 0.005625
repres 0.0038 0.00185 0.00455 0.003125
republican 0.01 0.000125 0.002125 0.001075
hard 0.0014 0.003275 0.002125 0.00645
40 0.003675 0.004275 0.0027 0.0026
22 0.003075 0.006125 0.0022 0.001825
avoid 0.0037 0.00275 0.00475 0.002
2006 0.001225 0.005675 0.002975 0.0033
satellit 0.001275 0.0004 0.004825 0.00665
abov 0.00125 0.000875 0.009175 0.00185
airway 0.0012 5e-05 0.01175 0.000125
block 0.00285 0.002275 0.003675 0.0043
mission 0.004 0.000475 0.0004 0.008225
deliv 0.003 0.0015 0.002675 0.0059
celebr 0.00375 0.0062 0.0014 0.0017
plane 0.006325 0.0014 0.00305 0.002275
given 0.003225 0.004275 0.00275 0.002775
doe 0.002775 0.0031 0.002875 0.004225
tech 0.0002 0.005175 0.002975 0.0046
accept 0.0044 0.0033 0.003425 0.001825
camp 0.008575 0.003175 0.00055 0.00065
aug 0.0043 0.0031 0.003575 0.0019
browser 5e-05 2.5e-05 0.0001 0.0127
earth 0.0011 0.000475 0.0004 0.01085
rang 0.0024 0.000725 0.004525 0.005175
homer 0.000925 0.01175 5e-05 0.0001
airport 0.005725 0.000675 0.004675 0.001725
young 0.0038 0.005875 0.001025 0.002075
speed 0.0014 0.002175 0.0014 0.00775
acquisit 0.0001 0.000325 0.008375 0.003925
total 0.002075 0.0035 0.003875 0.00325
purchas 0.00035 0.000725 0.006575 0.005025
cricket 0.0008 0.0118 5e-05 2.5e-05
road 0.004075 0.005275 0.00115 0.00215
2003 0.001875 0.0028 0.003 0.004975
explor 0.000525 0.000175 0.0013 0.010625
edg 0.001675 0.003675 0.005125 0.00215
crisi 0.009275 0.0009 0.002 0.00045
draw 0.0016 0.008325 0.000975 0.0017
direct 0.004125 0.0015 0.0035 0.003475
commerci 0.001725 0.000625 0.004325 0.0059
blair 0.011825 7.5e-05 0.000375 0.000275
forward 0.00215 0.0067 0.001525 0.00215
asian 0.0048 0.0006 0.00535 0.00175
pilot 0.001225 0.00045 0.0077 0.0031
abl 0.0017 0.00295 0.001525 0.0063
singapor 0.001825 0.000125 0.009 0.0015
winner 0.0018 0.0088 0.000675 0.001175
athlet 0.000325 0.0108 0.00075 0.000575
advertis 0.000775 0.00035 0.00565 0.00565
focu 0.002 0.00105 0.003925 0.005425
memori 0.001325 0.00245 0.001625 0.007
storag 0.00015 2.5e-05 0.001325 0.0109
6 0.00175 0.004975 0.003575 0.002075
ivan 0.005025 0.0017 0.004725 0.000925
thought 0.0023 0.004 0.00235 0.0037
blast 0.00885 0.00105 0.0004 0.00205
debat 0.0073 0.001125 0.0016 0.002325
minnesota 0.0007 0.0109 0.0003 0.00045
debt 0.002 0.0003 0.0099 0.00015
wait 0.00225 0.0049 0.00225 0.002925
entertain 0.00025 0.000875 0.004425 0.006775
23 0.002825 0.004425 0.0032 0.001875
senat 0.0071 0.00065 0.00275 0.00175
vehicl 0.004125 0.00035 0.004825 0.00295
whose 0.003675 0.00275 0.002675 0.003125
summer 0.00155 0.005525 0.003075 0.00205
appar 0.0054 0.002675 0.00125 0.002875
predict 0.00145 0.0021 0.0038 0.004825
jone 0.0013 0.006775 0.003775 0.000325
ireland 0.005375 0.0042 0.00125 0.00135
model 0.000775 0.00075 0.00235 0.008275
our 0.001325 0.001775 0.002275 0.006775
spot 0.001825 0.005425 0.001175 0.003725
w 0.0074 0.000575 0.003075 0.0011
light 0.002675 0.002075 0.003325 0.004025
crowd 0.0039 0.00585 0.000725 0.001625
committe 0.00315 0.004625 0.002525 0.001775
voter 0.008925 0.00045 0.0006 0.002075
soccer 0.000475 0.010975 0.000125 0.000475
check 0.001725 0.0012 0.0048 0.0043
evid 0.003525 0.0011 0.002725 0.004675
assist 0.00195 0.006775 0.001025 0.002275
afghan 0.0119 2.5e-05 5e-05 2.5e-05
dozen 0.0074 0.00085 0.001275 0.00245
hear 0.00245 0.003025 0.0036 0.0029
safeti 0.0019 0.00245 0.004475 0.003125
along 0.003975 0.0024 0.001825 0.003725
greec 0.003275 0.007625 0.000575 0.00045
closer 0.002475 0.0046 0.0021 0.00275
attorney 0.001675 0.0015 0.006475 0.00225
rebound 0.000325 0.0067 0.0045 0.000375
hotel 0.003725 0.00135 0.005725 0.001075
wit 0.008725 0.00125 0.00085 0.00105
cbsmw 0.0001 0.0001 0.0111 0.000575
roll 0.001475 0.00325 0.00155 0.005575
9 0.004125 0.002975 0.00245 0.0023
chain 0.00055 0.000225 0.009425 0.00165
sharon 0.011525 2.5e-05 0.000175 0.000125
these 0.00135 0.003375 0.001425 0.005675
interim 0.0092 0.0007 0.001325 0.000575
januari 0.005125 0.0014 0.0027 0.002575
davi 0.00025 0.007575 0.00025 0.0037
limit 0.0017 0.001525 0.004925 0.003625
becam 0.001825 0.0066 0.001625 0.001725
condit 0.004975 0.002275 0.002425 0.002075
semifin 0.000675 0.011025 2.5e-05 2.5e-05
credit 0.000575 0.000775 0.007825 0.00255
measur 0.003775 0.001075 0.003425 0.00345
option 0.000775 0.003675 0.00345 0.003825
fraud 0.0022 0.0001 0.006375 0.00305
word 0.003 0.003375 0.001175 0.004175
care 0.004475 0.001625 0.003475 0.002125
johnson 0.0003 0.005825 0.004575 0.001
nasdaq 0.000325 7.5e-05 0.005425 0.005875
huge 0.00365 0.0024 0.002825 0.0028
veri 0.001925 0.00365 0.00175 0.00435
marin 0.005725 0.004275 0.0004 0.00125
serv 0.003675 0.0026 0.003125 0.00225
8 0.0014 0.00335 0.004525 0.00235
juli 0.001475 0.00205 0.006 0.00205
mean 0.0021 0.0029 0.002375 0.0042
moon 0.000375 0.000275 7.5e-05 0.01085
middl 0.007025 0.00215 0.0013 0.0011
prize 0.003 0.001575 0.000675 0.006275
cours 0.001975 0.00635 0.001025 0.002125
driver 0.003175 0.00605 0.000825 0.0014
deficit 0.00105 0.002475 0.00765 0.00025
view 0.0023 0.001125 0.0026 0.0054
declar 0.006325 0.00175 0.0018 0.001525
settlement 0.004825 0.000325 0.004475 0.001775
clash 0.006475 0.0041 0.000425 0.0004
valu 0.000675 0.0003 0.008 0.002425
dow 0.001225 7.5e-05 0.00985 0.00025
asia 0.004275 0.00045 0.00425 0.0024
jail 0.008225 0.001175 0.00085 0.0011
congress 0.00525 0.00015 0.00365 0.002275
itali 0.004925 0.003975 0.00175 0.000675
quit 0.0022 0.00475 0.001975 0.00235
although 0.001725 0.0032 0.00275 0.003575
26 0.00235 0.00375 0.0028 0.002325
role 0.0042 0.002475 0.00195 0.00255
brand 0.000875 0.00085 0.00635 0.003075
dvd 0.00015 0.000175 0.0012 0.009625
film 0.00255 0.00065 0.003275 0.004675
jose 0.00175 0.00575 0.000825 0.002825
rest 0.001625 0.005625 0.00265 0.00125
dec 0.003125 0.003 0.0025 0.002525
reason 0.0019 0.004175 0.00165 0.0034
singh 0.00445 0.00605 0.000575 5e-05
golf 0.000275 0.010225 0.00025 0.00035
cleric 0.0108 5e-05 0.000225 2.5e-05
justic 0.003575 0.000275 0.004175 0.003075
act 0.0038 0.001375 0.0026 0.0033
suit 0.00085 0.001325 0.002725 0.006175
lawyer 0.00495 0.001225 0.003275 0.001625
disappoint 0.0017 0.0035 0.005075 0.000775
content 0.00065 0.001525 0.0009 0.00795
bond 0.000425 0.005975 0.004275 0.000325
zealand 0.0017 0.00535 0.003425 0.000525
nba 0.000275 0.0106 5e-05 7.5e-05
review 0.0018 0.001 0.003575 0.0046
fifth 0.001075 0.0061 0.00325 0.00055
march 0.005125 0.001725 0.002425 0.0017
xp 7.5e-05 2.5e-05 0.0003 0.01055
tonight 0.001275 0.007875 0.0008 0.001
ryder 0.00045 0.010425 5e-05 2.5e-05
agent 0.0021 0.006225 0.00145 0.001175
woman 0.006775 0.0021 0.000675 0.00135
pack 0.00225 0.001225 0.000675 0.006725
ministri 0.00825 0.0002 0.001425 0.001
border 0.0088 0.000325 0.00085 0.0009
hostil 0.00165 0.000525 0.005675 0.003025
detail 0.0022 0.000925 0.00205 0.005675
striker 0.00025 0.0105 7.5e-05 2.5e-05
ariel 0.010725 2.5e-05 2.5e-05 5e-05
whi 0.001225 0.0038 0.00165 0.004125
virginia 0.000325 0.007075 0.0017 0.0017
captur 0.004025 0.003925 0.000225 0.002625
resid 0.0064 0.0006 0.0017 0.00205
merger 0.000175 0.00015 0.0085 0.001925
brought 0.003575 0.002425 0.0022 0.002525
consecut 0.00085 0.006575 0.002925 0.000375
najaf 0.00995 2.5e-05 0.0007 2.5e-05
roger 0.00065 0.0087 0.00085 0.0005
indic 0.00295 0.001275 0.003975 0.002475
master 0.000625 0.008925 0.000325 0.0008
oakland 0.00045 0.009975 0.000175 7.5e-05
28 0.0025 0.00295 0.002775 0.002425
upgrad 0.000275 0.00025 0.001975 0.00815
broadcast 0.003175 0.001725 0.00265 0.0031
scienc 0.000925 0.0002 0.001 0.008475
2000 0.0035 0.002125 0.002475 0.0025
63 0.0009 0.008975 0.0006 0.0001
electr 0.00145 0.000225 0.00515 0.00375
eye 0.00205 0.002975 0.0022 0.003325
kept 0.002175 0.00345 0.003725 0.0012
aircraft 0.00305 0.00015 0.005675 0.001675
immedi 0.004525 0.001975 0.002325 0.0017
violat 0.0024 0.001775 0.00335 0.003
fine 0.000625 0.003925 0.0034 0.00255
faceverdanam 5e-05 2.5e-05 0.000375 0.01005
serifarialhelvetica 5e-05 2.5e-05 0.000375 0.01005
size2 5e-05 2.5e-05 0.000375 0.01005
pictur 0.001625 0.000925 0.00225 0.0057
ten 0.00415 0.00275 0.001075 0.002525
formula 0.000475 0.0094 0.000375 0.00025
hole 0.001275 0.005325 0.00045 0.003425
refus 0.005275 0.002775 0.00145 0.000975
scandal 0.002625 0.0023 0.00475 0.0008
mine 0.005075 0.0002 0.00445 0.000725
vendor 0.000125 5e-05 0.001575 0.0087
premier 0.0031 0.006025 0.0008 0.0005
threw 0.00105 0.00875 0.00025 0.000375
age 0.002225 0.002375 0.001675 0.0041
afternoon 0.00135 0.006775 0.0016 0.00065
parliament 0.0095 7.5e-05 0.000425 0.00035
streak 0.000325 0.0087 0.00085 0.00045
debut 0.00055 0.004525 0.00205 0.0032
independ 0.00415 0.0003 0.003825 0.00205
instead 0.001825 0.002825 0.002275 0.0034
dell 5e-05 0.000125 0.001525 0.0086
wood 0.000625 0.00875 0.000475 0.00045
rain 0.004775 0.003925 0.000725 0.000875
prix 0.000325 0.0099 2.5e-05 2.5e-05
eastern 0.0062 0.00175 0.00095 0.001375
bad 0.0012 0.003475 0.00325 0.002325
discov 0.001625 0.000525 0.0008 0.0073
inflat 0.000875 7.5e-05 0.008675 0.000625
approach 0.002 0.002525 0.002375 0.00335
27 0.0025 0.00325 0.0027 0.001775
classic 0.000275 0.0085 0.0005 0.00095
62 0.000475 0.0088 0.000625 0.000325
deni 0.004825 0.002825 0.001575 0.001
sector 0.0011 2.5e-05 0.007075 0.002025
passeng 0.004875 7.5e-05 0.00335 0.001925
display 0.001025 0.00235 0.001075 0.00575
parent 0.00205 0.000675 0.00515 0.002325
prosecutor 0.004725 0.0017 0.002625 0.00115
la 0.00105 0.006125 0.001375 0.001625
hill 0.00125 0.006925 0.000925 0.001075
my 0.000875 0.0023 0.001475 0.0055
saw 0.00255 0.003475 0.0026 0.001525
mortgag 0.0001 0.0001 0.009775 0.000175
slightli 0.001725 0.0004 0.0072 0.0008
asset 0.00045 0.000125 0.007975 0.001575
sharpli 0.001525 0.000175 0.007575 0.00085
pace 0.001075 0.002125 0.0057 0.001225
probabl 0.0017 0.003225 0.0024 0.002775
admit 0.002425 0.0051 0.00165 0.000925
heavi 0.004775 0.00115 0.003275 0.0009
fallujah 0.00995 2.5e-05 2.5e-05 0.0001
code 0.000625 7.5e-05 0.0008 0.008575
60 0.002325 0.003125 0.001875 0.00275
diplomat 0.009325 0.0002 0.0003 0.00025
cardin 0.000375 0.009325 0.000325 5e-05
weak 0.000725 0.00045 0.007775 0.001125
probe 0.00155 0.000425 0.004425 0.00365
cisco 2.5e-05 2.5e-05 0.00165 0.00835
suprem 0.00465 0.0007 0.00265 0.00205
soar 0.000825 0.000425 0.00725 0.001525
victim 0.005975 0.000975 0.00135 0.0017
rush 0.002175 0.006025 0.001 0.0008
commit 0.0047 0.00155 0.0023 0.00145
abus 0.005925 0.002375 0.00105 0.000625
student 0.003025 0.00115 0.001 0.0048
pound 0.0041 0.002125 0.0028 0.00095
carolina 0.0007 0.0075 0.0006 0.00115
korean 0.007175 0.000825 0.00105 0.0009
kabul 0.009875 2.5e-05 2.5e-05 2.5e-05
platform 0.0005 0.00025 0.001 0.008175
document 0.002475 0.000475 0.00235 0.004625
31 0.00195 0.005 0.00195 0.001025
yuko 0.00085 2.5e-05 0.008975 7.5e-05
prove 0.00175 0.003775 0.00185 0.002525
previou 0.0015 0.0016 0.00485 0.00195
promot 0.001725 0.001875 0.002275 0.004025
tell 0.0028 0.002225 0.001725 0.00315
insist 0.0039 0.00435 0.000925 0.000725
boe 0.000475 5e-05 0.007575 0.0018
mile 0.00255 0.00195 0.00105 0.004325
prevent 0.003725 0.001225 0.0019 0.003025
sentenc 0.00535 0.000925 0.00255 0.00105
compet 0.000475 0.0028 0.002475 0.0041
struck 0.003825 0.002525 0.0021 0.0014
king 0.003575 0.003225 0.0013 0.00175
conflict 0.007675 0.00045 0.00115 0.000575
period 0.001275 0.0016 0.00445 0.002525
explod 0.008525 0.000225 0.0003 0.000775
de 0.0014 0.0056 0.0013 0.001525
requir 0.001425 0.00115 0.002925 0.0043
cleveland 0.000375 0.009075 0.000225 0.000125
delta 0.0009 0.00015 0.007825 0.000925
rock 0.0038 0.001275 0.00085 0.00385
spacecraft 0.0002 2.5e-05 0.0001 0.009425
worldwid 0.000925 0.000125 0.003225 0.005475
camera 0.000875 0.0008 0.001225 0.00685
doctor 0.00485 0.00115 0.0014 0.00235
solut 0.001625 0.000375 0.001225 0.0065
himself 0.0033 0.0052 0.00055 0.000675
photo 0.001225 0.00085 0.0007 0.00695
howard 0.006125 0.000975 0.0019 0.000725
hire 0.0006 0.0025 0.00465 0.00195
arab 0.00905 0.0002 0.000325 0.000125
spanish 0.001975 0.005425 0.001475 0.000825
intellig 0.006225 0.000175 0.0005 0.002775
session 0.002025 0.002475 0.004525 0.00065
walk 0.002225 0.00455 0.000975 0.001925
command 0.0063 0.001475 0.00035 0.00155
front 0.002475 0.00385 0.0009 0.002425
integr 0.0007 0.0003 0.001225 0.007425
resum 0.004925 0.0013 0.002275 0.00115
civil 0.004475 0.00055 0.002775 0.001825
natur 0.001225 0.00085 0.00385 0.003675
below 0.00075 0.00045 0.00705 0.00135
packag 0.00155 0.0007 0.003025 0.004325
interview 0.00425 0.0027 0.001025 0.0016
insid 0.00305 0.001925 0.001475 0.003125
patent 7.5e-05 7.5e-05 0.0021 0.007325
row 0.002125 0.004 0.002775 0.000675
shiit 0.009375 2.5e-05 0.00015 2.5e-05
hockey 0.000275 0.009125 0.0001 7.5e-05
sprint 7.5e-05 0.001925 0.004875 0.002675
format 0.0002 0.000675 0.0005 0.008175
massiv 0.0035 0.00105 0.001925 0.003075
wind 0.005025 0.0017 0.00075 0.002075
missil 0.0081 0.00015 0.000575 0.000725
pitcher 0.000125 0.00935 5e-05 2.5e-05
room 0.001075 0.003275 0.0018 0.0034
royal 0.002875 0.002275 0.003625 0.000775
hong 0.003675 0.00075 0.003825 0.001275
kong 0.003725 0.00075 0.00385 0.0012
ball 0.0004 0.00825 0.000475 0.0004
rout 0.0014 0.005125 0.001525 0.001475
abu 0.009175 5e-05 0.0002 0.0001
employ 0.001475 0.0006 0.006 0.001425
incom 0.001625 0.000175 0.00635 0.00135
delhi 0.0058 0.000975 0.00235 0.000375
jerusalem 0.009175 2.5e-05 0.00015 0.00015
provinc 0.008275 0.00015 0.000475 0.0006
plc 0.00045 0.0004 0.0076 0.00105
disney 0.000175 0.0007 0.007325 0.0013
mexico 0.002825 0.0011 0.0044 0.00115
mass 0.005 0.001325 0.000975 0.002175
tenni 0.00035 0.008925 7.5e-05 0.000125
jame 0.000975 0.00565 0.0024 0.00045
distribut 0.00095 0.000375 0.002275 0.00585
togeth 0.001825 0.002375 0.0012 0.00405
recal 0.00105 0.001225 0.004375 0.0028
chelsea 0.000325 0.00905 5e-05 2.5e-05
wave 0.004125 0.00115 0.0015 0.00265
blow 0.00315 0.002175 0.002 0.002075
signal 0.002525 0.000525 0.003475 0.002875
telephon 0.001275 0.0002 0.00295 0.004975
spent 0.0025 0.003375 0.00165 0.00185
thank 0.001075 0.00255 0.002475 0.003275
brazil 0.004 0.002775 0.0015 0.0011
kansa 0.0002 0.007925 0.000875 0.000375
boss 0.00085 0.005975 0.0017 0.000825
ran 0.00115 0.00655 0.00095 0.0007
joint 0.00235 0.000425 0.00415 0.002425
com 2.5e-05 0.0021 0.001175 0.00605
itself 0.001975 0.001125 0.002225 0.004
read 0.001525 0.001575 0.002225 0.004
doubt 0.002025 0.003225 0.002325 0.001725
broadband 0.00015 2.5e-05 0.001275 0.00785
dalla 0.00025 0.006675 0.001825 0.00055
hurt 0.0015 0.00185 0.005025 0.0009
opensourc 5e-05 2.5e-05 0.00025 0.00895
sydney 0.002875 0.00245 0.003175 0.000775
tom 0.001625 0.0058 0.0005 0.001325
someth 0.000575 0.0042 0.001175 0.0033
cooper 0.00425 0.000525 0.0021 0.002375
semiconductor 0.000325 2.5e-05 0.00465 0.00425
combin 0.000325 0.002125 0.00325 0.00355
poor 0.0021 0.001925 0.00415 0.00105
spam 0.000125 2.5e-05 0.0003 0.008775
29 0.002175 0.002125 0.00305 0.001875
pittsburgh 0.000275 0.0077 0.00055 0.0007
vladimir 0.0069 0.00115 0.000975 0.0002
box 0.00125 0.00465 0.001 0.0023
pension 0.0005 0.000125 0.00725 0.001325
astro 0.00035 0.0087 2.5e-05 0.000125
murder 0.0083 0.000325 0.000125 0.000425
crimin 0.0024 0.000625 0.004025 0.002125
feel 0.0009 0.0043 0.001575 0.002375
jason 0.000325 0.007925 0.0001 0.0008
write 0.001175 0.0007 0.001975 0.0053
tim 0.000325 0.00795 0.0004 0.000475
weather 0.0013 0.001775 0.00335 0.002725
blame 0.003975 0.00175 0.001925 0.001475
am 0.00105 0.002475 0.001675 0.003925
bear 0.0011 0.004875 0.00125 0.0019
remov 0.00335 0.001675 0.0018 0.002275
fli 0.002075 0.001825 0.001575 0.0036
danger 0.003775 0.001275 0.001525 0.0025
recov 0.002275 0.002525 0.0028 0.001475
longer 0.00165 0.002375 0.0016 0.003425
broke 0.0025 0.004275 0.0015 0.000775
don 0.00065 0.003825 0.001975 0.0026
tehran 0.008625 0.0001 0.000175 0.000125
500 0.001025 0.0026 0.00385 0.00155
cabl 0.000325 0.00045 0.004575 0.003675
currenc 0.0008 7.5e-05 0.007775 0.000375
institut 0.001175 0.000325 0.00365 0.00385
deploy 0.003325 0.00015 0.00085 0.004675
request 0.00355 0.0011 0.0025 0.00185
climb 0.0011 0.001175 0.00565 0.001075
hollywood 0.000825 0.0006 0.002675 0.004875
strategi 0.001525 0.000525 0.002475 0.00445
walmart 0.00035 0.0001 0.007825 0.0007
collect 0.001525 0.0027 0.0018 0.002925
impact 0.001125 0.00085 0.004725 0.00225
patriot 0.00035 0.008325 0.000125 0.00015
domest 0.002175 0.000525 0.005325 0.0009
assault 0.005375 0.0023 0.0004 0.00085
stori 0.0017 0.002825 0.00135 0.00305
determin 0.002625 0.00295 0.001425 0.001925
panel 0.00245 0.000825 0.00165 0.003975
dutch 0.004 0.001325 0.002675 0.0009
eagl 0.000175 0.0083 0.000225 0.0002
reform 0.006 0.00015 0.0023 0.00045
count 0.004275 0.001825 0.0011 0.001675
mar 0.000825 0.0006 0.00015 0.007275
ventur 0.00035 0.000125 0.0046 0.003775
highest 0.00235 0.001125 0.00395 0.001425
lot 0.0005 0.003 0.00185 0.003475
colin 0.005975 0.002625 2.5e-05 0.0002
nextel 2.5e-05 0.003925 0.0036 0.001275
index 0.0011 0.000225 0.005875 0.0016
sanction 0.005875 0.000375 0.001875 0.000675
treasuri 0.00035 2.5e-05 0.0083 0.000125
yen 0.00085 5e-05 0.007525 0.000375
auction 0.00065 0.00045 0.0048 0.002875
planet 0.000425 0.0003 0.0001 0.00795
learn 0.001 0.003175 0.0017 0.0029
slip 0.001425 0.002125 0.004175 0.001025
embassi 0.008475 0.000125 5e-05 0.0001
crime 0.00625 0.000125 0.00085 0.001525
indonesia 0.0074 0.000175 0.0007 0.00045
worst 0.003675 0.00325 0.000775 0.001025
separ 0.00365 0.0013 0.001575 0.0022
pledg 0.00575 0.00045 0.001825 0.0007
seriou 0.002 0.002125 0.001675 0.0029
richard 0.001225 0.002975 0.001825 0.002675
mac 5e-05 0.0002 0.00195 0.0065
nokia 5e-05 2.5e-05 0.001375 0.00725
trophi 0.000725 0.0078 5e-05 0.000125
matter 0.001225 0.002775 0.002775 0.0019
taiwan 0.0062 0.00015 0.000825 0.0015
trader 0.000325 0.0001 0.00785 0.0004
flood 0.00605 0.00035 0.000725 0.001525
tradit 0.0017 0.0014 0.00225 0.0033
vice 0.003975 0.000525 0.001625 0.002525
gather 0.0045 0.001275 0.0011 0.001775
capabl 0.00235 0.000575 0.000325 0.005375
profession 0.000575 0.00275 0.001075 0.004225
microsystem 2.5e-05 2.5e-05 0.0009 0.007675
studio 0.00035 5e-05 0.0027 0.005525
specul 0.0014 0.0017 0.00385 0.00165
experi 0.001975 0.001775 0.00075 0.004075
putin 0.00735 2.5e-05 0.0011 0.0001
sharp 0.000975 0.000525 0.0055 0.00155
civilian 0.007525 5e-05 0.00035 0.000625
ohio 0.00155 0.005175 0.001075 0.00075
pakistani 0.008075 0.0002 0.0001 0.000175
addit 0.001 0.000725 0.002725 0.004075
song 0.000525 0.000375 0.00095 0.006675
michigan 0.0002 0.006625 0.00075 0.00095
republ 0.004975 0.002725 0.000225 0.000575
common 0.00175 0.00065 0.0019 0.0042
uranium 0.0082 5e-05 0.000125 0.000125
progress 0.003075 0.001875 0.0013 0.00225
titan 0.000125 0.00305 0.000675 0.00465
cover 0.0017 0.001575 0.00235 0.002875
auto 0.00025 0.000525 0.005 0.002725
legisl 0.004825 0.000225 0.001325 0.0021
oppon 0.0029 0.0046 0.0005 0.000475
convent 0.004225 0.0004 0.001625 0.002225
baltimor 0.0005 0.00715 0.0004 0.0004
christma 0.001375 0.00085 0.003775 0.00245
comment 0.00215 0.0027 0.00215 0.001425
licens 0.0002 0.000325 0.0019 0.006
nyse 2.5e-05 5e-05 0.00535 0.003
diseas 0.00325 0.00015 0.0017 0.0033
shoot 0.002825 0.004125 0.000225 0.001225
fiscal 0.0006 5e-05 0.006275 0.001475
veteran 0.00205 0.0045 0.000725 0.0011
earthquak 0.0053 0.000525 0.0003 0.00225
tomorrow 0.000975 0.00435 0.001525 0.001525
recoveri 0.0011 0.0005 0.005625 0.001125
kick 0.001 0.004625 0.00135 0.001375
address 0.00245 0.00095 0.0011 0.00385
edit 0.00035 0.000575 0.000725 0.006675
guilti 0.0028 0.001375 0.002675 0.001475
attend 0.00295 0.00195 0.00255 0.000875
ford 0.0002 0.002475 0.005025 0.000625
bird 0.002975 0.000525 0.000375 0.004425
add 0.000475 0.00125 0.002025 0.00455
trip 0.002925 0.00295 0.0007 0.001725
fix 0.0004 0.000525 0.0018 0.005575
halt 0.00425 0.000525 0.002725 0.000775
refuge 0.007975 5e-05 0.000175 7.5e-05
paid 0.001675 0.0018 0.00295 0.00185
happen 0.001475 0.00295 0.00125 0.0026
resolv 0.0048 0.00075 0.0021 0.000625
diego 0.000375 0.006275 0.00105 0.000575
origin 0.001225 0.0011 0.001475 0.00445
martin 0.001975 0.0039 0.001175 0.0012
thailand 0.006025 0.001575 0.0002 0.000425
date 0.001825 0.00105 0.001475 0.003875
200 0.002475 0.0024 0.00135 0.002
2002 0.002225 0.0025 0.00215 0.00135
turkey 0.00645 0.000525 0.00075 0.0005
atom 0.006775 5e-05 7.5e-05 0.001325
properti 0.000375 0.00015 0.0054 0.002275
raid 0.006925 0.000175 0.000175 0.000925
vow 0.00545 0.00125 0.001025 0.000475
monitor 0.002875 0.0003 0.001225 0.00375
telecom 0.000425 2.5e-05 0.003875 0.003825
plead 0.0034 0.0012 0.0022 0.00135
warner 7.5e-05 0.0013 0.0045 0.002275
35 0.0018 0.00175 0.0027 0.001875
pair 0.00105 0.00475 0.0009 0.001425
arizona 0.000275 0.00675 0.0004 0.0007
telecommun 0.000325 0.0001 0.004375 0.003325
anim 0.0009 0.000325 0.002575 0.0043
sweep 0.002675 0.00325 0.0013 0.000875
renew 0.00335 0.0006 0.003025 0.0011
warm 0.001675 0.00105 0.000275 0.005075
sure 0.000825 0.003725 0.001125 0.0024
surgeri 0.001325 0.0053 0.0006 0.00085
handheld 5e-05 2.5e-05 0.000975 0.007025
histor 0.004275 0.0017 0.001275 0.0008
tough 0.0021 0.003075 0.0018 0.001075
opportun 0.00145 0.00225 0.001325 0.003025
daili 0.0019 0.000775 0.003125 0.002225
collaps 0.003125 0.0019 0.002425 0.000575
signific 0.00165 0.00135 0.00245 0.002575
stewart 0.000475 0.0022 0.0051 0.00025
prospect 0.001625 0.0019 0.003625 0.00085
centuri 0.0024 0.0021 0.000925 0.002575
built 0.000825 0.000925 0.001225 0.005025
themselv 0.0017 0.00295 0.0011 0.002225
twice 0.000875 0.004325 0.001 0.001775
cap 0.00085 0.003875 0.0018 0.001425
teammat 0.000375 0.007475 7.5e-05 2.5e-05
kashmir 0.0078 2.5e-05 5e-05 7.5e-05
disrupt 0.0019 0.00055 0.0043 0.0012
conduct 0.002725 0.001475 0.00135 0.00235
philippin 0.005325 0.0003 0.00165 0.000625
sea 0.00355 0.000475 0.000775 0.0031
zone 0.004025 0.002175 0.001075 0.000625
2001 0.0019 0.001525 0.003075 0.0014
knee 0.00055 0.007075 7.5e-05 0.000175
voic 0.0018 0.0009 0.0009 0.004275
nhl 0.0001 0.007725 2.5e-05 2.5e-05
montreal 0.000775 0.005125 0.001775 0.0002
nigeria 0.0048 0.000125 0.002825 0.0001
hewlettpackard 2.5e-05 2.5e-05 0.0018 0.005975
screen 0.00075 0.000425 0.000725 0.005925
copi 0.0006 0.0002 0.000825 0.0062
mount 0.0025 0.000825 0.00105 0.003425
district 0.002725 0.001225 0.002175 0.001675
seiz 0.005375 0.00085 0.0007 0.000875
rel 0.003425 0.00085 0.001025 0.002475
fla 0.00265 0.003175 0.0004 0.00155
surviv 0.0027 0.001775 0.001875 0.001425
grew 0.00075 0.00065 0.005375 0.000975
treatment 0.0027 0.000925 0.002775 0.00135
robert 0.001675 0.002425 0.0028 0.00085
formal 0.003225 0.0008 0.00225 0.001475
present 0.0021 0.0016 0.001625 0.0024
deadli 0.006575 0.000125 0.000225 0.0008
vulner 0.000725 0.000275 0.0005 0.0062
dismiss 0.002975 0.002275 0.0013 0.00115
welcom 0.003275 0.00215 0.0015 0.000775
chart 0.000325 0.0003 0.002125 0.00495
instal 0.00095 0.00055 0.000725 0.00545
patient 0.00135 0.000375 0.003575 0.002375
journalist 0.006025 0.00065 0.00025 0.00075
enrich 0.007375 5e-05 0.000125 0.000125
itun 0.000175 2.5e-05 0.000325 0.00715
draft 0.002725 0.00375 0.000425 0.000775
crew 0.00175 0.0013 0.00035 0.00425
expens 0.000575 0.000775 0.00435 0.00195
rooki 0.000125 0.007475 2.5e-05 2.5e-05
allianc 0.0019 5e-05 0.00285 0.00285
su 0.000525 0.00045 0.00295 0.0037
shock 0.0015 0.002875 0.0014 0.00185
relief 0.0035 0.001325 0.0023 0.0005
adopt 0.002275 0.0003 0.00165 0.0034
june 0.00095 0.0011 0.00325 0.0023
realli 0.00045 0.00285 0.000875 0.003425
previous 0.0011 0.000925 0.002475 0.0031
demonstr 0.0035 0.000575 0.0007 0.002825
convict 0.0047 0.0004 0.001175 0.001325
alli 0.0061 0.0001 0.000825 0.000575
seed 0.0001 0.0066 0.000175 0.000725
dolphin 0.000775 0.00635 2.5e-05 0.000425
anaheim 0.000125 0.007375 5e-05 2.5e-05
noth 0.0012 0.0035 0.00095 0.0019
colorado 0.0007 0.00525 0.0006 0.001
prompt 0.002675 0.0005 0.002775 0.0016
amd 2.5e-05 2.5e-05 0.000425 0.007075
sound 0.000675 0.001725 0.00135 0.0038
grant 0.00195 0.0017 0.00215 0.001725
speci 0.00065 2.5e-05 0.000125 0.006725
done 0.0013 0.0032 0.000925 0.0021
alan 0.000675 0.001875 0.004575 0.0004
easi 0.000575 0.0034 0.0007 0.002825
counti 0.001175 0.001475 0.00195 0.002875
familiar 0.00085 0.00185 0.003025 0.00175
english 0.000775 0.005725 0.0003 0.000675
mix 0.001575 0.00075 0.003825 0.001325
budget 0.001375 0.000425 0.004325 0.001325
rare 0.002925 0.001575 0.0006 0.00235
bar 0.0016 0.002775 0.001475 0.0016
expo 0.000125 0.0056 0.000225 0.001475
watchdog 0.00515 5e-05 0.001075 0.00115
andi 0.000525 0.006475 0.000225 0.0002
client 0.000375 0.000225 0.002075 0.00475
antitrust 0.0002 5e-05 0.00425 0.002925
karzai 0.007325 2.5e-05 5e-05 2.5e-05
expans 0.000575 0.000775 0.0041 0.00195
materi 0.001825 0.00015 0.0029 0.002525
powel 0.006 0.00075 0.000125 0.000525
virtual 0.0009 0.0009 0.000925 0.00465
websit 0.001675 0.00085 0.00075 0.0041
sen 0.0056 0.00025 0.00085 0.000675
commission 0.002125 0.0026 0.0023 0.00035
payment 0.000975 0.000325 0.003525 0.00255
novel 0.000525 7.5e-05 0.001725 0.00505
prioriti 0.00075 0.000225 0.001525 0.004875
plu 0.000325 0.0005 0.0014 0.005125
jakarta 0.006525 2.5e-05 0.00065 0.00015
often 0.001225 0.0021 0.0012 0.002825
spark 0.002325 0.001775 0.002025 0.001225
secret 0.003275 0.0008 0.001 0.002275
shift 0.00185 0.000275 0.002825 0.0024
toll 0.0055 0.00015 0.001475 0.000225
brussel 0.00315 0.0005 0.003075 0.000625
entir 0.0015 0.002 0.00105 0.0028
magazin 0.00095 0.00095 0.001725 0.0037
el 0.001275 0.00515 0.000625 0.000275
viru 0.00145 0.000475 0.000125 0.005275
throw 0.000775 0.004775 0.00055 0.001225
restructur 0.000525 0.00025 0.0061 0.00045
o 0.0001 0.00455 0.000975 0.0017
moment 0.001525 0.00415 0.00055 0.001075
portabl 7.5e-05 2.5e-05 0.000425 0.006775
msn 2.5e-05 2.5e-05 0.00025 0.007
ticker 2.5e-05 0.007025 0.000175 7.5e-05
worm 2.5e-05 0.0001 0.000125 0.007025
friend 0.002075 0.00225 0.00105 0.0019
impos 0.00285 0.00085 0.002775 0.0008
jeff 0.000125 0.005975 0.000675 0.0005
egypt 0.006375 0.00025 0.0002 0.00045
anticip 0.0006 0.001275 0.00245 0.002925
twin 0.001525 0.004575 0.000575 0.000575
defenc 0.004475 0.001 0.001225 0.00055
alex 0.000375 0.0063 0.0001 0.000475
hamid 0.00715 2.5e-05 5e-05 2.5e-05
dramat 0.001975 0.00245 0.00135 0.00145
tackl 0.0015 0.003875 0.000675 0.001175
describ 0.0029 0.00165 0.00095 0.0017
bought 0.00065 0.00055 0.00385 0.00215
saddam 0.00705 2.5e-05 0.0001 2.5e-05
didn 0.0003 0.005225 0.000875 0.0008
shut 0.001825 0.001375 0.002325 0.00165
400 0.00145 0.002575 0.0018 0.00135
broker 0.00075 5e-05 0.006075 0.0003
irish 0.002475 0.003125 0.00115 0.000425
fast 0.001 0.001925 0.0011 0.003125
stem 0.001025 0.00045 0.002875 0.0028
truck 0.00325 0.000375 0.0029 0.000625
upcom 0.0016 0.00115 0.001125 0.003275
idea 0.00115 0.001 0.0015 0.003475
patch 0.0003 0.000125 0.001325 0.005375
chri 0.000425 0.00555 0.0001 0.00105
liverpool 0.000825 0.005975 0.00015 0.000175
saudi 0.004225 5e-05 0.00245 0.000375
boy 0.00235 0.0024 0.00045 0.0019
gulf 0.0021 0.000175 0.00425 0.000575
highspe 0.000775 0.000175 0.001675 0.004475
61 0.000325 0.005575 0.000875 0.000325
dont 0.0006 0.00155 0.00125 0.003675
wake 0.001675 0.002975 0.001625 0.0008
inventori 0.00015 2.5e-05 0.0059 0.001
utah 0.000325 0.004025 0.000225 0.0025
copyright 0.000175 2.5e-05 0.00075 0.006125
slam 0.001775 0.004225 0.000275 0.0008
output 0.000425 0.000125 0.00625 0.00025
factori 0.001125 0.000125 0.004775 0.001
affect 0.00155 0.000525 0.0024 0.00255
quickli 0.001375 0.001675 0.0014 0.002575
crucial 0.002225 0.00155 0.0019 0.00135
channel 0.00195 0.001075 0.001475 0.0025
upset 0.00085 0.00525 0.0003 0.0006
greek 0.002025 0.004 0.000275 0.0007
sudanes 0.0069 2.5e-05 2.5e-05 5e-05
page 0.000325 0.000525 0.00085 0.005275
fighter 0.005675 0.00075 0.000225 0.000325
strength 0.001 0.001075 0.004 0.0009
kevin 0.000475 0.005125 0.000325 0.001025
spread 0.001525 0.00065 0.00105 0.003725
carlo 0.000525 0.005425 0.0009 0.0001
barri 0.0004 0.0063 0.000125 0.000125
deadlin 0.003525 0.001025 0.00145 0.000925
clinch 0.0007 0.00535 0.000525 0.00035
summit 0.005325 0.000375 0.00085 0.000375
firefox 5e-05 2.5e-05 2.5e-05 0.006825
beach 0.002475 0.002425 0.00075 0.00125
climat 0.00235 7.5e-05 0.000575 0.0039
ranger 0.0002 0.006575 5e-05 7.5e-05
chase 0.00055 0.00405 0.001825 0.000475
answer 0.00135 0.0021 0.0009 0.00255
journal 0.0006 0.00025 0.003525 0.002525
appoint 0.002075 0.0021 0.001775 0.00095
son 0.003275 0.002025 0.000875 0.0007
resolut 0.005475 0.000175 0.000575 0.00065
traffic 0.0013 0.000575 0.00185 0.00315
begun 0.0019 0.0006 0.00125 0.003125
indonesian 0.005875 5e-05 0.000275 0.000675
ballot 0.0046 0.000475 0.00045 0.00135
plot 0.00565 0.0004 0.000275 0.00055
cross 0.002825 0.001875 0.00085 0.0013
orbit 0.0003 2.5e-05 5e-05 0.006475
fill 0.00175 0.002 0.001375 0.001725
reportedli 0.002525 0.001675 0.001625 0.001025
radic 0.00565 0.000175 0.0004 0.000625
identifi 0.00225 0.0006 0.000575 0.003425
notr 7.5e-05 0.006725 2.5e-05 2.5e-05
dame 0.0001 0.006675 2.5e-05 5e-05
astronaut 0.000225 2.5e-05 5e-05 0.006525
coalit 0.00595 5e-05 0.000375 0.00045
certain 0.001025 0.001475 0.00185 0.002475
cancel 0.0017 0.002225 0.001375 0.001525
76 0.00045 0.005275 0.00085 0.00025
islamabad 0.0065 7.5e-05 0.00015 0.0001
hussein 0.006675 5e-05 7.5e-05 2.5e-05
indianapoli 0.000125 0.005775 0.00075 0.000175
denver 0.00015 0.005475 0.000675 0.0005
dream 0.00105 0.003525 0.00065 0.001575
minor 0.00255 0.002225 0.000925 0.0011
os 2.5e-05 0.0002 0.000175 0.0064
opec 0.000225 2.5e-05 0.006475 5e-05
resourc 0.0005 0.0001 0.0031 0.003075
quarterfin 0.000275 0.00645 2.5e-05 2.5e-05
competitor 0.00025 0.00055 0.00265 0.003325
ag 0.00045 7.5e-05 0.004325 0.001925
allegedli 0.0028 0.0006 0.000975 0.002375
brother 0.002075 0.00155 0.002475 0.00065
compar 0.000525 0.000725 0.0029 0.0026
transport 0.001975 0.0001 0.003425 0.00125
knock 0.00145 0.0039 0.000925 0.00045
cub 0.0004 0.006125 2.5e-05 0.000175
tennesse 7.5e-05 0.00625 0.000125 0.000275
nascar 2.5e-05 0.006625 5e-05 2.5e-05
helicopt 0.00565 5e-05 0.0001 0.000925
enabl 0.00045 0.000575 0.000725 0.00495
rather 0.00145 0.001625 0.00115 0.002475
cancer 0.0011 0.001075 0.00245 0.002075
75 0.001225 0.0036 0.001325 0.000525
charl 0.002925 0.000775 0.00165 0.001325
flaw 0.00055 0.000175 0.000325 0.005625
pro 0.000175 0.004225 0.000375 0.0019
partnership 0.000725 0.000625 0.00185 0.00345
alway 0.000675 0.003325 0.000725 0.001925
sir 0.00115 0.004025 0.000475 0.001
individu 0.000625 0.002325 0.0012 0.002475
advantag 0.0007 0.00235 0.00145 0.002125
tampa 0.00035 0.00605 0.000125 0.0001
handset 0.0001 2.5e-05 0.001375 0.005125
craig 0.000225 0.00255 0.001675 0.002175
merck 0.00035 2.5e-05 0.006175 7.5e-05
ltfont 2.5e-05 2.5e-05 0.00025 0.0063
contain 0.001475 0.000575 0.0011 0.00345
remot 0.0031 0.000225 0.0003 0.002975
strengthen 0.002425 0.0007 0.00255 0.000925
vioxx 0.000325 2.5e-05 0.006025 0.000225
shuttl 0.000275 5e-05 0.000125 0.006125
quotth 0.001375 0.001675 0.001175 0.00235
mutual 0.000275 0.00025 0.005725 0.0003
mountain 0.0023 0.00165 0.000725 0.001875
ring 0.0004 0.001875 0.001 0.003275
ill 0.00265 0.001725 0.001175 0.001
love 0.001075 0.001875 0.000675 0.002925
switch 0.000325 0.00095 0.000725 0.004525
sixth 0.0009 0.00425 0.0009 0.000475
select 0.000725 0.002525 0.001275 0.002
establish 0.002175 0.00075 0.001 0.0026
ivori 0.005525 0.0001 0.000225 0.000675
wrong 0.001975 0.002575 0.0007 0.00125
disast 0.003525 0.000525 0.00075 0.0017
intend 0.001775 0.00065 0.001575 0.0025
flu 0.0036 7.5e-05 0.0018 0.001025
elimin 0.000625 0.002 0.003025 0.00085
nationwid 0.002275 0.000275 0.002425 0.001525
ukrain 0.005175 0.000975 7.5e-05 0.000275
joe 0.000175 0.00565 0.00035 0.000325
wale 0.00095 0.0051 0.0001 0.00035
focus 0.001475 0.000725 0.00195 0.002325
usl 0.0062 5e-05 0.0001 0.000125
cabinet 0.0053 7.5e-05 0.000675 0.000425
newsfactor 2.5e-05 2.5e-05 0.000125 0.0063
hama 0.0064 2.5e-05 2.5e-05 2.5e-05
pacif 0.002375 0.00035 0.001475 0.00225
cincinnati 0.0002 0.00575 0.000475 2.5e-05
maintain 0.001475 0.00185 0.001675 0.001425
motion 0.000625 0.00035 0.0015 0.00395
brave 0.000475 0.00545 0.000275 0.000225
dodger 0.000475 0.005875 5e-05 2.5e-05
sought 0.003025 0.0004 0.00215 0.00085
lineup 0.000275 0.0043 0.0003 0.00155
facil 0.002075 0.000475 0.001825 0.002025
catch 0.000575 0.002475 0.000675 0.002675
popul 0.00285 0.000125 0.0009 0.002525
safe 0.001925 0.00075 0.000775 0.00295
programm 0.003175 0.000375 0.000825 0.002025
girl 0.004075 0.0013 0.00025 0.000775
donald 0.002325 0.0022 0.0016 0.000275
celtic 0.000125 0.0061 5e-05 0.000125
hunt 0.0031 0.00075 0.000725 0.001825
32 0.000725 0.00405 0.000925 0.000675
hot 0.0007 0.001375 0.001425 0.002875
gone 0.001325 0.002575 0.00075 0.001725
39re 0.000225 0.002525 0.00115 0.002475
indiana 0.0001 0.005425 0.000625 0.000225
lack 0.0014 0.001725 0.001275 0.00195
exist 0.000825 0.000425 0.001525 0.003575
mozilla 2.5e-05 2.5e-05 2.5e-05 0.006275
failur 0.002125 0.00155 0.001375 0.0013
ninth 0.000775 0.00495 0.0005 0.000125
smith 0.00035 0.004825 0.000825 0.00035
nintendo 5e-05 2.5e-05 0.0006 0.005675
faster 0.000575 0.000375 0.00145 0.003925
databas 0.0001 5e-05 0.000875 0.0053
georgia 0.00085 0.004 0.000775 0.0007
oust 0.004025 0.0005 0.001475 0.000325
pt 0.000175 0.000125 0.0011 0.004925
hardwar 0.000125 0.000125 0.000575 0.005475
seat 0.00265 0.002025 0.000875 0.00075
41 0.000675 0.002575 0.00215 0.0009
enron 0.000125 2.5e-05 0.0061 5e-05
militia 0.006 2.5e-05 0.000225 2.5e-05
increasingli 0.0016 0.000275 0.0016 0.0028
teenag 0.0025 0.00215 0.0002 0.001425
overnight 0.00265 0.001475 0.001625 0.000525
forest 0.001025 0.002725 0.000675 0.00185
devast 0.00415 0.000675 0.00065 0.0008
await 0.00145 0.00065 0.00285 0.001325
musharraf 0.006175 2.5e-05 5e-05 2.5e-05
governor 0.003575 0.000225 0.001825 0.000625
construct 0.001975 0.000525 0.002675 0.001075
situat 0.00235 0.0014 0.001925 0.000575
via 0.000275 0.000225 0.00055 0.0052
unlik 0.00155 0.001725 0.0015 0.001475
supercomput 7.5e-05 2.5e-05 0.0005 0.005625
deputi 0.0054 0.0001 0.0005 0.000225
gunmen 0.006025 5e-05 0.0001 5e-05
territori 0.004375 0.00035 0.000875 0.000625
attent 0.001575 0.00115 0.001275 0.0022
choic 0.001525 0.002 0.00095 0.001725
lawmak 0.00395 0.000125 0.001075 0.00105
preliminari 0.00185 0.00145 0.0017 0.0012
technic 0.000425 0.000675 0.00125 0.00385
strain 0.00135 0.002825 0.00075 0.00125
extra 0.0012 0.0019 0.001525 0.00155
1000 0.00245 0.0005 0.0015 0.001725
specif 0.000425 0.00045 0.00055 0.00475
nl 0.000525 0.0056 2.5e-05 2.5e-05
eighth 0.00075 0.004875 0.00045 0.0001
seventh 0.00035 0.0048 0.000775 0.00025
airbu 0.000275 5e-05 0.005275 0.000575
tight 0.001075 0.0022 0.002475 0.000425
premiership 0.0004 0.0057 5e-05 2.5e-05
ampt 2.5e-05 0.000325 0.0034 0.002425
haiti 0.005925 0.00015 7.5e-05 2.5e-05
wayn 0.00035 0.00555 0.00015 0.000125
subscrib 0.000125 0.00015 0.00205 0.003825
amount 0.0012 0.0009 0.001825 0.002225
similar 0.001175 0.00065 0.001375 0.00295
ebay 2.5e-05 2.5e-05 0.001575 0.004525
overal 0.000625 0.00225 0.0019 0.001375
qtypesym 2.5e-05 2.5e-05 2.5e-05 0.006075
infotypeinfo 2.5e-05 2.5e-05 2.5e-05 0.006075
70 0.001175 0.002275 0.000925 0.001775
jacqu 0.003425 0.002475 0.000125 0.000125
observ 0.0022 0.000575 0.000775 0.002575
rescu 0.00385 0.00065 0.001 0.000625
stun 0.000975 0.003575 0.000875 0.0007
van 0.001975 0.003375 0.00055 0.000225
ottawa 0.00335 0.00055 0.001825 0.0004
villag 0.004975 0.000375 0.000325 0.00045
unless 0.003475 0.00075 0.001025 0.000875
brian 0.0004 0.00495 0.000325 0.00045
extens 0.00075 0.002825 0.00095 0.001575
bell 0.0001 0.0007 0.0043 0.001
educ 0.00235 0.000125 0.001075 0.00255
spur 0.000575 0.002125 0.0022 0.0012
300 0.002 0.00145 0.0016 0.00105
pga 7.5e-05 0.005975 2.5e-05 2.5e-05
speech 0.003025 0.000275 0.0012 0.0016
pharmaceut 0.000325 7.5e-05 0.0053 0.0004
cool 0.00055 0.000675 0.002225 0.002625
abil 0.000775 0.000725 0.001375 0.0032
gari 0.00025 0.0048 0.000775 0.00025
gear 0.000725 0.000825 0.001325 0.0032
seoul 0.00425 0.0003 0.000875 0.00065
pedro 0.000475 0.005475 0.0001 2.5e-05
loan 0.000375 0.0002 0.00535 0.000125
fact 0.0008 0.0018 0.000825 0.002625
beyond 0.001325 0.00095 0.0013 0.002475
berlin 0.00315 0.001325 0.001175 0.0004
desert 0.0026 0.000625 0.0001 0.002725
oklahoma 0.000375 0.00535 0.000225 0.0001
bomber 0.005725 0.00015 7.5e-05 0.0001
tini 0.00135 0.000175 0.000525 0.003975
smaller 0.0007 0.000225 0.00195 0.00315
treat 0.002025 0.000625 0.0016 0.001775
grab 0.00085 0.00385 0.000525 0.0008
mind 0.0009 0.002525 0.000625 0.00195
gate 0.00075 0.00035 0.001475 0.003425
size 0.000425 0.0004 0.001375 0.0038
coupl 0.001075 0.002425 0.001125 0.001375
founder 0.0007 0.000425 0.0021 0.002775
hall 0.000825 0.003925 0.000775 0.000475
slide 0.000675 0.0006 0.00375 0.000975
kind 0.00085 0.00185 0.000625 0.00265
jr 0.000375 0.004025 0.0011 0.000475
nikkei 0.000375 2.5e-05 0.00545 0.000125
commerc 0.000525 0.0001 0.003775 0.001575
bit 0.000325 0.001975 0.0015 0.00215
wonder 0.0006 0.00215 0.001425 0.001775
recommend 0.002025 0.00025 0.0017 0.001975
overtim 0.000275 0.00425 0.0012 0.000225
fastest 0.0004 0.0017 0.001025 0.002825
favor 0.0014 0.00095 0.0019 0.0017
writer 0.00105 0.00205 0.0014 0.00145
steel 0.0005 0.000175 0.005025 0.00025
wife 0.003025 0.001575 0.00095 0.000375
blood 0.00205 0.00165 0.00075 0.001475
slash 0.0006 0.000175 0.004175 0.000975
walt 0.000175 0.000475 0.00455 0.000725
organis 0.002325 0.0009 0.00175 0.00095
cast 0.002725 0.0005 0.00125 0.001425
atlant 0.0012 0.002075 0.001425 0.0012
me 0.00055 0.001975 0.000775 0.0026
scotland 0.000925 0.003875 0.0006 0.0005
larri 0.00015 0.00305 0.001225 0.001475
drove 0.000725 0.00335 0.00155 0.00025
deep 0.001425 0.001575 0.000875 0.002
martinez 0.00055 0.005125 5e-05 0.00015
environ 0.001175 0.000175 0.00085 0.003675
unbeaten 0.00015 0.005675 2.5e-05 2.5e-05
bryant 0.0002 0.00555 5e-05 7.5e-05
invit 0.001225 0.002925 0.000475 0.00125
restor 0.00295 0.0011 0.000925 0.000875
capac 0.00055 0.000175 0.00225 0.002875
quota 0.001375 0.00095 0.0027 0.000825
resort 0.00305 0.00115 0.001425 0.0002
vienna 0.003775 0.000925 0.000975 0.00015
falluja 0.00575 2.5e-05 2.5e-05 2.5e-05
discount 0.0003 5e-05 0.0043 0.00115
conserv 0.003575 0.0001 0.00065 0.001475
dc 0.00015 0.003525 0.001175 0.00095
virgin 0.0005 7.5e-05 0.0009 0.004325
65 0.000625 0.003475 0.001125 0.000575
holi 0.00465 0.0005 0.00025 0.0004
ray 0.000325 0.0042 0.000375 0.0009
jewish 0.005425 0.000275 2.5e-05 7.5e-05
pervez 0.0057 2.5e-05 5e-05 2.5e-05
micro 5e-05 2.5e-05 0.0008 0.0049
broken 0.0009 0.00325 0.00045 0.001175
fit 0.000775 0.003175 0.0003 0.001525
handl 0.001475 0.00105 0.001275 0.001975
ticket 0.00065 0.00195 0.002325 0.00085
weigh 0.0007 0.0004 0.003725 0.000925
penalti 0.001 0.002825 0.001225 0.0007
river 0.0012 0.002075 0.000775 0.001675
peter 0.00135 0.00225 0.0013 0.000825
ongo 0.001425 0.00055 0.0019 0.00185
wire 0.00075 0.000625 0.000975 0.003375
centr 0.001675 0.0015 0.0011 0.00145
franchis 7.5e-05 0.004175 0.000525 0.00095
contribut 0.00105 0.001125 0.002 0.001525
speak 0.0019 0.0013 0.000925 0.001575
flash 0.001575 0.000475 0.00045 0.0032
milan 0.000325 0.00425 0.001025 0.0001
egyptian 0.005275 2.5e-05 0.0001 0.0003
mr 0.002975 0.00075 0.001425 0.000525
fish 0.00065 0.001325 0.00035 0.00335
newcastl 0.0001 0.005375 5e-05 0.00015
destroy 0.003775 0.00035 0.000675 0.000875
harri 0.0017 0.00255 0.000975 0.00045
cingular 2.5e-05 2.5e-05 0.00365 0.001975
jan 0.0032 0.000925 0.00105 0.0005
greater 0.001575 0.000625 0.0018 0.001675
postseason 0.00025 0.005325 5e-05 5e-05
squar 0.001325 0.0019 0.001025 0.0014
fee 0.0002 0.000225 0.0042 0.001025
gun 0.00315 0.00105 0.000925 0.000525
perhap 0.00085 0.0025 0.00055 0.00175
80 0.001975 0.001075 0.000925 0.001675
marathon 0.000625 0.004525 0.000175 0.000325
sky 0.001175 0.00105 0.0007 0.0027
lake 0.000975 0.00255 0.000375 0.001725
contest 0.0014 0.0029 0.00065 0.000675
achiev 0.00135 0.0016 0.001175 0.0015
encourag 0.00135 0.000425 0.002025 0.001825
39ve 0.000225 0.00195 0.0008 0.00265
abandon 0.00235 0.0008 0.00065 0.0018
bin 0.004875 0.000125 0.0003 0.0003
ensur 0.002075 0.0013 0.000925 0.0013
violent 0.002925 0.00045 0.0001 0.002125
didnt 0.0009 0.003075 0.000425 0.0012
sri 0.00265 0.0024 0.0003 0.00025
wild 0.00055 0.003125 0.000325 0.0016
protocol 0.00195 5e-05 0.0004 0.0032
goe 0.00075 0.001875 0.001 0.00195
note 0.00095 0.001175 0.001975 0.001475
difficult 0.001325 0.002325 0.00095 0.000975
wont 0.0009 0.001375 0.0008 0.0025
ron 0.000175 0.005025 0.00015 0.000225
flat 0.000325 0.0003 0.003675 0.001275
frank 0.0004 0.003275 0.0015 0.0004
mysteri 0.0015 0.000775 0.00015 0.003125
allawi 0.0054 5e-05 5e-05 5e-05
postltbgtltfontgt 5e-05 2.5e-05 0.00035 0.005125
jersey 0.0005 0.0042 0.0005 0.00035
jay 0.00025 0.005075 0.00015 7.5e-05
assembl 0.002875 0.0004 0.00095 0.001325
bu 0.0034 0.000925 0.0003 0.000925
caught 0.0011 0.002925 0.0007 0.000825
spring 0.0008 0.001875 0.001375 0.0015
hacker 2.5e-05 2.5e-05 7.5e-05 0.0054
java 0.000275 2.5e-05 0.00025 0.004975
ceremoni 0.00305 0.00195 0.000175 0.00035
separatist 0.005325 0.0001 2.5e-05 7.5e-05
solid 0.00045 0.001575 0.002625 0.000875
behead 0.005325 5e-05 2.5e-05 0.000125
attract 0.00045 0.000675 0.002225 0.00215
touch 0.001025 0.00145 0.001575 0.00145
instant 0.00015 0.0006 0.0003 0.00445
either 0.000925 0.0023 0.000675 0.0016
pain 0.0008 0.001775 0.002125 0.0008
graphic 0.00025 5e-05 0.0004 0.004775
suspens 0.001175 0.0038 0.00035 0.00015
scott 0.0007 0.003225 0.00055 0.001
surround 0.002375 0.001425 0.00065 0.001025
rover 0.000175 0.001325 0.0004 0.003575
offset 0.0002 0.000225 0.00465 0.000375
saturn 2.5e-05 2.5e-05 7.5e-05 0.005325
piec 0.001 0.00105 0.0006 0.0028
democraci 0.005 5e-05 0.00015 0.00025
drink 0.00085 0.00085 0.00305 0.0007
leadership 0.003575 0.0005 0.000725 0.00065
super 0.00025 0.00455 0.0003 0.00035
throughout 0.00135 0.00135 0.00095 0.001775
scientif 0.00045 2.5e-05 0.0012 0.00375
robot 0.00015 2.5e-05 0.00025 0.005
environment 0.0011 7.5e-05 0.000975 0.003275
newli 0.00175 0.0006 0.000825 0.00225
juri 0.00075 0.001125 0.00255 0.001
combat 0.002825 0.00015 0.0006 0.00185
cuba 0.0043 0.0007 0.000375 5e-05
apart 0.002425 0.00095 0.00105 0.001
usual 0.00065 0.00225 0.0009 0.0016
verizon 2.5e-05 2.5e-05 0.00275 0.0026
disc 0.0002 0.0003 0.000125 0.004775
crack 0.001075 0.001575 0.00055 0.0022
washingtonpostcom 0.00045 2.5e-05 5e-05 0.004875
respect 0.00195 0.001925 0.0007 0.000825
theft 0.000275 0.000125 0.000475 0.004525
lay 0.001375 0.00055 0.00245 0.001025
annan 0.00525 2.5e-05 2.5e-05 0.0001
labour 0.0039 0.000225 0.00115 0.000125
doesnt 0.000825 0.001525 0.000875 0.00215
locat 0.0013 0.000275 0.001125 0.002675
surfac 0.001025 0.0004 0.0005 0.00345
auburn 2.5e-05 0.005175 0.000125 5e-05
fourthquart 0.0001 0.00075 0.003925 0.000575
justin 0.000325 0.0046 0.0002 0.000225
preseason 2.5e-05 0.00525 5e-05 2.5e-05
trigger 0.00295 0.00025 0.001525 0.000625
hat 0.0002 0.0005 0.0003 0.00435
ident 0.000725 0.0004 0.0006 0.003625
bangladesh 0.0028 0.002175 0.000275 0.0001
foundat 0.00025 0.000525 0.000525 0.00405
doesn 0.00025 0.00255 0.00135 0.0012
bigley 0.00505 2.5e-05 2.5e-05 0.00025
massachusett 0.00045 0.0011 0.0029 0.000875
onto 0.001275 0.00115 0.0006 0.0023
paper 0.0015 0.0008 0.001625 0.0014
lie 0.001625 0.000925 0.001875 0.000875
vijay 0.00025 0.004925 5e-05 7.5e-05
redskin 2.5e-05 0.0051 0.00015 2.5e-05
social 0.002425 5e-05 0.00125 0.001575
thoma 0.0004 0.0031 0.0013 0.0005
altern 0.00025 0.000125 0.000875 0.00405
equiti 0.000125 2.5e-05 0.004775 0.000375
assassin 0.00425 0.00015 2.5e-05 0.000875
revis 0.00065 0.000425 0.00285 0.001375
boom 0.0009 0.000175 0.002425 0.001775
task 0.00115 0.000775 0.000475 0.002875
typhoon 0.0045 0.000425 0.000125 0.000225
hp 2.5e-05 2.5e-05 0.00015 0.005075
impress 0.00045 0.003075 0.000575 0.001175
longterm 0.0008 0.000675 0.002475 0.001325
bob 0.000525 0.003475 0.000625 0.00065
intens 0.002075 0.0011 0.0008 0.001275
regular 0.000225 0.00325 0.000625 0.00115
driven 0.001025 0.0002 0.00295 0.001075
southeast 0.0028 0.000225 0.001675 0.00055
trail 0.0012 0.0031 0.000425 0.000525
55 0.00095 0.000625 0.003025 0.00065
everyth 0.00065 0.002225 0.000725 0.001625
lock 0.001175 0.0017 0.001225 0.001125
explain 0.0011 0.00135 0.000675 0.0021
anyon 0.0008 0.0019 0.0006 0.001925
perfect 0.0004 0.0033 0.0002 0.001325
art 0.001225 0.0011 0.00055 0.00235
leg 0.00065 0.003525 0.0003 0.00075
supplier 0.000525 0.0001 0.002875 0.001725
owen 0.000125 0.00485 0.0002 5e-05
subsidiari 0.000325 2.5e-05 0.003525 0.00135
kofi 0.005075 2.5e-05 2.5e-05 0.0001
particip 0.00145 0.00105 0.001175 0.001525
smart 0.000625 0.0007 0.0006 0.003275
edward 0.00195 0.0015 0.000925 0.000825
intent 0.001525 0.001225 0.001275 0.001175
alsadr 0.005125 2.5e-05 2.5e-05 2.5e-05
reviv 0.00225 0.000775 0.001575 0.0006
pose 0.0014 0.000575 0.000875 0.00235
retain 0.0008 0.00235 0.000675 0.001375
tap 0.0006 0.0004 0.0019 0.002275
freed 0.004875 0.000175 2.5e-05 0.0001
stretch 0.000825 0.0029 0.000975 0.000475
drew 0.000875 0.003375 0.000675 0.00025
fellow 0.001175 0.002875 0.000425 0.0007
orlando 0.000175 0.004125 0.000225 0.00065
cloth 0.00055 0.000325 0.003675 0.000625
aggress 0.000775 0.000575 0.0018 0.002
sit 0.001 0.002375 0.000675 0.0011
howev 0.0007 0.00155 0.00085 0.00205
citizen 0.00335 0.0004 0.0005 0.0009
respond 0.001875 0.001 0.0009 0.001375
45 0.000875 0.00125 0.002325 0.0007
communist 0.004275 0.0001 0.00055 0.000225
plung 0.001 0.0003 0.00315 0.0007
marsh 0.000125 0.0001 0.004775 0.00015
revers 0.00105 0.000675 0.00255 0.00085
pirat 0.000275 0.001875 7.5e-05 0.0029
wifi 2.5e-05 2.5e-05 0.00025 0.004825
statu 0.0014 0.00185 0.001075 0.0008
sexual 0.001775 0.0016 0.0003 0.00145
lion 0.00025 0.004 0.00045 0.000425
roddick 0.000325 0.00475 2.5e-05 2.5e-05
stroke 0.0006 0.0025 0.0015 0.000525
princ 0.0041 0.00025 0.000275 0.0005
reelect 0.003325 0.00015 0.001025 0.000625
corrupt 0.0041 0.0001 0.00055 0.000375
advis 0.001975 0.00035 0.002 0.0008
taliban 0.005025 2.5e-05 2.5e-05 5e-05
x 7.5e-05 0.00015 7.5e-05 0.0048
cold 0.001525 0.000825 0.001675 0.001075
color666666gtltbgtth 5e-05 2.5e-05 0.00035 0.004675
deleg 0.003975 0.000325 0.0003 0.0005
transfer 0.000975 0.001675 0.00105 0.0014
33 0.001025 0.002425 0.0011 0.00055
42 0.000625 0.003075 0.001025 0.000375
isn 0.000775 0.002125 0.00115 0.00105
ali 0.004325 0.0003 0.000425 5e-05
burn 0.00165 0.00125 0.0004 0.001775
lee 0.001125 0.002875 0.0005 0.000575
adam 0.001325 0.0027 0.000325 0.000725
bobbi 0.0009 0.004025 7.5e-05 7.5e-05
raven 0.000225 0.004625 2.5e-05 0.0002
sunni 0.004525 0.000225 0.0001 0.000225
rich 0.00105 0.001375 0.001425 0.0012
heard 0.00155 0.0014 0.00065 0.00145
consol 0.0001 0.000375 0.0004 0.004175
class 0.000975 0.0012 0.001175 0.0017
pois 0.001225 0.001175 0.001825 0.000825
ny 0.0002 0.00355 0.00075 0.00055
monetari 0.0004 5e-05 0.00455 5e-05
peacekeep 0.0049 2.5e-05 7.5e-05 5e-05
orlean 0.000325 0.00435 0.000275 0.0001
brazilian 0.001225 0.003075 0.00045 0.0003
columbia 0.000275 0.001275 0.0007 0.002775
anyth 0.00055 0.002025 0.0007 0.00175
bolster 0.0012 0.0003 0.00215 0.001375
era 0.0013 0.00155 0.00085 0.001325
automak 0.000375 0.000125 0.00415 0.000375
andr 0.000275 0.004575 0.000125 5e-05
samsung 2.5e-05 0.000575 0.001175 0.00325
shipment 0.000875 5e-05 0.002075 0.002025
succeed 0.001875 0.00085 0.001375 0.0009
virus 7.5e-05 2.5e-05 0.000175 0.004725
aol 2.5e-05 5e-05 0.00065 0.004275
jim 0.000225 0.004 0.000225 0.00055
bat 0.000225 0.004575 5e-05 0.00015
sidelin 0.00075 0.00385 0.000275 0.000125
infring 5e-05 2.5e-05 0.001275 0.00365
sex 0.0027 0.0006 0.000425 0.001275
beta 2.5e-05 2.5e-05 7.5e-05 0.004875
swiss 0.0007 0.00195 0.001675 0.000675
zimbabw 0.0026 0.002225 0.000125 5e-05
stronger 0.000975 0.00035 0.003025 0.00065
usa 0.000225 0.002475 0.00115 0.001125
convinc 0.000975 0.00205 0.00085 0.0011
notebook 2.5e-05 5e-05 0.000525 0.004375
toy 0.0004 0.00015 0.003825 0.0006
disclos 0.000675 0.000825 0.0023 0.001175
greenspan 0.00055 7.5e-05 0.004325 2.5e-05
antonio 0.00025 0.004325 0.0003 0.0001
util 0.000225 0.000175 0.002625 0.001925
laboratori 0.00025 0.000475 0.001725 0.0025
escap 0.002625 0.001325 0.0007 0.0003
postpon 0.001175 0.001625 0.000875 0.001275
miner 0.002225 0.0001 0.00225 0.000375
tent 0.001625 0.00025 0.002675 0.0004
ocean 0.00105 0.0001 0.000275 0.0035
conclud 0.00195 0.000925 0.00095 0.0011
martha 0.0003 5e-05 0.004375 0.0002
favorit 0.00025 0.002525 0.000425 0.001725
rememb 0.00085 0.00235 0.00045 0.001275
trend 0.000275 0.0004 0.001925 0.002325
april 0.001075 0.001075 0.001575 0.0012
wage 0.0014 0.0003 0.0029 0.000325
54 0.000625 0.002075 0.002025 0.0002
embattl 0.0013 0.0002 0.003275 0.00015
heavyweight 0.00025 0.003525 0.000625 0.000525
door 0.001025 0.001275 0.001125 0.001475
reflect 0.000875 0.00055 0.002375 0.0011
iranian 0.004325 0.000125 0.000275 0.000175
shrine 0.004625 7.5e-05 7.5e-05 0.000125
anniversari 0.0033 0.0005 0.000275 0.000825
ride 0.0006 0.001775 0.00125 0.001275
guerrilla 0.00475 0.0001 2.5e-05 2.5e-05
headquart 0.00245 0.00025 0.001525 0.000675
bbc 0.0031 0.00055 0.0005 0.00075
fanni 5e-05 5e-05 0.00475 5e-05
mae 7.5e-05 2.5e-05 0.00475 5e-05
36 0.000775 0.002275 0.001375 0.00045
movement 0.0034 0.0004 0.000325 0.00075
wicket 0.0006 0.004225 2.5e-05 2.5e-05
uefa 0.000175 0.00465 2.5e-05 2.5e-05
infrastructur 0.000275 2.5e-05 0.00145 0.0031
blog 7.5e-05 0.000175 7.5e-05 0.004525
guy 0.000475 0.0028 0.000725 0.00085
enjoy 0.0008 0.0017 0.0011 0.00125
regist 0.001475 0.0009 0.00115 0.001325
enhanc 0.0004 0.000325 0.000475 0.00365
forum 0.00065 0.000425 0.00065 0.003125
steadi 0.000425 0.0007 0.002725 0.001
gymnast 0.000425 0.0043 0.0001 2.5e-05
child 0.002375 0.00045 0.00055 0.001475
casino 0.000175 0.000325 0.003975 0.000375
toshiba 0.000125 2.5e-05 0.000675 0.004025
politician 0.003775 0.000125 0.0003 0.000625
matt 0.00015 0.004275 0.000125 0.000275
argentina 0.001225 0.002525 0.00095 0.000125
brokerag 0.00015 5e-05 0.00445 0.000175
ken 0.001925 0.001825 0.000475 0.0006
compon 0.000175 5e-05 0.00155 0.00305
hewitt 0.000225 0.0045 5e-05 5e-05
trust 0.000775 0.000375 0.00255 0.001125
squad 0.000825 0.0039 2.5e-05 7.5e-05
pacer 5e-05 0.004725 2.5e-05 2.5e-05
implement 0.0012 2.5e-05 0.0009 0.002675
core 0.0004 0.0001 0.00185 0.00245
hike 0.0003 5e-05 0.0041 0.00035
erupt 0.002575 0.0006 0.00015 0.001475
gordon 0.000325 0.001975 0.0013 0.0012
schill 0.000275 0.00445 5e-05 2.5e-05
knew 0.00075 0.00235 0.0008 0.000875
solar 0.000225 2.5e-05 7.5e-05 0.00445
everyon 0.00055 0.00215 0.000675 0.0014
51 0.000525 0.002125 0.001575 0.00055
northeast 0.0024 0.00035 0.0015 0.000525
spirit 0.000625 0.0015 0.00075 0.0019
rome 0.00275 0.001225 0.000625 0.000175
lanka 0.002075 0.002175 0.0003 0.000225
tabl 0.00105 0.002225 0.0008 0.0007
scale 0.002025 0.000425 0.0013 0.001025
father 0.0028 0.001125 0.0002 0.00065
resist 0.002725 0.000275 0.00085 0.000925
48 0.001425 0.00105 0.001825 0.00045
vs 0.00015 0.003875 0.0002 0.000525
andrew 0.00075 0.00275 0.0009 0.00035
subject 0.00115 0.000775 0.0015 0.001325
regard 0.00085 0.001175 0.00135 0.001375
lewi 0.000275 0.00335 0.0009 0.000225
syria 0.004475 2.5e-05 5e-05 0.000175
tree 0.0017 0.00055 0.0011 0.001375
jackson 0.00105 0.00315 0.000275 0.00025
kobe 0.00015 0.004525 2.5e-05 2.5e-05
affair 0.003 0.000525 0.000725 0.000475
soft 0.000275 0.000175 0.003775 0.0005
barcelona 0.000175 0.004075 5e-05 0.000425
pipelin 0.0019 5e-05 0.002375 0.000375
highli 0.000775 0.00055 0.000875 0.0025
argu 0.001275 0.0008 0.00115 0.001475
liber 0.003525 0.00015 0.000525 0.0005
laden 0.004175 5e-05 0.000275 0.0002
49 0.0013 0.000625 0.002075 0.0007
m 0.000275 0.000575 0.00205 0.0018
circuit 0.000175 0.001725 0.0015 0.0013
meter 0.000475 0.003775 0.000175 0.000275
kidnapp 0.004525 0.000125 2.5e-05 2.5e-05
jack 0.00215 0.00095 0.00115 0.00045
buyer 0.0002 5e-05 0.003175 0.001275
chemic 0.00165 5e-05 0.0019 0.0011
reliev 0.000675 0.002975 0.0007 0.00035
librari 0.000475 7.5e-05 0.00045 0.0037
bare 0.000825 0.00155 0.001425 0.000875
astronom 0.00015 2.5e-05 5e-05 0.00445
snap 0.000825 0.00205 0.000975 0.000825
vaccin 0.001075 2.5e-05 0.002125 0.00145
stronghold 0.004475 2.5e-05 7.5e-05 0.0001
sustain 0.00115 0.001175 0.001425 0.000925
scene 0.002225 0.00115 0.00035 0.00095
beckham 0.0001 0.004075 5e-05 0.00045
arthriti 0.000275 2.5e-05 0.0041 0.000275
oppos 0.00215 0.00095 0.0008 0.00075
examin 0.001475 0.0008 0.000975 0.0014
dope 0.00015 0.0043 2.5e-05 0.000175
activist 0.003525 0.000125 0.0003 0.0007
fair 0.001525 0.00085 0.001125 0.00115
type 0.000275 0.00055 0.0005 0.003325
mosqu 0.00455 2.5e-05 2.5e-05 5e-05
label 0.0008 0.000375 0.00085 0.0026
detect 0.001025 0.000325 0.000425 0.00285
landmark 0.003025 0.000175 0.000475 0.00095
quoti 0.000575 0.00315 0.000425 0.000475
arena 0.0002 0.0034 0.000325 0.0007
bridg 0.001725 0.00155 0.000525 0.000825
tear 0.001825 0.002425 0.00015 0.000225
nigerian 0.00275 0.00015 0.0016 0.000125
chechen 0.004475 2.5e-05 2.5e-05 0.0001
slump 0.00035 0.001575 0.0025 0.000175
aliv 0.002225 0.001575 0.0003 0.0005
qaeda 0.0043 5e-05 0.00015 0.0001
bottom 0.000475 0.002525 0.000725 0.000875
90 0.000975 0.000925 0.000675 0.002025
morgan 0.000525 0.001 0.002725 0.00035
rooney 0.000225 0.004275 5e-05 5e-05
guid 0.0004 0.00135 0.001175 0.00165
bitter 0.001375 0.0013 0.001325 0.000575
ice 0.0003 0.00175 0.0003 0.002225
complaint 0.001225 0.000475 0.001375 0.0015
optim 0.0006 0.00045 0.001825 0.0017
maria 0.0007 0.00365 0.000175 5e-05
ii 0.002725 0.000425 0.0003 0.001125
enforc 0.00125 0.000425 0.00115 0.00175
asid 0.001075 0.0011 0.001775 0.000625
mayor 0.001875 0.001325 0.0007 0.000675
sometim 0.00075 0.000975 0.000725 0.0021
osama 0.004075 2.5e-05 0.000225 0.000225
obtain 0.0011 0.000475 0.0011 0.001875
starter 0.00015 0.003775 2.5e-05 0.0006
tworun 0.000225 0.004275 2.5e-05 2.5e-05
packer 5e-05 0.0042 0.000275 2.5e-05
46 0.00055 0.0022 0.001625 0.000175
curt 0.00025 0.004175 7.5e-05 5e-05
coup 0.0041 0.00015 0.00015 0.00015
piraci 7.5e-05 2.5e-05 0.000225 0.0042
batter 0.001675 0.001175 0.0014 0.000275
cbc 2.5e-05 0.0043 7.5e-05 0.000125
extrem 0.001225 0.000725 0.00055 0.002
fierc 0.002525 0.0006 0.00085 0.000525
wrap 0.00125 0.0017 0.00055 0.001
ankl 0.0001 0.004325 2.5e-05 5e-05
52 0.000675 0.002375 0.00135 0.0001
recruit 0.00225 0.0011 0.000375 0.000775
appli 0.000725 0.000425 0.0015 0.00185
comeback 0.000525 0.00355 0.00025 0.000175
successor 0.002225 0.0005 0.0008 0.000975
spywar 7.5e-05 2.5e-05 0.000275 0.0041
34 0.000975 0.001525 0.0012 0.000775
easier 0.000275 0.0004 0.000775 0.003025
mistak 0.001475 0.001975 0.00045 0.00055
netherland 0.001825 0.00125 0.00075 0.000625
understand 0.001075 0.001 0.00055 0.001825
blockbust 0.00015 0.00045 0.002925 0.000925
presenc 0.001475 0.000725 0.0012 0.00105
turkish 0.004 0.00015 0.000175 0.000125
d 0.0002 0.00145 0.0016 0.0012
tourist 0.003 0.0005 0.00025 0.0007
ltpgtltpgtltpgt 0.002325 2.5e-05 0.000675 0.001425
languag 0.00075 0.0002 0.000275 0.003225
steeler 5e-05 0.00435 2.5e-05 2.5e-05
incid 0.002575 0.0011 0.00015 0.000625
curb 0.001275 0.000125 0.00215 0.000875
complex 0.00105 0.000475 0.00115 0.00175
function 0.0003 0.000175 0.0003 0.00365
shoulder 0.0002 0.003825 0.00015 0.00025
freez 0.0028 0.000175 0.000975 0.000475
frustrat 0.000725 0.0024 0.0004 0.0009
hamm 0.00055 0.003775 7.5e-05 2.5e-05
abduct 0.0041 0.000175 2.5e-05 0.000125
colt 7.5e-05 0.0043 2.5e-05 2.5e-05
wenger 7.5e-05 0.0043 2.5e-05 2.5e-05
mclennan 0.0001 2.5e-05 0.004275 2.5e-05
band 0.001025 0.000325 0.0006 0.00245
malaysia 0.0029 0.0001 0.000775 0.000625
infect 0.0009 0.000325 0.0002 0.002975
discoveri 0.00055 0.0001 0.000325 0.003425
shopper 0.000325 2.5e-05 0.002775 0.001275
jeann 0.002825 0.000775 0.000575 0.000225
actual 0.000425 0.0009 0.00065 0.0024
pioneer 0.000175 0.0001 0.001 0.0031
strateg 0.00095 7.5e-05 0.0018 0.00155
adrian 0.0006 0.0037 5e-05 2.5e-05
stephen 0.00045 0.00265 0.000675 0.0006
compens 0.001425 0.00045 0.002025 0.000475
constitut 0.0035 0.000125 0.00035 0.0004
definit 0.000675 0.0009 0.0009 0.0019
43 0.000625 0.00205 0.00155 0.00015
caribbean 0.0028 0.00045 0.000425 0.000675
mayb 0.0002 0.002625 0.000525 0.001
twoyear 0.0005 0.0026 0.000875 0.000375
longawait 0.0004 0.000475 0.001425 0.00205
greatest 0.00055 0.002625 0.0002 0.000975
remark 0.001125 0.00175 0.000925 0.00055
relationship 0.000975 0.0009 0.000675 0.001775
photograph 0.00225 0.0003 0.000525 0.00125
hors 0.000275 0.00255 0.00015 0.00135
venezuela 0.00265 0.000375 0.00115 0.00015
editor 0.00105 0.0002 0.00105 0.002025
indi 0.000175 0.00405 2.5e-05 7.5e-05
phoenix 0.000275 0.0035 0.0003 0.00025
especi 0.00055 0.001025 0.00105 0.0017
miller 0.000175 0.003675 0.00035 0.000125
austria 0.001075 0.002525 0.000325 0.0004
evacu 0.0034 0.000275 0.000475 0.000175
jaguar 0.00015 0.0029 0.001175 0.0001
nobel 0.002375 7.5e-05 0.0002 0.00165
invas 0.003425 5e-05 0.0002 0.000625
brain 0.00065 0.000675 0.000175 0.0028
acknowledg 0.001975 0.0006 0.00075 0.000975
batteri 0.0003 0.0004 0.000375 0.003225
highlight 0.00105 0.001275 0.0008 0.001175
vega 0.00035 0.00245 0.000875 0.000625
pursu 0.0016 0.000575 0.000925 0.0012
fouryear 0.000625 0.0023 0.000775 0.0006
vietnam 0.0028 0.000125 0.0011 0.000275
lleyton 0.00015 0.0041 2.5e-05 2.5e-05
silicon 2.5e-05 7.5e-05 0.000525 0.00365
letter 0.001325 0.000675 0.001325 0.00095
contend 0.000775 0.002075 0.0006 0.000825
repeat 0.00145 0.001725 0.000625 0.000475
navi 0.001825 0.001375 0.0007 0.000375
clean 0.001175 0.000775 0.000975 0.00135
philip 0.000425 0.00065 0.00185 0.00135
bargain 0.000475 0.001375 0.00195 0.00045
collabor 0.000775 0.0001 0.000325 0.00305
multipl 0.00065 0.0003 0.00085 0.00245
cassini 5e-05 2.5e-05 2.5e-05 0.00415
jordan 0.002025 0.001875 0.0001 0.00025
narrow 0.000625 0.000775 0.002425 0.000425
oversea 0.0008 0.000275 0.00185 0.001325
unpreced 0.001625 0.0011 0.00075 0.000775
53 0.000675 0.001475 0.001775 0.000325
sentiment 0.00045 0.000225 0.003375 0.0002
crown 0.001225 0.0021 0.0005 0.000425
sbc 2.5e-05 0.00045 0.0022 0.001575
steroid 0.0001 0.003875 7.5e-05 0.0002
charlott 0.000425 0.003 0.000625 0.0002
arabia 0.00195 5e-05 0.001975 0.00025
telescop 2.5e-05 5e-05 5e-05 0.0041
anthoni 0.000125 0.0034 0.0004 0.0003
id 0.000175 0.00015 0.00045 0.00345
mostli 0.0012 0.000625 0.001575 0.000825
secondlargest 0.000325 2.5e-05 0.003225 0.00065
condemn 0.0031 0.00055 0.0002 0.000375
petroleum 0.00045 2.5e-05 0.0036 0.00015
margin 0.0008 0.0006 0.0024 0.000425
sight 0.0005 0.00145 0.00095 0.001325
shanghai 0.00075 0.001875 0.001 0.000575
outsourc 0.000175 2.5e-05 0.001675 0.002325
spammer 5e-05 2.5e-05 0.0003 0.003825
antiviru 2.5e-05 2.5e-05 0.000175 0.003975
lowest 0.0003 0.000325 0.0034 0.000175
hassan 0.004075 5e-05 5e-05 2.5e-05
blew 0.002875 0.000725 0.00025 0.00035
ben 0.000375 0.003025 0.000575 0.0002
showdown 0.001 0.002825 0.000125 0.000225
convoy 0.004025 7.5e-05 5e-05 2.5e-05
crush 0.00135 0.002125 0.00045 0.00025
sack 0.00105 0.0028 0.000225 0.0001
tumbl 0.00035 0.000325 0.003175 0.0003
prais 0.001725 0.001375 0.000475 0.000575
exhibit 0.000575 0.002425 0.000325 0.000825
congo 0.0039 5e-05 5e-05 0.00015
lab 0.000275 0.0003 0.000425 0.00315
foot 0.00075 0.002275 0.000625 0.0005
mp3 2.5e-05 2.5e-05 0.000125 0.003975
bankrupt 0.0001 7.5e-05 0.00365 0.000325
deliveri 0.0004 0.000225 0.001675 0.00185
fed 0.000275 0.001175 0.002025 0.000675
capsul 0.0004 7.5e-05 7.5e-05 0.0036
excit 0.000225 0.00205 0.0007 0.001175
ferguson 0.0002 0.003825 0.0001 2.5e-05
bet 0.000325 0.000875 0.0022 0.000725
tropic 0.003125 7.5e-05 0.0002 0.000725
roundup 7.5e-05 2.5e-05 0.0002 0.003825
regulatori 0.000225 2.5e-05 0.00255 0.001325
manmohan 0.0036 2.5e-05 0.000475 2.5e-05
bull 0.00025 0.00325 0.000575 5e-05
carter 0.000475 0.003525 0.0001 2.5e-05
spi 0.002675 2.5e-05 2.5e-05 0.0014
threegam 0.000125 0.00395 2.5e-05 2.5e-05
brief 0.00115 0.000875 0.001225 0.000875
maryland 0.00015 0.00255 0.0004 0.001025
felt 0.00065 0.002575 0.0006 0.0003
ryan 5e-05 0.003175 0.00025 0.00065
carl 0.00015 0.0026 0.0012 0.000175
homeland 0.00135 0.000175 0.0004 0.0022
church 0.00325 0.000175 0.000325 0.000375
fileshar 5e-05 2.5e-05 0.000725 0.003325
oneday 0.000625 0.003025 0.000325 0.00015
bigger 0.0005 0.000775 0.00145 0.001375
aboard 0.001675 0.000325 0.000275 0.001825
contact 0.00135 0.00065 0.000525 0.001575
flow 0.000875 0.000525 0.001575 0.001125
fiveyear 0.00075 0.00145 0.001425 0.000475
inaugur 0.001425 0.002275 0.00025 0.00015
bc 0.000375 0.0034 0.000125 0.0002
famou 0.001025 0.001275 0.0007 0.001075
consult 0.000625 0.0002 0.001675 0.001575
reader 7.5e-05 0.000225 0.00055 0.003225
opinion 0.001375 0.00075 0.000625 0.001325
divid 0.002425 0.000325 0.0007 0.000625
fought 0.0018 0.001425 0.000475 0.000375
wear 0.00115 0.00205 0.0004 0.000475
seal 0.001325 0.0015 0.000675 0.000575
detain 0.00375 0.0001 0.000175 5e-05
volum 0.000175 0.00015 0.00265 0.0011
valley 0.000475 0.0008 0.00115 0.001625
notic 0.00055 0.000875 0.000775 0.00185
innov 0.000175 5e-05 0.00085 0.002975
playstat 0.0001 2.5e-05 0.0002 0.003725
tank 0.0029 0.0001 0.000475 0.000575
inquiri 0.002075 0.0003 0.00145 0.000225
vodafon 7.5e-05 7.5e-05 0.0015 0.0024
palm 0.0008 0.0013 0.00045 0.0015
sweden 0.0007 0.002125 0.000425 0.0008
normal 0.000875 0.000675 0.001125 0.00135
rape 0.0018 0.00195 0.000125 0.00015
spitzer 5e-05 2.5e-05 0.003525 0.000425
margaret 0.003775 7.5e-05 5e-05 0.000125
flagship 0.000125 5e-05 0.001625 0.002225
string 0.0017 0.000675 0.001 0.00065
religi 0.00355 7.5e-05 7.5e-05 0.000325
kenneth 0.00305 0.000125 0.000525 0.000325
pole 0.000275 0.0031 0.000175 0.000475
object 0.00105 0.00035 0.000725 0.0019
accid 0.0017 0.00115 0.000375 0.000775
qualiti 0.00015 0.000725 0.000925 0.0022
ipo 2.5e-05 2.5e-05 0.002225 0.001725
restrict 0.001275 0.0005 0.001325 0.0009
cant 0.0004 0.0011 0.000475 0.002025
repair 0.00025 0.001275 0.00045 0.002025
laptop 0.0001 2.5e-05 0.000325 0.00355
choos 0.00155 0.000625 0.000625 0.0012
briton 0.002525 0.00095 0.00025 0.000275
split 0.000825 0.001225 0.001325 0.000625
sear 0.0001 0.000125 0.00365 0.000125
ca 0.0001 0.0021 0.00035 0.001425
tire 0.000525 0.001 0.0016 0.00085
hail 0.00185 0.001225 0.00025 0.00065
nortel 5e-05 2.5e-05 0.002925 0.000975
sa 0.000525 0.00015 0.00275 0.00055
buri 0.0026 0.00055 5e-05 0.000775
referendum 0.00285 7.5e-05 0.000825 0.000225
motorola 7.5e-05 2.5e-05 0.0015 0.002375
amsterdam 0.0017 0.000625 0.00065 0.001
mail 0.0005 0.00025 0.000925 0.002275
isnt 0.000425 0.00105 0.0005 0.001975
henri 0.00025 0.00305 0.00035 0.0003
ancient 0.000875 0.000925 0.0002 0.00195
phelp 0.0009 0.00295 5e-05 5e-05
counterpart 0.001875 0.000575 0.00095 0.00055
monthli 0.0004 7.5e-05 0.001975 0.0015
backup 0.000225 0.002025 0.000375 0.001325
wasn 0.000225 0.003125 0.00025 0.00035
lebanon 0.0038 2.5e-05 7.5e-05 5e-05
beslan 0.003825 2.5e-05 5e-05 5e-05
gap 0.00045 0.000875 0.001925 0.000675
stall 0.002375 0.0003 0.001 0.00025
medicin 0.00065 7.5e-05 0.001625 0.001575
contractor 0.00145 7.5e-05 0.001425 0.000975
150 0.00145 0.000475 0.000975 0.001025
tighten 0.001675 0.0004 0.001375 0.000475
instrument 0.00035 0.0001 0.001175 0.002275
clinic 0.00055 0.00045 0.002375 0.000525
overhaul 0.0012 0.0005 0.0012 0.001
northeastern 0.00195 0.00115 0.00035 0.00045
plenti 0.000375 0.00165 0.000775 0.0011
someon 0.000475 0.0015 0.000525 0.0014
unemploy 0.00095 0.000125 0.002725 0.0001
map 0.00075 0.0003 0.000325 0.002525
liquid 0.0002 2.5e-05 0.00185 0.001825
assess 0.001125 0.000375 0.001325 0.001075
39ll 0.000275 0.001825 0.0009 0.0009
acceler 0.000625 7.5e-05 0.001275 0.001925
overcom 0.00095 0.0022 0.00035 0.0004
trafford 0.00015 0.0037 2.5e-05 2.5e-05
sens 0.00065 0.001175 0.000725 0.001325
color 0.0004 0.000575 0.000375 0.002525
shown 0.001375 0.00085 0.000725 0.000925
im 0.000225 0.000475 0.000275 0.0029
interior 0.003175 2.5e-05 0.000175 0.0005
orang 0.00035 0.00215 0.000575 0.0008
brawl 0.00015 0.00365 2.5e-05 5e-05
buffalo 2.5e-05 0.003425 0.0002 0.000225
golden 0.0002 0.0029 0.00045 0.000325
1990 0.000975 0.000425 0.0011 0.001375
cowboy 0.000225 0.00355 7.5e-05 2.5e-05
branch 0.0007 0.000375 0.001675 0.001125
assur 0.00135 0.00105 0.001 0.000475
bloodi 0.003275 0.00025 0.000125 0.000225
descript 0.0012 0.000575 0.00095 0.00115
chile 0.002675 0.0005 0.0004 0.0003
hang 0.00075 0.001425 0.001025 0.00065
charley 0.00095 5e-05 0.002275 0.000575
daniel 0.000625 0.001375 0.000725 0.001125
feet 0.0009 0.001275 0.0005 0.001175
destruct 0.002675 5e-05 0.0004 0.000725
influenc 0.001675 0.00065 0.000725 0.0008
restaur 0.00075 0.000325 0.002425 0.00035
dick 0.002275 0.00095 0.000275 0.00035
unexpect 0.000575 0.00065 0.0016 0.001025
xbox 2.5e-05 2.5e-05 5e-05 0.00375
bounc 0.000325 0.00155 0.001525 0.000425
spacecom 2.5e-05 2.5e-05 2.5e-05 0.00375
exclus 0.000525 0.00065 0.00105 0.0016
sluggish 0.00045 0.000375 0.0026 0.0004
stern 0.000275 0.001325 0.001875 0.00035
kmart 5e-05 5e-05 0.0037 2.5e-05
tribun 0.002575 0.000225 0.000925 0.0001
lockout 7.5e-05 0.0035 0.000225 2.5e-05
cocacola 0.000125 0.0001 0.0035 0.0001
gasolin 0.000375 2.5e-05 0.003275 0.00015
kim 0.001075 0.002175 0.0001 0.000475
citigroup 0.0001 2.5e-05 0.00355 0.00015
cairo 0.002975 2.5e-05 0.0008 2.5e-05
promin 0.001225 0.000525 0.0011 0.00095
simpl 0.00035 0.0012 0.000675 0.001575
articl 0.0002 0.000225 0.0005 0.002875
widespread 0.0016 0.000275 0.0007 0.001225
mother 0.0017 0.000825 0.000375 0.0009
rip 0.0024 0.000525 0.000175 0.0007
devil 0.000125 0.003475 7.5e-05 0.000125
firsthalf 0.000125 0.001325 0.0023 5e-05
dan 0.00025 0.002575 0.0001 0.000875
aviat 0.000475 7.5e-05 0.00225 0.001
swap 0.000525 0.00045 0.001025 0.0018
palac 0.0019 0.001625 0.000175 0.0001
44 0.000925 0.000875 0.0015 0.0005
shortag 0.00085 7.5e-05 0.00195 0.0009
eventu 0.0007 0.00095 0.0008 0.001325
peak 0.0003 0.000425 0.0018 0.00125
theyr 0.00035 0.000825 0.00035 0.00225
nc 0.00035 0.002475 0.000625 0.000325
cycl 0.0006 0.00215 0.000325 0.0007
port 0.0013 0.00035 0.00095 0.001175
trap 0.002675 0.000375 0.0002 0.000525
proceed 0.001125 0.000475 0.0013 0.000875
3g 5e-05 2.5e-05 0.00085 0.00285
nextgener 2.5e-05 2.5e-05 0.0005 0.003225
tip 0.000925 0.000875 0.0006 0.001375
secondquart 0.000175 7.5e-05 0.0033 0.000225
whole 0.0006 0.00105 0.001 0.001125
oneyear 0.00015 0.0032 0.000275 0.00015
silver 0.00025 0.002825 0.000275 0.000425
startup 5e-05 5e-05 0.000525 0.00315
memphi 0.00015 0.00335 0.000175 0.0001
comfort 0.00055 0.002275 0.00045 0.0005
membership 0.00275 0.000175 0.000525 0.000325
creation 0.000875 0.0001 0.00115 0.00165
piston 5e-05 0.003675 2.5e-05 2.5e-05
adob 2.5e-05 2.5e-05 0.000625 0.0031
venu 0.00025 0.002775 2.5e-05 0.0007
flag 0.001075 0.00145 0.000775 0.00045
s 0.000475 0.00055 0.001825 0.0009
consortium 0.00025 0.000225 0.0016 0.001675
luxuri 0.00065 0.0005 0.002425 0.000175
allstar 0.000125 0.003575 2.5e-05 2.5e-05
va 0.000375 0.001525 0.00135 0.0005
midfield 0.0001 0.0036 2.5e-05 2.5e-05
f 0.0007 0.00085 0.001025 0.00115
fate 0.0021 0.000875 0.00045 0.0003
dog 0.001125 0.000625 0.000475 0.0015
unusu 0.0009 0.000525 0.0009 0.0014
ip 0.0001 2.5e-05 0.00045 0.00315
happi 0.00045 0.0018 0.000575 0.0009
retreat 0.00055 0.000125 0.002425 0.000625
merg 0.0003 7.5e-05 0.00225 0.0011
physic 0.000675 0.001325 0.000175 0.00155
genet 0.000325 5e-05 0.000225 0.003125
desper 0.001425 0.001575 0.00045 0.000275
easili 0.000775 0.0012 0.00035 0.0014
khartoum 0.00365 2.5e-05 2.5e-05 2.5e-05
shape 0.000725 0.00095 0.000775 0.001275
connecticut 0.000175 0.002525 0.000675 0.00035
lineback 2.5e-05 0.00365 2.5e-05 2.5e-05
friendli 0.000325 0.00205 0.000725 0.000625
mosul 0.00365 2.5e-05 2.5e-05 2.5e-05
concess 0.0006 0.00025 0.002825 5e-05
coordin 0.0011 0.0017 0.000275 0.00065
usatodaycom 0.0007 0.0002 0.000325 0.002475
chad 0.00075 0.00255 0.000275 0.000125
fashion 0.000625 0.0015 0.000925 0.00065
lowcost 0.000225 2.5e-05 0.002025 0.001425
modern 0.000775 0.0009 0.000375 0.00165
captiv 0.00295 2.5e-05 7.5e-05 0.00065
exploit 0.00045 0.00025 0.0002 0.0028
ncaa 2.5e-05 0.003575 2.5e-05 7.5e-05
banker 0.000275 0.000125 0.003125 0.000175
phil 0.000375 0.0028 0.00025 0.000275
kodak 5e-05 5e-05 0.00175 0.00185
rocki 0.00015 0.0025 0.000375 0.00065
vast 0.00155 7.5e-05 0.0006 0.00145
1999 0.0005 0.0013 0.001225 0.00065
bangalor 0.000525 0.001425 0.000975 0.00075
visitor 0.000825 0.001125 0.000275 0.00145
sieg 0.00315 0.0001 0.0002 0.000225
milwauke 0.000125 0.00325 0.000175 0.000125
munich 0.000275 0.0026 0.0002 0.0006
steal 0.000325 0.00075 0.000375 0.002225
error 0.0006 0.0016 0.000725 0.00075
suppos 0.000325 0.00195 0.000625 0.000775
triumph 0.000275 0.0032 7.5e-05 0.000125
dealer 0.0007 0.000125 0.002725 0.000125
fortun 0.000575 0.00095 0.001525 0.000625
estat 0.000225 5e-05 0.002925 0.00045
realiti 0.00075 0.0007 0.0007 0.0015
dark 0.000725 0.001125 0.000325 0.001475
balanc 0.000375 0.000825 0.0014 0.00105
simpli 0.00045 0.001325 0.000425 0.00145
adapt 0.000325 0.000275 0.000375 0.002675
consolid 0.00065 0.000125 0.00155 0.001325
cellular 7.5e-05 0.000425 0.001075 0.002075
allen 0.000225 0.002175 0.00035 0.0009
threeyear 0.000325 0.0017 0.0009 0.000725
tape 0.001675 0.0009 0.0004 0.000675
quick 0.000875 0.0012 0.00065 0.000925
economist 0.0003 2.5e-05 0.003175 0.00015
250 0.0006 0.000275 0.0015 0.001275
deutsch 0.0002 0.001075 0.0019 0.000475
fox 0.001275 0.001175 0.0007 0.0005
sampl 0.0004 0.000725 0.000175 0.002325
patrick 0.000375 0.00255 0.000325 0.000375
broad 0.000925 0.000125 0.00145 0.001125
trojan 5e-05 0.00135 5e-05 0.002175
birdi 0.0001 0.003425 2.5e-05 7.5e-05
exactli 0.0006 0.00135 0.000575 0.0011
outfield 2.5e-05 0.00355 2.5e-05 2.5e-05
colombia 0.002775 0.000425 0.000275 0.00015
myanmar 0.003425 2.5e-05 0.000125 5e-05
unexpectedli 0.00035 0.00035 0.002675 0.00025
gartner 2.5e-05 2.5e-05 0.000475 0.003075
dip 0.000325 0.00015 0.00275 0.000375
listen 0.000775 0.00065 0.0007 0.001475
600 0.000625 0.00015 0.001775 0.00105
czech 0.0004 0.00295 0.000125 0.000125
tension 0.002425 0.000325 0.00065 0.0002
cheer 0.000825 0.001125 0.00105 0.0006
pool 0.000825 0.002075 0.00025 0.00045
dump 0.0011 0.00075 0.001025 0.000725
10000 0.00065 0.001125 0.001175 0.00065
77 0.0003 0.000375 0.001725 0.0012
illinoi 0.000225 0.00205 0.000575 0.00075
christian 0.002025 0.001 0.000225 0.00035
engag 0.001325 0.00035 0.001175 0.00075
exit 0.001 0.001075 0.001075 0.00045
2008 0.000525 0.0015 0.000275 0.0013
kid 0.000375 0.001375 0.00065 0.001175
snow 0.0003 0.000725 0.0023 0.00025
slowdown 0.0004 2.5e-05 0.002775 0.000375
true 0.000575 0.0016 0.000375 0.001025
mortar 0.00335 5e-05 5e-05 0.000125
santa 0.00055 0.000675 0.000875 0.001475
ziff 2.5e-05 2.5e-05 2.5e-05 0.0035
toyota 0.0002 0.001075 0.002025 0.000275
fullyear 7.5e-05 2.5e-05 0.0032 0.000275
februari 0.001125 0.00075 0.000725 0.000975
switzerland 0.0004 0.00245 0.00045 0.000275
headlin 0.00065 0.001275 0.001075 0.000575
femal 0.001975 0.000575 0.00025 0.000775
termin 0.0005 0.0005 0.001925 0.00065
ram 0.000575 0.00245 5e-05 0.0005
alzarqawi 0.0035 2.5e-05 2.5e-05 2.5e-05
expir 0.000875 0.0007 0.001425 0.00055
occur 0.001625 0.0005 0.000325 0.0011
gift 0.0004 0.000575 0.00135 0.001225
solv 0.000875 0.000525 0.0002 0.00195
argument 0.0009 0.000625 0.0011 0.000925
alert 0.00215 0.000125 0.000175 0.0011
heavili 0.00205 0.00035 0.0008 0.00035
landslid 0.003375 5e-05 7.5e-05 5e-05
symantec 5e-05 2.5e-05 0.001 0.002475
exercis 0.0012 0.00115 0.000475 0.000725
harmoni 0.000425 0.0001 0.002675 0.00035
print 0.000225 7.5e-05 0.00075 0.0025
persuad 0.0016 0.0004 0.000775 0.000775
pfizer 5e-05 2.5e-05 0.003225 0.00025
momentum 0.000925 0.0007 0.001125 0.000775
blackberri 2.5e-05 2.5e-05 0.00075 0.002725
neighbor 0.00265 0.000175 0.0003 0.000375
setback 0.0007 0.00095 0.000925 0.000925
confront 0.0016 0.00085 0.000525 0.000525
except 0.00085 0.001175 0.00075 0.000725
serious 0.002125 0.000725 0.000225 0.000425
dr 0.00115 0.00035 0.000725 0.001275
factor 0.000425 0.00065 0.0013 0.001125
twoday 0.001875 0.000225 0.00115 0.00025
widen 0.0007 0.000225 0.0022 0.000375
67 0.000275 0.002475 0.000425 0.000325
regain 0.000925 0.000825 0.001125 0.000625
bronz 0.00035 0.00285 5e-05 0.00025
computerworld 2.5e-05 2.5e-05 0.0004 0.00305
lure 0.000475 0.0005 0.001275 0.00125
tender 0.000225 0.0003 0.001825 0.00115
undergo 0.001125 0.001775 0.00025 0.00035
righthand 0.00025 0.003125 0.0001 2.5e-05
agassi 0.0002 0.003225 5e-05 2.5e-05
secretarygener 0.0033 2.5e-05 5e-05 0.000125
alltim 0.000275 0.00155 0.0015 0.000175
clemen 0.00025 0.0032 2.5e-05 2.5e-05
serena 0.000175 0.003175 2.5e-05 0.000125
shell 0.001025 0.000175 0.00145 0.000825
submit 0.000775 0.000725 0.001175 0.0008
sean 0.0001 0.001225 0.00035 0.0018
endang 0.000825 5e-05 0.000175 0.002425
equal 0.000575 0.001775 0.000675 0.00045
chipmak 7.5e-05 2.5e-05 0.00115 0.002225
suspicion 0.0024 0.000375 0.000125 0.000575
chavez 0.001925 0.000325 0.001125 0.0001
farm 0.000625 0.0006 0.001375 0.000875
stood 0.001 0.001475 0.0005 0.0005
duti 0.00125 0.000775 0.001 0.00045
pentagon 0.0017 2.5e-05 0.0011 0.00065
cd 7.5e-05 0.000225 0.0002 0.002975
eve 0.001675 0.00125 0.000425 0.000125
optimist 0.000675 0.0005 0.0016 0.0007
thanksgiv 0.0002 0.000625 0.00235 0.0003
fame 0.00055 0.00215 0.000225 0.000525
item 0.0004 0.00025 0.001425 0.001375
sort 0.000625 0.001075 0.00055 0.0012
occupi 0.0029 0.000275 0.000125 0.00015
pop 0.001 0.000875 0.0005 0.001075
2007 0.000425 0.000525 0.001225 0.001275
stabil 0.001575 0.00025 0.001475 0.00015
brewer 0.000125 0.00195 0.0013 7.5e-05
ricki 0.0001 0.0033 2.5e-05 2.5e-05
vike 5e-05 0.0032 5e-05 0.00015
eliot 5e-05 2.5e-05 0.00325 0.000125
cnnmoney 2.5e-05 5e-05 0.003 0.000375
newratingscom 2.5e-05 2.5e-05 0.003175 0.000225
sharapova 7.5e-05 0.003275 7.5e-05 2.5e-05
genesi 0.0002 2.5e-05 2.5e-05 0.003175
conspiraci 0.000775 0.000325 0.001275 0.00105
entri 0.00145 0.000425 0.000275 0.001275
nativ 0.000525 0.001525 0.000225 0.00115
cloud 0.001125 0.000575 0.000575 0.00115
phase 0.000575 0.00095 0.00075 0.00115
ceasefir 0.002825 5e-05 0.0005 5e-05
ail 0.0016 0.0005 0.001125 0.0002
reign 0.0004 0.0018 0.000575 0.00065
portfolio 0.000125 2.5e-05 0.00175 0.001525
fenway 7.5e-05 0.0031 0.0002 5e-05
billionair 0.00025 0.000525 0.00205 0.0006
musab 0.00335 2.5e-05 2.5e-05 2.5e-05
deadliest 0.003225 5e-05 2.5e-05 0.000125
inspir 0.000525 0.00175 0.00045 0.000675
cultur 0.0013 0.000225 0.0006 0.001275
babi 0.0013 0.000275 0.000375 0.00145
weight 0.0005 0.00085 0.000625 0.001425
37 0.00065 0.00125 0.001325 0.000175
meant 0.0011 0.00055 0.000675 0.001075
thrown 0.000775 0.001375 0.000525 0.000725
moder 0.00155 7.5e-05 0.00125 0.000525
rental 5e-05 2.5e-05 0.0025 0.000825
larger 0.000575 0.0002 0.0012 0.001425
guinea 0.00325 2.5e-05 5e-05 7.5e-05
cellphon 7.5e-05 0.0002 0.001125 0.001975
indict 0.001325 0.000375 0.001 0.000675
longtim 0.000925 0.000875 0.000875 0.0007
cruis 0.0005 0.001875 0.000425 0.000575
malici 2.5e-05 5e-05 7.5e-05 0.003225
honor 0.001125 0.00155 0.000175 0.000525
hugo 0.001925 0.000175 0.0012 7.5e-05
nick 0.0004 0.002325 0.0003 0.00035
pretti 0.00015 0.001625 0.0004 0.0012
talent 0.000325 0.0023 0.000425 0.000325
grenad 0.003175 5e-05 5e-05 0.0001
atmospher 0.000575 0.0004 7.5e-05 0.0023
p 0.000225 0.001325 0.00145 0.00035
automat 0.000325 0.000375 0.000375 0.002275
baseman 7.5e-05 0.003225 2.5e-05 2.5e-05
grid 7.5e-05 0.00045 0.000375 0.00245
ramallah 0.003275 2.5e-05 2.5e-05 2.5e-05
angri 0.00185 0.000925 0.00035 0.000225
highend 5e-05 5e-05 0.000475 0.002775
testifi 0.001 0.0004 0.001675 0.000275
endors 0.001425 0.000575 0.000725 0.000625
scrap 0.0014 0.00025 0.00085 0.00085
coal 0.002325 0.0001 0.000675 0.00025
pact 0.001475 0.000125 0.001125 0.000625
l 0.00095 0.00035 0.00105 0.001
arctic 0.0001 2.5e-05 0.000225 0.003
dividend 0.000125 0.00015 0.00285 0.000225
goahead 0.0004 0.002125 0.0006 0.0002
wash 0.000775 0.000875 0.00055 0.001125
disappear 0.001875 0.0004 0.00015 0.0009
sp2 5e-05 2.5e-05 2.5e-05 0.003225
adult 0.001125 0.0001 0.0006 0.0015
anger 0.00215 0.000625 0.000375 0.000175
weaken 0.0011 0.00025 0.001775 0.0002
schumach 0.0001 0.003125 7.5e-05 2.5e-05
ace 0.000275 0.0025 0.0004 0.00015
audio 0.000525 2.5e-05 0.000275 0.0025
garden 0.000425 0.001875 0.000625 0.0004
intercept 0.000375 0.0026 0.0001 0.00025
els 0.00025 0.001675 0.0005 0.0009
transact 0.0002 0.0002 0.001775 0.00115
3000 0.000975 0.000225 0.00115 0.000975
clinton 0.001625 0.000825 0.000375 0.0005
distanc 0.0003 0.00075 0.000925 0.00135
chirac 0.003075 2.5e-05 0.000125 0.0001
raptor 7.5e-05 0.00315 2.5e-05 7.5e-05
perman 0.001575 0.0003 0.0008 0.00065
smoke 0.001975 0.0002 0.00055 0.0006
northwest 0.000725 7.5e-05 0.0019 0.000625
melbourn 0.0004 0.0014 0.0013 0.000225
spaceshipon 0.0001 2.5e-05 2.5e-05 0.003175
floor 0.000875 0.000675 0.0007 0.00105
equatori 0.003175 2.5e-05 2.5e-05 7.5e-05
kennedi 0.00045 0.00045 0.000225 0.002175
t 0.000125 0.0004 0.000875 0.0019
fulli 0.0007 0.000675 0.000675 0.00125
circul 0.000425 7.5e-05 0.001525 0.001275
erni 0.00015 0.003025 5e-05 7.5e-05
wholesal 0.000275 2.5e-05 0.0026 0.0004
ambassador 0.002975 7.5e-05 0.0001 0.00015
beef 0.00085 0.00015 0.00125 0.00105
symbol 0.0016 0.00035 0.000775 0.000575
henman 0.000225 0.003025 2.5e-05 2.5e-05
pollut 0.0007 2.5e-05 0.0003 0.00225
swedish 0.0007 0.00105 0.00065 0.000875
rapid 0.00085 0.0005 0.000925 0.001
disk 7.5e-05 0.0002 0.000225 0.002775
voip 2.5e-05 2.5e-05 0.0002 0.003025
path 0.0015 0.000425 0.0005 0.00085
sadr 0.0032 2.5e-05 2.5e-05 2.5e-05
randi 7.5e-05 0.0028 5e-05 0.00035
crackdown 0.001325 7.5e-05 0.00035 0.001525
supermarket 0.000175 0.000125 0.002575 0.0004
ignor 0.001325 0.0005 0.000625 0.0008
convert 0.000575 0.0006 0.00095 0.001125
66 0.00045 0.002275 0.00035 0.000175
escal 0.001675 0.000175 0.000925 0.000475
hamilton 0.00015 0.0027 0.000275 0.000125
emot 0.000775 0.001775 0.00015 0.00055
counter 0.000775 0.000325 0.001375 0.000775
eli 0.000175 0.0023 0.000725 5e-05
breath 0.000825 0.000875 0.00085 0.0007
peertop 2.5e-05 2.5e-05 0.00015 0.00305
hurdl 0.000675 0.0014 0.00075 0.000425
congression 0.0015 0.0002 0.001225 0.000325
mourn 0.001725 0.001325 2.5e-05 0.000175
sap 0.00015 2.5e-05 0.000525 0.002525
printer 5e-05 0.0001 0.00045 0.002625
raider 0.000125 0.002875 0.00015 7.5e-05
marlin 0.000175 0.00295 2.5e-05 7.5e-05
audienc 0.0007 0.000825 0.000375 0.001325
magic 2.5e-05 0.00275 0.00015 0.0003
netscap 2.5e-05 2.5e-05 5e-05 0.003125
careerhigh 0.000175 0.003 2.5e-05 2.5e-05
reward 0.00105 0.000725 0.000475 0.000975
eclips 0.00015 0.000475 0.0002 0.0024
infoworld 2.5e-05 2.5e-05 5e-05 0.003125
speedway 2.5e-05 0.003125 5e-05 2.5e-05
reput 0.00065 0.00135 0.000525 0.000675
yield 0.0004 0.000425 0.001525 0.00085
basic 0.0005 0.000275 0.000575 0.00185
freedom 0.0024 0.0002 7.5e-05 0.000525
revolut 0.0009 0.0011 0.00015 0.00105
withdrew 0.000975 0.001025 0.001025 0.000175
47 0.00085 0.00055 0.0016 0.0002
swept 0.00145 0.001225 0.0002 0.000325
steven 0.000675 0.001575 0.000475 0.000475
wine 0.000325 2.5e-05 0.00245 0.0004
gambl 0.0003 0.00065 0.001825 0.000425
settler 0.003025 2.5e-05 5e-05 0.0001
spokeswoman 0.001225 0.00025 0.000975 0.00075
c 0.00015 0.00115 0.001 0.0009
tripl 0.000225 0.001 0.00125 0.000725
ultim 0.000475 0.00105 0.0005 0.001175
quietli 0.000425 0.0005 0.000475 0.001775
wildlif 0.000625 0.0001 0.0001 0.00235
variou 0.0005 0.00045 0.00045 0.001775
metal 0.000625 2.5e-05 0.001975 0.00055
transform 0.000625 0.00045 0.000825 0.001275
chapter 0.0004 0.000425 0.0018 0.00055
palmon 2.5e-05 2.5e-05 0.000475 0.00265
marion 0.000175 0.002875 5e-05 7.5e-05
quest 0.000625 0.00125 0.0001 0.0012
swing 0.000925 0.001225 0.000525 0.0005
crm 2.5e-05 2.5e-05 0.00065 0.002475
chechnya 0.003075 2.5e-05 2.5e-05 5e-05
firstround 0.00015 0.002925 5e-05 5e-05
architectur 0.0002 5e-05 0.0001 0.002825
humanitarian 0.00295 2.5e-05 2.5e-05 0.000175
style 0.00045 0.0017 0.000425 0.0006
older 0.0003 0.0004 0.0008 0.001675
regim 0.0026 7.5e-05 0.00035 0.00015
cavali 2.5e-05 0.0031 2.5e-05 2.5e-05
encount 0.000575 0.001175 0.0001 0.0013
temporari 0.00055 0.000475 0.001425 0.0007
gov 0.001 0.0001 0.000875 0.001175
halliburton 0.0003 5e-05 0.00275 5e-05
pleas 0.000625 0.000875 0.00085 0.0008
sprinter 0.00015 0.00295 2.5e-05 2.5e-05
belgium 0.000375 0.001375 0.00095 0.00045
72 0.00025 0.0012 0.00105 0.00065
800 0.0008 0.0005 0.00125 0.0006
espn 5e-05 0.00265 0.000175 0.000275
newest 0.000275 0.0005 0.00045 0.001925
libya 0.002875 2.5e-05 0.000175 7.5e-05
tobacco 0.000375 0.00015 0.002375 0.00025
shi 0.001525 0.0008 0.0005 0.0003
caution 0.0008 0.00045 0.0014 0.000475
particularli 0.0007 0.00055 0.000675 0.0012
punish 0.00115 0.001 0.000425 0.00055
38 0.000675 0.000975 0.001125 0.00035
mari 0.000275 0.00155 0.00025 0.00105
everton 0.000175 0.0029 2.5e-05 2.5e-05
alqaeda 0.003 2.5e-05 2.5e-05 7.5e-05
taylor 0.000175 0.0025 0.000125 0.000325
seahawk 5e-05 0.003025 2.5e-05 2.5e-05
alqaida 0.00305 2.5e-05 2.5e-05 2.5e-05
chancellor 0.001575 0.000125 0.000825 0.0006
hero 0.00045 0.0018 0.0002 0.000675
holder 0.00015 0.001925 0.0006 0.00045
hugh 0.000325 0.002325 0.000275 0.0002
directli 0.000875 0.00025 0.00075 0.001225
alon 0.00065 0.001075 0.000375 0.001
forget 0.000275 0.0014 0.000475 0.00095
rapidli 0.000625 0.000225 0.0007 0.00155
scan 0.0002 0.0003 0.0003 0.0023
diamondback 2.5e-05 0.002975 2.5e-05 7.5e-05
parliamentari 0.0028 2.5e-05 0.0001 0.000175
subsidi 0.000225 2.5e-05 0.002725 0.000125
pennsylvania 0.000325 0.0009 0.000625 0.00125
kenya 0.002025 0.000725 0.0001 0.00025
refer 0.00085 0.00055 0.00055 0.00115
rugbi 7.5e-05 0.00295 5e-05 2.5e-05
shook 0.001825 0.0008 0.0002 0.000275
jacksonvil 7.5e-05 0.002875 0.0001 5e-05
bench 2.5e-05 0.002975 7.5e-05 2.5e-05
scottish 0.0004 0.00225 0.0002 0.00025
guarante 0.00085 0.001225 0.00065 0.00035
wasnt 0.0003 0.0018 7.5e-05 0.0009
ed 0.0002 0.000975 0.000725 0.001175
patrol 0.00255 0.000225 5e-05 0.00025
fewer 0.00045 0.0004 0.001375 0.00085
certainli 0.000275 0.001825 0.0005 0.000475
85 0.000625 0.000875 0.001225 0.00035
docomo 0.00015 2.5e-05 0.0002 0.0027
ambit 0.001825 0.0004 0.000325 0.000525
86 0.00035 0.001925 0.000425 0.000375
envoy 0.00295 2.5e-05 5e-05 5e-05
stick 0.00075 0.0009 0.000675 0.00075
nec 5e-05 0.000825 0.00025 0.00195
harm 0.000975 0.000125 0.000925 0.00105
shadow 0.00085 0.00055 0.000475 0.0012
overturn 0.0013 0.000325 0.000775 0.000675
holling 5e-05 2.5e-05 0.002975 2.5e-05
societi 0.001025 0.000175 0.000575 0.001275
globe 0.0004 0.00075 0.000675 0.001225
cheney 0.002475 7.5e-05 0.000275 0.000225
household 0.00025 0.0002 0.00175 0.00085
inch 0.00025 0.00065 0.001125 0.001025
rafael 0.000275 0.002725 2.5e-05 2.5e-05
elector 0.002375 7.5e-05 0.0003 0.0003
domain 7.5e-05 7.5e-05 0.0003 0.0026
casualti 0.00235 0.000325 0.00025 0.000125
preview 0.0001 0.000475 0.00015 0.002325
valuabl 0.000325 0.001625 0.00045 0.00065
weaker 0.0002 5e-05 0.002675 0.000125
crystal 0.0001 0.001325 0.0004 0.001225
madison 0.0003 0.002225 0.0003 0.000225
eriksson 0.0001 0.0029 2.5e-05 2.5e-05
drag 0.0008 0.000375 0.001375 0.0005
700 0.000525 0.000625 0.001425 0.000475
kyoto 0.001975 2.5e-05 0.000125 0.000925
idg 2.5e-05 2.5e-05 0.00055 0.00245
longhorn 7.5e-05 0.000625 2.5e-05 0.002325
salari 0.000325 0.001175 0.0011 0.000425
correct 0.000875 0.0004 0.0011 0.00065
wors 0.000675 0.001175 0.0006 0.000575
enemi 0.00175 0.0003 0.0003 0.000675
color666666gtltbgtwashingtonpostcomltbgtltfontgt 2.5e-05 2.5e-05 2.5e-05 0.00295
wisconsin 0.00025 0.002175 0.000275 0.000325
calm 0.0019 0.000375 0.000525 0.000225
cathol 0.002125 0.000525 0.0003 7.5e-05
ferrari 0.00015 0.002325 0.0002 0.00035
10th 0.00045 0.0021 0.000225 0.00025
weekli 0.000475 0.0004 0.001775 0.000375
grip 0.001375 0.0008 0.000675 0.000175
nepal 0.002925 2.5e-05 5e-05 2.5e-05
thin 0.000175 0.000175 0.0017 0.000975
arbitr 2.5e-05 0.0025 0.0004 0.0001
neck 0.0004 0.001425 0.0002 0.001
submarin 0.002575 2.5e-05 5e-05 0.000375
mauresmo 7.5e-05 0.0029 2.5e-05 2.5e-05
icc 0.000225 0.00275 2.5e-05 2.5e-05
helen 0.000375 2.5e-05 0.0001 0.002525
glazer 7.5e-05 0.0027 0.000225 2.5e-05
favourit 0.0003 0.002375 5e-05 0.000275
uncertainti 0.000425 0.000275 0.001775 0.000525
jonathan 0.000275 0.00155 0.000425 0.00075
museum 0.001475 0.0001 0.0002 0.001225
fossil 5e-05 2.5e-05 0.0001 0.002825
nj 0.0002 0.00175 0.00075 0.0003
robust 0.00025 5e-05 0.0021 0.0006
ian 0.00135 0.001275 0.00025 0.000125
outcom 0.00125 0.00065 0.0007 0.0004
wing 0.000875 0.001175 0.0003 0.00065
suddenli 0.0006 0.001325 0.000375 0.0007
vision 0.000775 0.000175 0.000525 0.001525
laker 2.5e-05 0.0029 5e-05 2.5e-05
coverag 0.000425 0.000575 0.001025 0.000975
intensifi 0.00115 0.00025 0.001075 0.000525
threerun 0.00015 0.0028 2.5e-05 2.5e-05
garcia 0.000325 0.002625 2.5e-05 2.5e-05
juan 0.00035 0.002275 0.000175 0.0002
healthi 0.0003 0.000975 0.00115 0.000575
beaten 0.0004 0.002 0.00035 0.00025
survivor 0.00265 5e-05 0.000125 0.000175
leak 0.00075 0.00055 0.000625 0.001075
kazaa 2.5e-05 2.5e-05 0.0002 0.00275
apolog 0.001325 0.001425 0.000125 0.000125
pump 0.0004 0.00035 0.0017 0.00055
solari 2.5e-05 2.5e-05 0.000125 0.002825
malcolm 7.5e-05 0.002575 0.000275 7.5e-05
clone 0.000325 5e-05 5e-05 0.00255
analysi 0.000325 0.000175 0.0007 0.001775
busch 2.5e-05 0.0029 2.5e-05 2.5e-05
smile 0.000525 0.001825 0.0004 0.000225
iyad 0.002875 2.5e-05 5e-05 2.5e-05
colleagu 0.001675 0.00025 0.0003 0.00075
bruce 0.0002 0.001125 0.00125 0.0004
shawn 0.00015 0.002025 2.5e-05 0.000775
publicli 0.000625 0.00045 0.0013 0.0006
scam 0.000125 0.000125 0.0005 0.002225
hamstr 2.5e-05 0.002875 2.5e-05 5e-05
lynch 0.000125 0.0004 0.002325 0.000125
complain 0.00085 0.000625 0.000525 0.000975
stockholm 0.000675 0.00145 0.000375 0.000475
terri 0.000275 0.0024 0.000175 0.000125
bow 0.00105 0.0009 0.000725 0.0003
wizard 5e-05 0.00275 2.5e-05 0.00015
specialist 0.0004 0.0003 0.0009 0.00135
spin 0.000275 0.0008 0.001025 0.00085
r 0.000425 0.000325 0.001325 0.000875
amazoncom 5e-05 2.5e-05 0.000975 0.0019
haven 0.0005 0.0013 0.0004 0.00075
unabl 0.00075 0.001175 0.0003 0.000725
sponsor 0.00055 0.0009 0.000525 0.000975
toss 0.00025 0.002 0.000225 0.000475
murdoch 0.00015 0.000125 0.002625 5e-05
scheme 0.000375 0.000325 0.000975 0.001275
buyout 5e-05 0.000275 0.002225 0.0004
mich 0.000325 0.002075 0.000375 0.000175
montgomeri 0.0001 0.002525 0.0002 0.000125
rebelheld 0.002875 2.5e-05 2.5e-05 2.5e-05
brace 0.001 0.0007 0.00095 0.000275
maverick 0.0003 0.00205 0.000225 0.00035
wast 0.00075 0.00075 0.00065 0.000775
dna 0.00035 0.000175 0.00015 0.00225
flew 0.001225 0.00055 0.00025 0.0009
compromis 0.00115 0.00015 0.0002 0.001425
versu 7.5e-05 0.000775 0.00155 0.000525
branson 0.0001 2.5e-05 0.00045 0.00235
text 0.000475 7.5e-05 0.000175 0.0022
greet 0.00085 0.000725 0.000625 0.000725
160 0.00115 0.0002 0.000575 0.001
compound 0.002125 0.0001 0.000275 0.000425
iowa 0.000475 0.00195 0.000275 0.000225
deton 0.00265 0.0001 7.5e-05 0.0001
cb 0.001 0.0006 0.000725 0.0006
atop 0.00045 0.00195 0.00015 0.000375
hint 0.00095 0.000425 0.000975 0.000575
urban 0.00065 0.001325 0.0004 0.00055
advoc 0.00065 5e-05 0.000725 0.0015
birmingham 0.000175 0.002225 0.0004 0.000125
roster 0.00015 0.00245 7.5e-05 0.00025
embarrass 0.000825 0.001475 0.000425 0.0002
neg 0.00035 0.0004 0.001675 0.0005
interact 0.000175 5e-05 0.000425 0.002275
quotw 0.00055 0.001 0.0004 0.000975
alitalia 0.0002 2.5e-05 0.002675 2.5e-05
swim 0.000225 0.002125 0.0001 0.00045
bangkok 0.001775 0.000525 0.000125 0.000475
feed 0.00055 7.5e-05 0.00035 0.001925
southeastern 0.00095 0.001125 0.000525 0.0003
persist 0.0008 0.00015 0.001575 0.000375
eric 0.000175 0.001725 0.0003 0.0007
panther 5e-05 0.002475 5e-05 0.000325
remind 0.000875 0.0013 0.00035 0.000375
inspector 0.001775 0.0001 0.00035 0.000675
norway 0.00105 0.001225 0.0005 0.000125
reduct 0.000775 7.5e-05 0.00165 0.0004
statist 0.00025 0.000675 0.001625 0.00035
emiss 0.000675 2.5e-05 0.00055 0.00165
junior 0.000375 0.0024 7.5e-05 5e-05
prior 0.00045 0.001125 0.001025 0.0003
sue 0.0002 0.000375 0.000625 0.0017
directori 5e-05 2.5e-05 0.000775 0.00205
thatcher 0.002525 0.000325 2.5e-05 2.5e-05
andrea 0.00015 0.000325 0.0001 0.002325
eisner 0.00015 2.5e-05 0.0027 2.5e-05
mississippi 2.5e-05 0.00245 0.000175 0.00025
b 0.00035 0.0009 0.001025 0.0006
laid 0.000975 0.000525 0.000625 0.00075
wish 0.000775 0.00105 0.000225 0.000825
71 0.00055 0.001325 0.000675 0.000325
oriol 7.5e-05 0.002725 5e-05 2.5e-05
farmer 0.000925 2.5e-05 0.001225 0.0007
prosecut 0.0014 0.0002 0.000625 0.00065
elit 0.00075 0.001475 0.00025 0.0004
modest 0.000525 0.0004 0.001575 0.000375
pocket 0.000575 0.00045 0.000525 0.001325
kremlin 0.001375 0.000875 0.000575 5e-05
wider 0.000275 0.0001 0.001775 0.000725
aaron 0.0002 0.002425 7.5e-05 0.000175
pentium 2.5e-05 2.5e-05 0.000175 0.00265
pyongyang 0.00275 2.5e-05 2.5e-05 7.5e-05
inspect 0.00135 0.000125 0.000525 0.000875
siemen 5e-05 2.5e-05 0.000475 0.002325
finland 0.0003 0.001525 0.000475 0.000575
matchup 0.000175 0.0026 5e-05 5e-05
fallen 0.00055 0.0006 0.0013 0.000425
roy 0.000275 0.0023 0.00025 5e-05
knick 2.5e-05 0.0028 2.5e-05 2.5e-05
ds 2.5e-05 2.5e-05 0.00025 0.002575
socal 0.000575 0.000225 0.0008 0.00125
maccentr 7.5e-05 2.5e-05 2.5e-05 0.002725
gene 0.000225 0.00045 0.000175 0.002
01 0.00035 0.000275 0.001575 0.00065
agenda 0.00185 0.0002 0.00045 0.00035
prescript 0.000575 2.5e-05 0.0015 0.00075
outlin 0.000825 0.00015 0.0006 0.001275
undermin 0.00165 0.00015 0.00075 0.0003
significantli 0.00035 0.000225 0.000925 0.00135
shrug 0.0005 0.00085 0.0014 0.0001
depend 0.000825 0.00025 0.000675 0.0011
pour 0.00075 0.001075 0.00065 0.000375
daughter 0.00165 0.00055 0.000275 0.000375
warplan 0.002775 2.5e-05 2.5e-05 2.5e-05
shake 0.00065 0.001025 0.000625 0.00055
scrambl 0.000875 0.00065 0.000725 0.0006
hagu 0.002425 5e-05 0.000225 0.00015
eddi 7.5e-05 0.002275 0.00015 0.00035
honda 0.0001 0.0009 0.0012 0.00065
mumbai 0.0003 0.000925 0.00135 0.000275
poison 0.0019 7.5e-05 0.000325 0.000525
upon 0.000325 0.00085 0.000425 0.001225
relay 0.000525 0.001875 5e-05 0.000375
alexand 0.001425 0.000975 0.0002 0.000225
12th 0.0003 0.00205 0.0002 0.000275
substanti 0.0007 0.00025 0.001175 0.0007
conced 0.001225 0.000925 0.000475 0.0002
khan 0.001675 0.00105 2.5e-05 7.5e-05
exceed 0.00035 0.00025 0.001625 0.0006
incent 0.0007 0.0004 0.001275 0.00045
aljazeera 0.00265 5e-05 2.5e-05 0.0001
amend 0.001275 0.0003 0.0006 0.00065
trump 0.00015 0.000375 0.00215 0.00015
videotap 0.0022 0.000275 0.0001 0.00025
peyton 7.5e-05 0.0027 2.5e-05 2.5e-05
tommi 0.000225 0.0019 0.000625 7.5e-05
carmak 0.00025 0.000175 0.002075 0.0003
sec 7.5e-05 0.000475 0.001825 0.000425
eat 0.000375 0.000275 0.000575 0.001575
permiss 0.00075 0.000375 0.000775 0.0009
consider 0.000325 0.000975 0.00045 0.00105
sender 5e-05 2.5e-05 5e-05 0.002675
cautiou 0.00045 0.00025 0.001775 0.000325
wildcard 0.0003 0.00245 2.5e-05 2.5e-05
brett 0.000125 0.00255 5e-05 7.5e-05
taipei 0.0019 7.5e-05 0.0001 0.000725
hightech 0.0003 7.5e-05 0.00085 0.001575
portland 0.0001 0.002275 0.00025 0.000175
partial 0.0012 0.0002 0.000725 0.000675
guantanamo 0.002675 2.5e-05 2.5e-05 7.5e-05
lender 5e-05 2.5e-05 0.002675 5e-05
h 0.00085 0.0005 0.0011 0.00035
cape 0.000875 0.00015 0.0001 0.001675
graem 5e-05 0.002675 5e-05 2.5e-05
ballmer 5e-05 2.5e-05 0.0003 0.002425
ac 2.5e-05 0.00205 0.0001 0.000625
jobless 0.0002 2.5e-05 0.0025 5e-05
necessari 0.00075 0.000475 0.0007 0.00085
craft 0.000425 0.0002 0.00035 0.0018
aerospac 0.000125 2.5e-05 0.001725 0.0009
adjust 0.0005 0.0004 0.00135 0.000525
loom 0.000875 0.000425 0.00105 0.000425
j 0.0004 0.00025 0.001575 0.00055
hijack 0.0014 2.5e-05 0.00025 0.0011
imagin 0.00045 0.001175 0.00025 0.0009
breakthrough 0.001075 0.0002 0.0003 0.0012
antispam 5e-05 2.5e-05 5e-05 0.00265
dub 0.0003 0.000375 0.000225 0.001875
lord 0.000975 0.0006 0.000775 0.000425
cheaper 0.00015 5e-05 0.0008 0.001775
bloomberg 0.0005 0.0003 0.001775 0.0002
quiet 0.0006 0.0008 0.0006 0.000775
belong 0.00115 0.00085 0.00025 0.000525
bloc 0.002175 2.5e-05 0.000475 0.0001
workforc 0.00025 2.5e-05 0.00215 0.00035
slid 0.0002 0.000225 0.00225 0.0001
troy 5e-05 0.00245 0.000225 5e-05
radcliff 0.00015 0.002575 2.5e-05 2.5e-05
oilrich 0.002075 2.5e-05 0.0006 7.5e-05
juventu 5e-05 0.002675 2.5e-05 2.5e-05
halo 2.5e-05 5e-05 0.0001 0.0026
float 0.000525 0.0003 0.001 0.000925
stream 0.000625 0.00025 0.00025 0.001625
whale 0.0011 2.5e-05 2.5e-05 0.0016
defin 0.00045 0.000525 0.0006 0.001175
bone 0.000375 0.001025 0.0001 0.00125
sensit 0.001275 7.5e-05 0.000425 0.000975
unix 2.5e-05 2.5e-05 7.5e-05 0.002625
peer 0.0002 0.0003 0.001 0.00125
wta 2.5e-05 0.002675 2.5e-05 2.5e-05
embrac 0.0006 0.00045 0.000325 0.001375
overcam 0.00015 0.002475 5e-05 7.5e-05
gadget 2.5e-05 5e-05 0.00025 0.002425
distributor 5e-05 0.0001 0.0011 0.0015
volatil 0.0015 0.0001 0.001025 0.000125
freshman 0.000125 0.002425 2.5e-05 0.000175
poland 0.00125 0.00125 0.000125 0.000125
cornerback 5e-05 0.00265 2.5e-05 2.5e-05
68 0.0007 0.00155 0.000475 2.5e-05
restat 0.000125 5e-05 0.002125 0.00045
applianc 2.5e-05 2.5e-05 0.0009 0.0018
crop 0.00045 0.000125 0.001175 0.001
immigr 0.0022 2.5e-05 0.0002 0.000325
nomin 0.001525 0.00025 0.000675 0.0003
santiago 0.001875 0.0007 0.000125 5e-05
experiment 0.000125 0.00015 0.00105 0.0014
artist 0.0004 0.00015 0.00025 0.001925
plagu 0.000825 0.000575 0.000375 0.00095
techniqu 0.0001 0.000175 0.00015 0.0023
theori 0.0004 0.00025 0.0001 0.001975
reli 0.0005 0.0005 0.000375 0.00135
microprocessor 5e-05 2.5e-05 0.0003 0.00235
rodriguez 0.000825 0.00175 0.000125 2.5e-05
ethnic 0.0025 0.0001 7.5e-05 5e-05
upbeat 0.0005 0.000175 0.00195 0.0001
dubai 0.0022 0.000125 0.000325 7.5e-05
tout 0.000275 0.000275 0.000525 0.00165
punch 0.000425 0.0013 0.000225 0.000775
lcd 2.5e-05 2.5e-05 0.000475 0.0022
hawk 0.00035 0.001625 0.000175 0.000575
abba 0.00265 2.5e-05 2.5e-05 2.5e-05
golfer 5e-05 0.002575 7.5e-05 2.5e-05
saint 0.0003 0.002125 0.000175 0.000125
louisiana 0.000475 0.0009 0.000525 0.000825
evolut 7.5e-05 5e-05 7.5e-05 0.0025
authent 0.000425 2.5e-05 0.0001 0.00215
roar 0.00065 0.000725 0.000825 0.0005
bronco 5e-05 0.0026 2.5e-05 2.5e-05
chosen 0.00055 0.001 0.000575 0.000575
usbas 0.00035 5e-05 0.001425 0.000875
llc 2.5e-05 5e-05 0.001775 0.00085
highprofil 0.000725 0.0006 0.00075 0.000625
southwest 0.001 0.00015 0.001275 0.000275
standoff 0.00245 2.5e-05 0.00015 7.5e-05
agricultur 0.000875 5e-05 0.001175 0.0006
couldn 0.000125 0.002025 0.0003 0.00025
mileston 0.00045 0.000675 0.00055 0.001025
abuja 0.002575 2.5e-05 7.5e-05 2.5e-05
kurt 7.5e-05 0.00255 2.5e-05 5e-05
dave 0.00015 0.0019 0.000325 0.000325
muscl 0.00015 0.001375 0.0004 0.000775
jointli 0.000375 7.5e-05 0.00055 0.0017
kiev 0.002025 0.000625 2.5e-05 2.5e-05
derek 0.00035 0.0022 0.000125 2.5e-05
thirdlargest 0.0003 2.5e-05 0.00195 0.000425
conglomer 5e-05 5e-05 0.002175 0.000425
ata 0.0001 2.5e-05 0.002275 0.0003
imac 2.5e-05 2.5e-05 2.5e-05 0.002625
sep 0.000625 0.000625 0.000225 0.001225
tsunami 0.001975 7.5e-05 7.5e-05 0.000575
trim 0.0002 0.000125 0.00165 0.0007
hunter 0.00045 0.000675 0.0001 0.00145
harvard 7.5e-05 0.0014 0.000525 0.000675
beleagu 0.0008 0.000375 0.0013 0.0002
wimbledon 7.5e-05 0.0025 7.5e-05 2.5e-05
captor 0.00245 5e-05 2.5e-05 0.00015
basi 0.000575 0.000325 0.000975 0.0008
effici 0.00015 0.00035 0.0007 0.001475
blade 2.5e-05 0.0002 7.5e-05 0.002375
twist 0.0006 0.000575 0.00035 0.00115
clock 0.0004 0.001075 0.000175 0.001025
mall 0.00025 0.00015 0.001675 0.0006
tycoon 0.000275 0.001 0.001 0.0004
vital 0.000875 0.0005 0.000575 0.000725
rick 0.00015 0.0021 0.00025 0.000175
rupert 0.0001 0.00015 0.002375 5e-05
rig 0.001175 2.5e-05 0.001325 0.00015
aziz 0.002575 2.5e-05 5e-05 2.5e-05
berth 7.5e-05 0.002525 5e-05 2.5e-05
2012 0.000275 0.002125 2.5e-05 0.00025
idc 7.5e-05 2.5e-05 0.000525 0.00205
viktor 0.00255 2.5e-05 2.5e-05 7.5e-05
1980 0.00065 0.0006 0.0006 0.0008
load 0.00035 0.0007 0.00055 0.00105
bug 0.0004 0.000125 5e-05 0.002075
siriu 5e-05 7.5e-05 0.002125 0.0004
pa 0.00055 0.00165 0.000275 0.000175
shortli 0.0011 0.00065 0.0005 0.0004
detaine 0.002475 2.5e-05 2.5e-05 0.000125
extinct 0.000175 7.5e-05 5e-05 0.00235
extremist 0.00255 5e-05 2.5e-05 2.5e-05
tower 0.00095 0.00035 0.00075 0.0006
ambiti 0.000375 0.000175 0.000775 0.001325
icon 0.001125 0.000175 0.00065 0.0007
charger 2.5e-05 0.002425 0.0001 0.0001
lindsay 7.5e-05 0.002525 2.5e-05 2.5e-05
filmmak 0.0023 5e-05 5e-05 0.00025
forg 0.0008 0.000375 0.00065 0.0008
125 0.000375 0.000525 0.00125 0.000475
privaci 0.000425 0.00015 0.0003 0.00175
method 0.000325 0.000225 0.00045 0.001625
146 0.000175 0.000325 0.0004 0.001725
rivalri 0.00015 0.0019 0.0002 0.000375
brad 7.5e-05 0.002175 0.00025 0.000125
offseason 0.000125 0.00245 2.5e-05 2.5e-05
ntt 0.000125 2.5e-05 0.000175 0.0023
written 0.000475 0.00055 0.000475 0.001125
disabl 0.000375 0.000725 0.00045 0.001075
grace 0.0001 0.001575 0.00045 0.0005
longest 0.0005 0.00115 0.000525 0.00045
walker 0.00015 0.002025 0.000225 0.000225
genocid 0.002475 2.5e-05 2.5e-05 0.0001
mcdonald 0.000175 0.0003 0.002025 0.000125
maoist 0.002525 2.5e-05 5e-05 2.5e-05
borrow 0.000175 0.000125 0.002125 0.0002
spoke 0.000875 0.00085 0.0004 0.0005
onthursday 0.000675 0.0001 0.0011 0.00075
paula 0.000175 0.002325 2.5e-05 0.0001
davenport 7.5e-05 0.002475 2.5e-05 5e-05
ameli 0.00015 0.002425 2.5e-05 2.5e-05
departur 0.00055 0.000675 0.00085 0.00055
u2 7.5e-05 2.5e-05 7.5e-05 0.00245
corner 0.0005 0.00105 0.0004 0.00065
gateway 5e-05 5e-05 0.000675 0.001825
hammer 0.00055 0.00125 0.0004 0.0004
overwhelm 0.000675 0.001125 0.000275 0.000525
react 0.001075 0.0005 0.0007 0.000325
closest 0.000575 0.000625 5e-05 0.00135
lyco 2.5e-05 2.5e-05 7.5e-05 0.002475
jeremi 0.000175 0.001925 7.5e-05 0.000425
identif 0.000375 2.5e-05 0.000225 0.001975
itanium 2.5e-05 2.5e-05 0.0001 0.00245
poverti 0.00155 5e-05 0.000925 7.5e-05
prefer 0.00045 0.00065 0.00055 0.00095
abroad 0.001175 0.000225 0.000725 0.000475
extradit 0.0021 2.5e-05 0.000425 5e-05
owe 0.00065 0.0007 0.000975 0.000275
bag 0.0008 0.0008 0.000475 0.000525
rotat 0.0001 0.002125 7.5e-05 0.0003
unanim 0.00085 0.000625 0.000875 0.00025
slowli 0.00045 0.000175 0.00095 0.001025
charli 5e-05 0.001625 0.000825 0.0001
toprank 0.000175 0.0023 5e-05 7.5e-05
fort 0.000675 0.000575 0.001025 0.000325
danni 0.000175 0.0021 5e-05 0.00025
elsewher 0.00095 0.000325 0.000725 0.000575
thai 0.00205 0.000125 0.0002 0.0002
lunar 5e-05 0.000125 2.5e-05 0.002375
cat 0.00085 0.00025 0.00025 0.001225
cnn 0.001275 0.000125 0.000675 0.0005
structur 0.000325 0.00025 0.000825 0.001175
husband 0.00195 0.0002 0.0002 0.000225
simultan 0.001275 0.00015 0.0002 0.00095
venezuelan 0.0017 0.000125 0.00065 0.0001
stir 0.0009 0.000575 0.00065 0.00045
philli 2.5e-05 0.00245 5e-05 5e-05
upris 0.002375 5e-05 0.000125 2.5e-05
depot 0.000225 0.000175 0.001975 0.0002
downgrad 0.000275 0.000225 0.001875 0.0002
plea 0.001425 0.0005 0.0003 0.00035
kingdom 0.0011 0.00015 0.000825 0.0005
automot 0.0001 5e-05 0.002175 0.00025
skipper 0.000275 0.00225 2.5e-05 2.5e-05
recogn 0.000925 0.000525 0.00045 0.000675
improp 0.00015 0.0006 0.00175 7.5e-05
39d 0.000125 0.001575 0.000375 0.0005
queen 0.00145 0.000625 0.000225 0.000275
ukrainian 0.002 0.0004 2.5e-05 0.00015
abbey 0.0001 0.0001 0.00235 2.5e-05
berni 0.00015 0.002325 5e-05 5e-05
bloomfield 0.000225 0.002275 2.5e-05 5e-05
uniqu 0.0002 0.000525 0.000425 0.0014
advic 0.0004 0.0009 0.0005 0.00075
liberti 0.0003 0.0007 0.000825 0.000725
clue 0.000575 7.5e-05 0.000625 0.001275
moqtada 0.00245 2.5e-05 5e-05 2.5e-05
derail 0.00145 0.000375 0.000625 0.0001
scare 0.001275 0.000725 0.00025 0.0003
calendar 0.0001 0.0014 0.000425 0.000625
damascu 0.00245 2.5e-05 2.5e-05 5e-05
kuwait 0.001375 0.000125 0.00095 0.0001
revamp 0.00045 0.00035 0.0006 0.00115
lucr 0.00025 0.000425 0.0012 0.000675
odd 0.0004 0.00115 0.000325 0.000675
creditor 0.000575 5e-05 0.001725 0.0002
steer 0.000425 0.000675 0.000975 0.000475
aren 7.5e-05 0.000975 0.000775 0.000725
intellectu 0.000425 2.5e-05 0.000375 0.001725
knockout 0.0001 0.002325 7.5e-05 5e-05
tottenham 0.0001 0.0024 2.5e-05 2.5e-05
treati 0.001825 2.5e-05 2.5e-05 0.000675
shaquil 5e-05 0.00245 2.5e-05 2.5e-05
conway 2.5e-05 0.000125 0.001275 0.001125
percentag 0.000225 0.000525 0.001375 0.0004
reaction 0.000825 0.000575 0.00065 0.000475
msft 2.5e-05 2.5e-05 0.00015 0.002325
willi 2.5e-05 0.00195 0.000425 0.000125
muqtada 0.00245 2.5e-05 2.5e-05 2.5e-05
dig 0.000475 0.000225 0.000575 0.00125
verg 0.00045 0.001225 0.000325 0.000525
tag 0.0002 0.000425 0.000325 0.001575
svengoran 0.0001 0.002375 2.5e-05 2.5e-05
disarm 0.00245 2.5e-05 2.5e-05 2.5e-05
freddi 5e-05 0.0005 0.001925 5e-05
ramirez 0.0002 0.002275 2.5e-05 2.5e-05
napster 2.5e-05 2.5e-05 0.0001 0.002375
samarra 0.00245 2.5e-05 2.5e-05 2.5e-05
skill 0.000325 0.00055 0.000725 0.0009
column 0.000375 0.0006 0.000675 0.00085
burst 0.0007 0.0006 0.00045 0.00075
birth 0.00085 0.000375 0.000125 0.00115
unleash 0.00115 0.000275 0.000175 0.0009
jon 0.000325 0.001875 5e-05 0.00025
riot 0.00215 0.000275 2.5e-05 5e-05
shatter 0.001475 0.00065 7.5e-05 0.0003
afford 0.0003 0.000425 0.0006 0.001175
vancouv 0.000725 0.00105 0.000475 0.00025
lebanes 0.0024 2.5e-05 2.5e-05 5e-05
antiterror 0.0022 5e-05 0.000125 0.000125
cuban 0.001825 0.00025 0.00025 0.000175
realnetwork 5e-05 2.5e-05 0.00025 0.002175
bluray 2.5e-05 2.5e-05 5e-05 0.0024
39m 0.000225 0.001475 0.000275 0.000525
linger 0.000425 0.000425 0.001125 0.000525
preserv 0.00035 0.000625 0.0005 0.001025
cartel 0.000275 2.5e-05 0.0019 0.0003
frankfurt 0.000225 0.0002 0.0015 0.000575
rumor 0.0005 0.0004 0.0004 0.001175
tivo 5e-05 5e-05 0.00055 0.001825
bright 0.000125 0.000475 0.000525 0.00135
surrend 0.00145 0.000325 0.000425 0.000275
charact 0.000425 0.0007 0.000125 0.001225
phish 0.000125 2.5e-05 0.000125 0.0022
marriag 0.00175 0.000275 0.000175 0.000275
daimlerchrysl 0.000175 2.5e-05 0.002075 0.0002
5000 0.000625 0.00045 0.0006 0.0008
breach 0.00095 0.0002 0.0007 0.000625
belgian 0.00045 0.001525 0.000425 7.5e-05
boycott 0.0019 0.0002 0.00025 0.000125
bt 0.000125 2.5e-05 0.00105 0.001275
steam 0.00025 0.00015 0.001175 0.0009
dress 0.000925 0.000975 0.00035 0.000225
sacramento 5e-05 0.002075 0.0003 5e-05
gamer 5e-05 7.5e-05 5e-05 0.0023
avert 0.0008 0.0002 0.001225 0.00025
emc 2.5e-05 2.5e-05 0.0003 0.002125
del 0.000475 0.001225 0.000575 0.0002
born 0.00085 0.000425 0.000175 0.001
absenc 0.000425 0.00125 0.0004 0.000375
typic 0.0003 0.000475 0.000525 0.00115
log 0.000225 0.00015 0.000125 0.00195
shed 0.000325 0.000325 0.00115 0.00065
135 0.00025 0.000275 0.0014 0.000525
offshor 0.00045 2.5e-05 0.00115 0.000825
varieti 0.000225 0.000275 0.00035 0.0016
1996 0.00055 0.0012 0.000375 0.000325
clark 0.0006 0.001575 7.5e-05 0.0002
incumb 0.0019 5e-05 0.0003 0.0002
rumsfeld 0.002225 2.5e-05 7.5e-05 0.000125
indefinit 0.001075 0.000825 0.00035 0.0002
loyal 0.001875 0.000175 0.000175 0.000225
commod 0.0002 0.000125 0.001775 0.00035
sat 0.0005 0.001425 0.000225 0.0003
minneapoli 0.000225 0.001675 0.000425 0.000125
warrior 0.000425 0.00135 5e-05 0.000625
onwednesday 0.0008 2.5e-05 0.001 0.000625
56 0.00065 0.000475 0.001025 0.0003
latin 0.001175 0.0002 0.000775 0.0003
polish 0.00155 0.0003 0.0003 0.0003
islamist 0.002275 2.5e-05 5e-05 0.0001
td 2.5e-05 0.001925 0.000475 2.5e-05
manhattan 0.000525 0.00045 0.00105 0.000425
dhaka 0.001525 0.000875 2.5e-05 2.5e-05
cole 0.00025 0.000875 0.001225 0.0001
dualcor 2.5e-05 2.5e-05 2.5e-05 0.002375
visa 0.00095 0.0001 0.00105 0.00035
array 0.000275 0.000125 0.000275 0.00175
junk 0.000125 2.5e-05 0.00035 0.001925
stress 0.0011 0.000325 0.0004 0.0006
fake 0.00055 0.0004 0.000175 0.0013
rein 0.000675 0.00015 0.00135 0.00025
49er 2.5e-05 0.0023 5e-05 5e-05
confus 0.00105 0.000375 0.000375 0.000625
hide 0.0014 0.00035 0.000175 0.0005
kathmandu 0.00235 2.5e-05 2.5e-05 2.5e-05
lehman 2.5e-05 0.001175 0.0012 2.5e-05
chen 0.001875 0.000175 0.0003 7.5e-05
merril 0.0001 7.5e-05 0.002125 0.000125
endur 0.0006 0.000975 0.000225 0.000625
shoe 0.000325 0.00045 0.00115 0.0005
overshadow 0.000675 0.001 0.0006 0.00015
spike 0.000425 0.000275 0.001375 0.00035
ortiz 0.000175 0.0022 2.5e-05 2.5e-05
delawar 0.00015 0.0006 0.001075 0.0006
shootout 0.001075 0.001275 5e-05 2.5e-05
reiter 0.001125 0.0003 0.0008 0.0002
conrad 5e-05 5e-05 0.0023 2.5e-05
southampton 0.000125 0.00215 2.5e-05 0.000125
langer 0.000125 0.0022 7.5e-05 2.5e-05
eastman 5e-05 5e-05 0.00115 0.001175
strongest 0.00075 0.0003 0.000825 0.00055
mourinho 5e-05 0.002325 2.5e-05 2.5e-05
lash 0.0017 0.000175 0.0002 0.000325
norwegian 0.000825 0.000425 0.000675 0.000475
exampl 0.000425 0.000425 0.000325 0.001225
migrat 0.00025 2.5e-05 0.0002 0.001925
spectacular 0.000325 0.00125 0.000175 0.00065
healthcar 0.000225 2.5e-05 0.002 0.00015
matthew 0.00015 0.00155 0.00015 0.00055
none 0.0005 0.001125 0.000275 0.0005
autom 2.5e-05 0.000125 0.000325 0.001925
dawn 0.0016 0.000275 0.000125 0.0004
assign 0.000425 0.0009 0.00025 0.000825
pile 0.000825 0.000575 0.000775 0.000225
benchmark 0.000125 7.5e-05 0.00195 0.00025
120 0.000775 0.00065 0.000725 0.00025
temporarili 0.000475 0.0003 0.000975 0.00065
audit 0.000325 0.000225 0.001525 0.000325
secondhalf 5e-05 0.0015 0.000825 2.5e-05
fidel 0.00115 0.000125 0.00095 0.000175
74 0.00035 0.001225 0.0005 0.000325
pave 0.00105 0.0002 0.00065 0.0005
rice 0.000625 0.0014 0.000175 0.0002
button 7.5e-05 0.00175 0.000175 0.0004
peru 0.0018 0.000325 0.000125 0.00015
blackburn 2.5e-05 0.002325 2.5e-05 2.5e-05
safin 0.000125 0.002225 2.5e-05 2.5e-05
lsu 5e-05 0.0022 2.5e-05 0.000125
toppl 0.0016 0.000225 0.00035 0.0002
11th 0.000275 0.001475 0.0004 0.000225
cluster 0.000175 2.5e-05 0.00015 0.002025
complic 0.00095 0.0005 0.000375 0.00055
tune 0.000225 0.00045 0.00025 0.00145
reopen 0.001275 0.00015 0.000575 0.000375
148 0.00025 0.0003 0.00025 0.001575
mph 0.00125 0.00035 2.5e-05 0.00075
rbi 0.0002 0.00195 0.0002 2.5e-05
rfid 2.5e-05 2.5e-05 0.000125 0.0022
faction 0.00225 7.5e-05 2.5e-05 2.5e-05
midsiz 5e-05 2.5e-05 0.000425 0.001875
paint 0.00085 0.0004 0.000525 0.0006
uncov 0.00075 0.0001 0.000325 0.0012
briefli 0.000575 0.00055 0.001025 0.000225
transit 0.001075 0.00015 0.0003 0.00085
possess 0.0008 0.001225 0.00015 0.0002
unknown 0.001275 0.0003 0.0001 0.0007
urgent 0.00125 0.000175 0.000375 0.000575
shaukat 0.0023 2.5e-05 2.5e-05 2.5e-05
jp 0.000125 0.000475 0.001475 0.0003
18th 0.000325 0.001575 0.000225 0.00025
affili 0.000275 0.000125 0.001175 0.0008
telephoni 2.5e-05 2.5e-05 0.00045 0.001875
lobbi 0.00065 0.0004 0.00075 0.000575
pit 0.0006 0.000825 0.000325 0.0006
dust 0.00025 0.00035 0.000275 0.001475
nato 0.002075 7.5e-05 5e-05 0.00015
academ 0.000325 0.000575 0.000275 0.001175
marri 0.00125 0.0006 0.00025 0.00025
custodi 0.002175 2.5e-05 7.5e-05 7.5e-05
trademark 0.000175 0.0004 0.00065 0.001125
bengal 0.00015 0.002125 2.5e-05 5e-05
ontuesday 0.000625 0.0001 0.001 0.000625
gt 0.000325 0.0002 0.000775 0.00105
stolen 0.000625 0.000375 0.0003 0.00105
coloni 0.00115 0.0003 0.000525 0.000375
anderson 0.000225 0.001475 0.0004 0.00025
suzuki 0.00015 0.001875 0.000225 0.0001
highway 0.000925 0.000275 0.000725 0.000425
78 0.0008 0.000325 0.00105 0.000175
withdrawn 0.000725 0.000525 0.00085 0.00025
stuff 7.5e-05 0.00055 0.000375 0.00135
firstquart 2.5e-05 0.000175 0.001775 0.000375
pursuit 0.000425 0.00125 0.000275 0.0004
payrol 0.0001 0.0002 0.00195 0.0001
slugger 0.000175 0.002125 2.5e-05 2.5e-05
syracus 2.5e-05 0.00215 0.00015 2.5e-05
neighborhood 0.0014 0.00025 0.0004 0.000275
jerri 0.000125 0.00195 0.000175 7.5e-05
categori 0.000625 0.00045 0.000525 0.000725
nearbi 0.001325 0.000275 0.000175 0.00055
ton 0.001325 0.00015 0.0002 0.00065
whom 0.000975 0.00065 0.000225 0.000475
cheap 0.00015 0.0002 0.00075 0.001225
academi 0.001 0.000375 2.5e-05 0.000925
invad 0.001375 0.000175 0.00015 0.000625
usc 5e-05 0.002175 5e-05 5e-05
fred 5e-05 0.001875 0.000175 0.000225
smash 0.000875 0.0004 0.0002 0.00085
omar 0.00095 0.0013 5e-05 2.5e-05
dialogu 0.002125 5e-05 5e-05 0.0001
g5 2.5e-05 2.5e-05 2.5e-05 0.00225
geneva 0.00105 0.000125 0.000725 0.000425
squeez 0.000275 0.000625 0.000825 0.0006
bureau 0.000525 0.000375 0.000975 0.00045
betterthanexpect 2.5e-05 2.5e-05 0.002075 0.0002
shutout 0.000225 0.00205 2.5e-05 2.5e-05
louisvil 2.5e-05 0.001975 0.0002 0.000125
pierc 0.000425 0.0015 0.0002 0.0002
hasn 0.00015 0.001525 0.000425 0.000225
dictat 0.00185 0.000175 0.000175 0.000125
ghraib 0.0022 2.5e-05 2.5e-05 7.5e-05
hampshir 0.000225 0.00155 0.000275 0.000275
gross 0.000275 0.000175 0.001575 0.0003
outfit 0.000175 0.0008 0.00035 0.001
verita 2.5e-05 2.5e-05 0.001 0.001275
shortstop 7.5e-05 0.0022 2.5e-05 2.5e-05
elena 0.0001 0.0021 2.5e-05 0.0001
robinson 0.00015 0.00195 0.000125 0.0001
forbescom 2.5e-05 2.5e-05 0.00175 0.0005
textil 0.000425 2.5e-05 0.001775 7.5e-05
temperatur 0.000225 0.000275 0.0005 0.0013
businessman 0.001275 0.0005 0.0004 0.000125
festiv 0.001225 0.0003 0.000225 0.00055
circl 0.00045 0.000975 0.0002 0.000675
drawn 0.00055 0.00075 0.000425 0.000575
locker 5e-05 0.00205 0.0001 0.0001
padr 0.00015 0.00205 2.5e-05 7.5e-05
columbu 0.000325 0.001525 0.0002 0.00025
multimedia 2.5e-05 5e-05 0.0003 0.001925
84 0.00035 0.0016 0.00025 0.0001
thrill 0.0002 0.001675 0.0001 0.000325
occup 0.00195 7.5e-05 0.00015 0.000125
zurich 2.5e-05 0.001575 0.000625 7.5e-05
fled 0.0019 7.5e-05 0.00025 7.5e-05
vivendi 7.5e-05 2.5e-05 0.0014 0.0008
mahmoud 0.002225 2.5e-05 2.5e-05 2.5e-05
austin 0.0002 0.000825 0.00045 0.000825
kyle 7.5e-05 0.0021 5e-05 7.5e-05
57 0.0008 0.000875 0.0004 0.000225
optic 5e-05 2.5e-05 0.000125 0.0021
chrysler 7.5e-05 0.001025 0.001125 7.5e-05
ovitz 2.5e-05 2.5e-05 0.002225 2.5e-05
paypal 2.5e-05 2.5e-05 0.000425 0.001825
vinc 7.5e-05 0.00215 5e-05 2.5e-05
mere 0.000675 0.000575 0.000275 0.00075
cargo 0.000825 5e-05 0.00025 0.00115
ayad 0.002175 2.5e-05 2.5e-05 5e-05
procedur 0.001075 0.000375 0.0003 0.000525
ownership 0.000225 0.00025 0.00135 0.00045
fleet 0.00025 7.5e-05 0.001325 0.000625
roman 0.00115 0.000475 0.0002 0.00045
unrest 0.001275 0.000175 0.0008 2.5e-05
lui 0.0004 0.001775 5e-05 5e-05
tactic 0.00085 0.000525 0.000375 0.000525
routin 0.00055 0.00065 0.000225 0.00085
defect 0.000625 7.5e-05 0.000675 0.0009
experienc 0.000275 0.000775 0.000525 0.0007
bound 0.000675 0.00045 0.000475 0.000675
lend 0.000275 7.5e-05 0.00165 0.000275
slight 0.000425 0.000375 0.001175 0.0003
attach 0.000475 0.000175 0.000275 0.00135
arrang 0.000825 0.0004 0.000675 0.000375
10year 0.0002 0.000175 0.001225 0.000675
ibrahim 0.002075 0.000125 2.5e-05 5e-05
greenhous 0.000825 2.5e-05 0.000225 0.0012
marat 0.000125 0.0021 2.5e-05 2.5e-05
fatal 0.0012 0.000175 0.00035 0.000525
legend 0.0004 0.00135 0.000125 0.000375
realiz 0.00025 0.0008 0.000375 0.000825
architect 0.00065 0.00015 0.00045 0.001
skin 0.00025 0.00085 0.00025 0.0009
falcon 5e-05 0.002 5e-05 0.00015
descend 0.001075 0.000375 0.000175 0.000625
guidanc 0.000225 7.5e-05 0.001425 0.000525
trace 0.001025 0.000325 7.5e-05 0.000825
64bit 2.5e-05 2.5e-05 7.5e-05 0.002125
amazon 0.000275 2.5e-05 0.000475 0.001475
defi 0.001225 0.000575 0.000225 0.000225
excess 0.000275 0.000225 0.00135 0.0004
favr 5e-05 0.00215 2.5e-05 2.5e-05
approxim 0.00015 0.000175 0.000825 0.0011
rebuild 0.0013 0.0004 0.0004 0.00015
lone 0.000225 0.001525 0.00015 0.00035
83 0.000275 0.001325 0.000375 0.000275
pda 2.5e-05 2.5e-05 0.000125 0.002075
surpass 0.000175 0.00065 0.000675 0.00075
metr 0.000275 0.001775 2.5e-05 0.000175
root 0.000525 0.000625 0.00055 0.00055
primari 0.000675 0.000425 0.000475 0.000675
jamaica 0.001275 0.000525 0.000275 0.000175
tel 0.0016 0.0005 7.5e-05 7.5e-05
aviv 0.001575 0.000525 7.5e-05 7.5e-05
volkswagen 0.0005 2.5e-05 0.0016 0.000125
lenovo 7.5e-05 2.5e-05 0.00135 0.0008
thwart 0.000825 0.0001 0.00055 0.000775
hu 0.001625 0.00015 0.000425 5e-05
artest 5e-05 0.00215 2.5e-05 2.5e-05
chair 0.0003 0.0012 0.000375 0.00035
bruis 0.0001 0.001875 0.000125 0.000125
buck 0.000225 0.0011 0.000475 0.000425
neither 0.000475 0.0011 0.000325 0.000325
assum 0.00055 0.000675 0.000625 0.000375
premium 0.000225 0.0001 0.00135 0.00055
substanc 0.0004 0.001375 5e-05 0.0004
keith 0.000125 0.001925 7.5e-05 0.0001
fool 0.000125 0.000275 0.000675 0.00115
spare 0.000575 0.00045 0.000525 0.000675
stanley 0.0001 0.0006 0.001425 0.0001
uniform 0.00065 0.001375 0.0001 0.0001
tore 0.00165 0.00025 0.000125 0.0002
beer 0.00045 0.000325 0.001325 0.000125
johnni 0.000525 0.0016 5e-05 5e-05
pornographi 0.000575 2.5e-05 5e-05 0.001575
raw 0.000575 0.000275 0.000925 0.00045
beauti 0.000475 0.000575 0.000325 0.00085
cyber 7.5e-05 2.5e-05 5e-05 0.002075
paus 0.000275 0.000375 0.0013 0.000275
correspond 0.000875 0.000225 0.000675 0.00045
luke 2.5e-05 0.00205 2.5e-05 0.000125
comcast 2.5e-05 0.0001 0.0016 0.0005
magnitud 0.001475 0.0001 5e-05 0.0006
jamal 0.000125 0.00205 2.5e-05 2.5e-05
fare 0.000175 0.000125 0.001575 0.000325
michel 0.0006 0.000625 0.000225 0.00075
contin 0.00115 0.0001 0.00025 0.0007
shortterm 7.5e-05 0.000175 0.00175 0.0002
mexican 0.000975 0.0002 0.000725 0.0003
portal 5e-05 2.5e-05 0.000125 0.002
jeffrey 5e-05 0.0002 0.001425 0.000525
convers 0.000475 0.0007 0.00035 0.000675
mercuri 0.000275 0.0002 0.00015 0.001575
fourgam 7.5e-05 0.002075 2.5e-05 2.5e-05
massacr 0.002 0.000125 5e-05 2.5e-05
malaysian 0.001275 0.000425 0.000225 0.000275
gay 0.0018 0.00015 0.0001 0.00015
rob 0.0005 0.000875 0.00025 0.000575
archriv 0.000225 0.001 0.0004 0.000575
haitian 0.0021 5e-05 2.5e-05 2.5e-05
sank 0.00025 0.000275 0.0015 0.000175
neighbour 0.001675 0.00025 0.000125 0.00015
tyler 0.0001 0.001975 7.5e-05 5e-05
qanta 0.00015 2.5e-05 0.002 2.5e-05
penn 0.0001 0.001375 0.00045 0.000275
strongli 0.000875 0.000225 0.00085 0.00025
curs 5e-05 0.00185 0.000125 0.000175
trainer 0.000125 0.002 2.5e-05 5e-05
cow 0.00085 2.5e-05 0.0008 0.000525
erp 2.5e-05 2.5e-05 0.000575 0.001575
mutu 0.0001 0.00205 2.5e-05 2.5e-05
accomplish 0.00035 0.001175 0.000175 0.000475
hubbl 2.5e-05 2.5e-05 2.5e-05 0.0021
teacher 0.00135 7.5e-05 0.000225 0.000525
fcc 2.5e-05 7.5e-05 0.0005 0.001575
firewal 2.5e-05 2.5e-05 5e-05 0.002075
slap 0.0005 0.000675 0.0007 0.0003
f1 2.5e-05 0.002025 7.5e-05 5e-05
mandat 0.00135 7.5e-05 0.0003 0.00045
tortur 0.001875 0.000125 5e-05 0.000125
wreckag 0.00145 0.000175 7.5e-05 0.000475
atp 0.0001 0.002025 2.5e-05 2.5e-05
berlusconi 0.00205 5e-05 5e-05 2.5e-05
empir 0.000275 0.000225 0.00135 0.000325
abc 0.000225 0.00135 0.000375 0.000225
harrington 2.5e-05 0.00195 0.000125 7.5e-05
aristid 0.0021 2.5e-05 2.5e-05 2.5e-05
xinhua 0.00135 0.000125 0.000175 0.000525
drama 0.000875 0.0007 0.000375 0.000225
roughli 0.0002 0.00015 0.000975 0.00085
berkeley 2.5e-05 0.0005 0.000275 0.001375
ankara 0.001975 2.5e-05 0.00015 2.5e-05
plug 0.00025 0.0004 0.000225 0.0013
nairobi 0.002 5e-05 5e-05 7.5e-05
portsmouth 0.00015 0.0019 0.0001 2.5e-05
roebuck 2.5e-05 2.5e-05 0.002 0.000125
susilo 0.002075 2.5e-05 5e-05 2.5e-05
yudhoyono 0.002075 2.5e-05 5e-05 2.5e-05
lastminut 0.000725 0.000625 0.0005 0.0003
92 0.000225 0.00045 0.000825 0.00065
rescuer 0.001975 5e-05 2.5e-05 0.0001
immin 0.0007 0.0004 0.00065 0.0004
highdefinit 5e-05 5e-05 0.000175 0.001875
spotlight 0.000375 0.000775 0.000425 0.000575
pope 0.001775 0.0001 2.5e-05 0.00025
chant 0.00045 0.001575 0.0001 2.5e-05
silvio 0.001975 0.0001 5e-05 2.5e-05
shelv 0.000375 0.0001 0.000475 0.0012
fade 0.00035 0.000825 0.000625 0.00035
tribal 0.002 5e-05 7.5e-05 2.5e-05
jimmi 0.000375 0.0015 0.0002 7.5e-05
biotechnolog 2.5e-05 2.5e-05 0.0016 0.0005
sam 0.000275 0.0013 0.000375 0.0002
chao 0.0015 0.000175 0.000325 0.00015
interfac 2.5e-05 2.5e-05 7.5e-05 0.002025
funer 0.001725 0.0003 0.0001 2.5e-05
deliber 0.00055 0.000925 0.0005 0.000175
lefthand 2.5e-05 0.002075 2.5e-05 2.5e-05
seasonhigh 5e-05 0.00205 2.5e-05 2.5e-05
implant 0.00015 5e-05 0.000825 0.001125
pinochet 0.001975 2.5e-05 0.000125 2.5e-05
santand 0.0001 5e-05 0.001975 2.5e-05
unchang 0.000275 0.000175 0.0016 0.0001
roma 5e-05 0.002 2.5e-05 7.5e-05
39neal 2.5e-05 0.002075 2.5e-05 2.5e-05
bambang 0.00205 2.5e-05 5e-05 2.5e-05
100000 0.0008 0.000125 0.000575 0.000625
killer 0.000875 0.000425 0.000125 0.0007
shark 0.000925 0.0001 0.00025 0.00085
clearli 0.000325 0.00075 0.00025 0.0008
alter 0.0003 0.000375 0.00055 0.0009
amateur 0.00015 0.00135 5e-05 0.000575
seller 0.000125 2.5e-05 0.0009 0.001075
glass 0.000475 0.000275 0.00045 0.000925
salvag 0.00035 0.001075 0.00025 0.00045
twotim 5e-05 0.002025 2.5e-05 2.5e-05
couldnt 0.00025 0.0012 0.000225 0.00045
ralph 0.0008 0.0008 0.00045 7.5e-05
fals 0.00045 0.000325 0.000775 0.000575
cheat 0.00055 0.000925 0.000425 0.000225
ontario 0.000525 0.000375 0.0009 0.000325
propel 0.000225 0.000675 0.00095 0.000275
torn 0.00055 0.001475 7.5e-05 2.5e-05
speaker 0.000825 0.000125 0.00025 0.000925
130 0.00055 0.000825 0.0006 0.00015
dealt 0.0006 0.000825 0.0004 0.0003
compat 2.5e-05 2.5e-05 0.00015 0.001925
threeday 0.00105 0.0005 0.000475 0.0001
mill 0.000225 0.00035 0.001275 0.000275
73 0.00035 0.00135 0.0003 0.000125
emir 0.001175 0.0005 0.00035 0.0001
gen 0.001725 2.5e-05 0.0002 0.000175
thirdgener 2.5e-05 2.5e-05 0.00045 0.001625
terrel 7.5e-05 0.002 2.5e-05 2.5e-05
md 0.00015 0.0011 0.0005 0.000375
denni 0.0002 0.00165 7.5e-05 0.0002
valencia 2.5e-05 0.00205 2.5e-05 2.5e-05
refere 7.5e-05 0.002 2.5e-05 2.5e-05
dean 0.000175 0.000825 0.00025 0.000875
outstand 0.000325 0.00085 0.000675 0.000275
counterfeit 0.000275 2.5e-05 0.0003 0.001525
nugget 2.5e-05 0.00205 2.5e-05 2.5e-05
hellip 2.5e-05 2.5e-05 0.002025 2.5e-05
simul 7.5e-05 7.5e-05 0.000225 0.001725
boat 0.001125 0.00035 0.000125 0.0005
dive 0.000125 0.001575 0.00015 0.00025
iron 0.00045 0.000475 0.000675 0.0005
dash 0.000625 0.001025 0.000175 0.000275
modifi 0.00035 7.5e-05 0.0004 0.001275
unsolicit 7.5e-05 2.5e-05 0.000575 0.001425
romania 0.001375 0.000625 7.5e-05 2.5e-05
roof 0.00125 0.00015 0.000325 0.000375
anonym 0.000625 0.000575 0.000175 0.000725
rod 0.00045 0.000775 0.000375 0.0005
topseed 7.5e-05 0.001975 2.5e-05 2.5e-05
slower 0.000125 0.000125 0.00155 0.0003
barrier 0.0009 0.000375 0.0004 0.000425
section 0.000775 0.000375 0.000325 0.000625
reveng 0.000825 0.000825 5e-05 0.0004
onetim 0.00035 0.000375 0.0009 0.000475
mastermind 0.001825 0.0001 0.0001 7.5e-05
expos 0.00065 0.000225 0.000375 0.00085
nfc 5e-05 0.0015 2.5e-05 0.000525
doublehead 0.00015 0.001875 2.5e-05 5e-05
chicken 0.00045 0.000125 0.00065 0.000875
mainli 0.000625 7.5e-05 0.0009 0.0005
breeder 2.5e-05 0.002 5e-05 2.5e-05
netflix 2.5e-05 2.5e-05 0.00095 0.0011
hedg 7.5e-05 7.5e-05 0.001875 7.5e-05
jintao 0.0016 7.5e-05 0.0004 2.5e-05
straw 0.001875 7.5e-05 0.0001 5e-05
salvat 2.5e-05 7.5e-05 0.00195 5e-05
souness 2.5e-05 0.002025 2.5e-05 2.5e-05
smartphon 2.5e-05 2.5e-05 0.000125 0.001925
grizzli 7.5e-05 0.001925 2.5e-05 7.5e-05
conclus 0.00035 0.000675 0.000325 0.000725
parcel 7.5e-05 0.0012 0.000775 2.5e-05
fun 7.5e-05 0.00065 0.000425 0.000925
principl 0.0008 0.0002 0.0008 0.000275
dedic 0.000375 0.00035 0.0003 0.00105
tougher 0.0006 0.000725 0.00045 0.0003
frequent 0.00065 0.00015 0.0005 0.000775
kazakhstan 0.00055 0.000275 5e-05 0.0012
103 0.00015 0.000525 0.000975 0.000425
internetbas 2.5e-05 2.5e-05 0.000525 0.0015
arent 0.000375 0.00045 0.000275 0.000975
yellow 0.000225 0.00095 0.0004 0.0005
stone 0.00065 0.0004 0.0002 0.000825
arlington 0.0002 0.001075 0.000625 0.000175
proof 0.001075 0.0003 0.00015 0.00055
richest 0.0002 0.000675 0.001025 0.000175
testimoni 0.000525 0.00045 0.0007 0.0004
hover 0.0003 0.0002 0.00145 0.000125
sandwich 5e-05 0.0002 0.000325 0.0015
faith 0.0008 0.00065 0.00025 0.000375
pullout 0.002 2.5e-05 2.5e-05 2.5e-05
outbreak 0.001 0.000125 0.000325 0.000625
excel 0.0001 0.00085 7.5e-05 0.00105
champ 0.00015 0.00165 0.00015 0.000125
ichiro 0.000125 0.0019 2.5e-05 2.5e-05
mad 0.00075 0.000375 0.000625 0.000325
zook 2.5e-05 0.002 2.5e-05 2.5e-05
nvidia 2.5e-05 2.5e-05 0.000275 0.00175
guidant 5e-05 2.5e-05 0.00195 5e-05
indoor 7.5e-05 0.001875 7.5e-05 5e-05
longrun 0.00045 0.0001 0.00105 0.000475
midnight 0.000575 0.0007 0.000275 0.000525
hub 0.000325 0.0001 0.001175 0.000475
stabl 0.0008 7.5e-05 0.000725 0.000475
alarm 0.0009 0.0002 0.000325 0.00065
invent 0.0001 0.000175 0.00025 0.00155
lebron 7.5e-05 0.001925 5e-05 2.5e-05
downtown 0.000975 0.00035 0.000575 0.000175
lane 0.000375 0.0011 0.00055 5e-05
runner 0.000175 0.001725 5e-05 0.000125
prayer 0.0017 0.000175 2.5e-05 0.000175
basqu 0.001875 0.000125 2.5e-05 5e-05
subpoena 0.000225 2.5e-05 0.00145 0.000375
midway 5e-05 0.00115 0.000775 0.0001
catcher 5e-05 0.001975 2.5e-05 2.5e-05
halftim 5e-05 0.0019 7.5e-05 5e-05
compli 0.000625 0.00015 0.000725 0.000575
beirut 0.001925 2.5e-05 7.5e-05 5e-05
earnhardt 2.5e-05 0.002 2.5e-05 2.5e-05
volcano 0.000125 7.5e-05 5e-05 0.001825
mojav 0.000175 2.5e-05 2.5e-05 0.00185
rail 0.001 0.000225 0.00065 0.000175
argentin 0.00065 0.00095 0.00035 0.0001
visual 5e-05 5e-05 5e-05 0.0019
cement 0.000325 0.0004 0.0012 0.000125
snatch 0.0006 0.000875 0.000125 0.00045
professor 0.00035 0.000175 0.000275 0.00125
purpos 0.000425 0.000375 0.000325 0.000925
stanford 0.000125 0.000975 0.00015 0.0008
chose 0.0007 0.000775 0.000325 0.00025
undisclos 0.000225 0.000475 0.0007 0.00065
mention 0.00055 0.0008 0.00015 0.00055
campu 7.5e-05 0.000775 0.0005 0.0007
incorpor 7.5e-05 7.5e-05 0.0005 0.0014
turmoil 0.001225 0.000275 0.000425 0.000125
miguel 0.000225 0.001675 5e-05 0.0001
02 0.000175 0.000475 0.0009 0.0005
ann 0.000425 0.000775 0.00035 0.0005
p2pnetnet 5e-05 2.5e-05 0.0001 0.001875
spaniard 0.000175 0.0018 5e-05 2.5e-05
creator 0.000175 5e-05 0.000275 0.00155
wheel 0.0003 0.0004 0.00065 0.0007
sixmonth 0.00035 0.000125 0.000875 0.0007
painkil 0.0001 0.00015 0.001625 0.000175
holm 0.00015 0.0018 7.5e-05 2.5e-05
225 0.000125 0.0004 0.001225 0.0003
soyuz 0.0002 2.5e-05 2.5e-05 0.0018
timberwolv 2.5e-05 0.001975 2.5e-05 2.5e-05
broader 0.000525 5e-05 0.0008 0.00065
radar 0.00015 0.000175 0.00025 0.00145
cocain 0.00065 0.0012 2.5e-05 0.00015
belt 0.0006 0.000925 0.00025 0.00025
imposs 0.00065 0.000775 0.000175 0.000425
alaska 0.000275 0.000575 0.0005 0.000675
bundl 0.00015 0.000325 0.0003 0.00125
steep 0.0003 0.000125 0.001175 0.000425
wed 0.000875 0.00055 0.000225 0.000375
evalu 0.000225 0.000325 0.00055 0.000925
fbi 0.0008 5e-05 0.0004 0.000775
deterior 0.00125 0.00015 0.000575 5e-05
lag 0.000275 0.000125 0.001475 0.00015
crunch 0.000275 0.000325 0.0012 0.000225
scream 0.001025 0.000625 0.0001 0.000275
permit 0.00065 0.000175 0.000475 0.000725
danc 0.000625 0.0007 0.00015 0.00055
motiv 0.00075 0.00065 0.00015 0.000475
sooner 0.000225 0.0014 0.00015 0.00025
greg 0.00015 0.001575 0.0001 0.0002
portauprinc 0.001875 0.0001 2.5e-05 2.5e-05
villa 0.000575 0.001375 5e-05 2.5e-05
click 7.5e-05 0.0001 0.000125 0.001725
rage 0.001125 0.000325 0.0003 0.000275
gmail 2.5e-05 2.5e-05 2.5e-05 0.00195
ruud 0.00025 0.001725 2.5e-05 2.5e-05
hornet 5e-05 0.001825 2.5e-05 0.000125
turnov 0.0001 0.001575 0.000275 7.5e-05
bayern 2.5e-05 0.00195 2.5e-05 2.5e-05
dale 2.5e-05 0.001825 2.5e-05 0.00015
serb 0.00185 7.5e-05 2.5e-05 7.5e-05
sick 0.00075 0.000375 0.000425 0.00045
behavior 0.0004 0.000425 0.000425 0.00075
moor 0.000475 0.00085 0.000225 0.00045
topic 0.000375 0.0003 0.000175 0.00115
hd 2.5e-05 7.5e-05 0.0001 0.0018
mo 7.5e-05 0.001325 0.00035 0.00025
renault 7.5e-05 0.00165 0.000225 5e-05
caraca 0.001625 5e-05 0.000225 0.0001
e 0.00035 0.000425 0.00045 0.000775
costa 0.0006 0.001225 7.5e-05 0.0001
nobodi 0.00015 0.001 0.00015 0.0007
wartorn 0.001875 5e-05 2.5e-05 5e-05
degre 0.00015 0.00025 0.000425 0.001175
pend 0.000325 0.00055 0.00075 0.000375
rio 0.000575 0.001025 0.00025 0.00015
quotit 0.00025 0.000925 0.00025 0.000575
hardlin 0.00185 2.5e-05 7.5e-05 5e-05
policemen 0.001925 2.5e-05 2.5e-05 2.5e-05
dismantl 0.0012 0.000425 0.000125 0.00025
moham 0.00175 0.000175 2.5e-05 5e-05
coffe 0.0003 0.000125 0.001125 0.00045
refin 0.0002 2.5e-05 0.001475 0.0003
stockpil 0.000575 2.5e-05 0.001175 0.000225
entrepreneur 5e-05 5e-05 0.000625 0.001275
navig 0.00015 0.0001 0.000325 0.001425
kelli 0.00025 0.0014 0.0002 0.00015
viacom 2.5e-05 2.5e-05 0.001675 0.000275
volunt 0.00045 0.000625 0.000325 0.0006
buoy 0.00035 0.000125 0.001325 0.0002
embargo 0.0018 2.5e-05 0.000125 5e-05
nv 0.0001 0.000175 0.001525 0.0002
panama 0.000625 0.001275 5e-05 5e-05
wnba 5e-05 0.0019 2.5e-05 2.5e-05
treo 2.5e-05 2.5e-05 0.00025 0.0017
trick 0.000325 0.0005 0.000125 0.001025
gm 0.0001 0.0006 0.001075 0.0002
techweb 2.5e-05 2.5e-05 7.5e-05 0.00185
shower 0.000175 0.000375 0.000225 0.0012
costli 0.000125 0.000175 0.001125 0.00055
advisori 0.00025 2.5e-05 0.0008 0.0009
sleep 0.0003 0.0007 0.000225 0.00075
fingerprint 0.000175 7.5e-05 0.000125 0.0016
mvp 2.5e-05 0.0019 2.5e-05 2.5e-05
turf 0.000325 0.001075 0.000225 0.00035
7000 0.00035 5e-05 0.000925 0.00065
gunfir 0.00185 7.5e-05 2.5e-05 2.5e-05
militiamen 0.00185 2.5e-05 5e-05 5e-05
birthday 0.00065 0.0008 0.00015 0.000375
awar 0.0004 0.000575 0.0002 0.0008
frozen 0.000675 0.000175 0.000625 0.0005
formerli 0.000625 0.000175 0.0007 0.000475
dairi 5e-05 2.5e-05 0.001675 0.000225
portion 0.0005 0.0003 0.0005 0.000675
mauric 0.0001 0.001375 7.5e-05 0.000425
desir 0.000525 0.00065 0.00025 0.00055
shore 0.00065 0.00035 0.0003 0.000675
outgo 0.0013 0.000125 0.000275 0.000275
82 0.000325 0.000775 0.00055 0.000325
manni 0.000175 0.00175 2.5e-05 2.5e-05
crater 0.0001 2.5e-05 7.5e-05 0.001775
deserv 0.000375 0.0012 0.00025 0.00015
influenti 0.00115 0.000175 0.00035 0.0003
ye 0.00015 0.000625 0.00035 0.00085
milosev 0.0019 2.5e-05 2.5e-05 2.5e-05
finger 0.00015 0.0007 0.0002 0.000925
checkpoint 0.0017 2.5e-05 0.000225 2.5e-05
foe 0.001 0.00055 0.000275 0.00015
runoff 0.001725 2.5e-05 2.5e-05 0.0002
relianc 7.5e-05 2.5e-05 0.001575 0.0003
meyer 2.5e-05 0.001625 0.000275 5e-05
bolton 0.0001 0.001825 2.5e-05 2.5e-05
yushchenko 0.001825 2.5e-05 2.5e-05 0.0001
purdu 2.5e-05 0.0017 5e-05 0.0002
bali 0.00145 0.00035 5e-05 0.0001
concentr 0.000525 0.0003 0.00045 0.000675
hardli 0.0003 0.001075 0.0002 0.000375
missouri 0.0002 0.001225 0.00015 0.000375
grave 0.001375 0.000225 0.0001 0.00025
todd 7.5e-05 0.001625 0.000175 7.5e-05
sprain 2.5e-05 0.001875 2.5e-05 2.5e-05
corey 7.5e-05 0.001825 2.5e-05 2.5e-05
redmond 5e-05 7.5e-05 0.00035 0.001475
yearend 5e-05 0.0003 0.001325 0.000275
skip 0.00015 0.000825 0.0004 0.000575
reorgan 0.000325 0.0001 0.00115 0.000375
sudden 0.000475 0.000525 0.00035 0.0006
04 0.000125 0.000625 0.000875 0.000325
actor 0.001075 0.00015 0.00025 0.000475
surprisingli 0.000225 0.000475 0.0009 0.00035
bullpen 2.5e-05 0.001875 2.5e-05 2.5e-05
buzz 0.00015 0.00045 0.0003 0.00105
allaround 0.000175 0.0017 5e-05 2.5e-05
nicola 0.0005 0.0011 0.00025 0.0001
secretli 0.00085 0.000125 0.00015 0.000825
augusto 0.0018 2.5e-05 0.0001 2.5e-05
tyron 7.5e-05 0.001825 2.5e-05 2.5e-05
pti 0.001125 0.000325 0.000375 0.000125
mice 0.0001 0.0001 5e-05 0.0017
lyon 0.000125 0.001775 2.5e-05 2.5e-05
favour 0.000575 0.000375 0.00065 0.00035
segment 0.0001 0.000125 0.00095 0.000775
alabama 0.000125 0.001375 0.000325 0.000125
strang 0.000175 0.000775 0.000125 0.00085
essenti 0.0005 0.000175 0.000225 0.001025
hack 0.0004 5e-05 5e-05 0.001425
tale 0.000275 0.00045 0.000675 0.000525
crawford 0.0004 0.0013 0.000175 5e-05
consist 0.000225 0.0006 0.000325 0.000775
crippl 0.00085 5e-05 0.000475 0.00055
nor 0.00035 0.00075 0.000375 0.00045
overse 0.00025 0.0001 0.0011 0.000475
manuel 0.001025 0.000775 0.0001 2.5e-05
syrian 0.00185 2.5e-05 2.5e-05 2.5e-05
rwanda 0.001775 2.5e-05 5e-05 7.5e-05
1998 0.0003 0.0008 0.00045 0.000375
charter 0.000375 0.00035 0.0008 0.0004
blockad 0.001675 2.5e-05 0.000125 0.0001
municip 0.00065 0.000125 0.000375 0.000775
haul 0.0004 0.001075 0.000175 0.000275
nbc 0.0005 0.0008 0.00025 0.000375
650 0.000275 0.000275 0.000375 0.001
campbel 0.000175 0.00145 0.000275 2.5e-05
journey 0.0004 0.000475 7.5e-05 0.000975
spill 0.0003 0.0005 0.0005 0.000625
lap 5e-05 0.0017 5e-05 0.000125
provis 0.00035 0.0001 0.000625 0.00085
heel 0.000225 0.000575 0.00045 0.000675
chilean 0.001675 0.0001 0.0001 5e-05
mitsubishi 0.0003 2.5e-05 0.0014 0.0002
bernard 0.000425 0.001125 0.000275 0.0001
koizumi 0.001725 5e-05 0.000125 2.5e-05
chipset 2.5e-05 2.5e-05 0.000125 0.00175
cambodia 0.001775 2.5e-05 0.0001 2.5e-05
gator 2.5e-05 0.00185 2.5e-05 2.5e-05
manila 0.001175 0.0001 0.000525 0.0001
knowledg 0.0002 0.000425 0.00025 0.001025
nomine 0.001225 0.000275 0.00025 0.00015
hazard 0.0001 7.5e-05 0.000375 0.00135
newscom 2.5e-05 2.5e-05 2.5e-05 0.001825
mini 0.00015 0.0001 7.5e-05 0.001575
freestyl 0.0004 0.00145 2.5e-05 2.5e-05
introduct 0.0001 0.00045 0.0003 0.00105
rwandan 0.001825 2.5e-05 2.5e-05 2.5e-05
shelter 0.001075 5e-05 0.000625 0.00015
kuala 0.00105 0.0002 0.000375 0.000275
broaden 0.000325 2.5e-05 0.000425 0.001125
drill 0.000275 0.000625 0.000375 0.000625
sao 0.000825 0.000925 5e-05 0.0001
salt 0.000175 0.000825 0.000225 0.000675
03 0.00025 0.00035 0.000725 0.000575
simplifi 5e-05 2.5e-05 0.000325 0.0015
flexibl 0.0005 0.00015 0.00075 0.0005
abdullah 0.001525 0.00015 0.00015 7.5e-05
singer 0.0014 5e-05 0.00015 0.0003
bluechip 5e-05 2.5e-05 0.001775 5e-05
priest 0.000675 0.001125 5e-05 5e-05
rim 0.000575 0.0002 0.0003 0.000825
anywher 0.00035 0.000325 0.0003 0.000925
northwestern 0.00095 0.0007 5e-05 0.0002
nistelrooy 7.5e-05 0.001775 2.5e-05 2.5e-05
eccleston 0.0001 0.001725 5e-05 2.5e-05
fifa 7.5e-05 0.001775 2.5e-05 2.5e-05
clara 0.000125 0.000425 0.000275 0.001075
fulham 2.5e-05 0.001825 2.5e-05 2.5e-05
alongsid 0.000475 0.0005 0.00025 0.00065
oregon 0.000225 0.00115 0.000175 0.000325
reinforc 0.0008 0.000175 0.000675 0.000225
element 0.00045 0.0002 0.0003 0.000925
satisfi 0.0003 0.000625 0.0004 0.00055
wrote 0.0005 0.0004 0.000425 0.00055
stamp 0.000575 0.000425 0.000225 0.00065
longdist 7.5e-05 0.000225 0.00065 0.000925
donat 0.00055 0.00015 0.000625 0.00055
router 2.5e-05 2.5e-05 0.000125 0.0017
comprehens 0.00055 0.000225 0.00025 0.00085
lumpur 0.00105 0.0002 0.00035 0.000275
deport 0.00175 2.5e-05 5e-05 5e-05
sensat 0.000275 0.001225 2.5e-05 0.00035
converg 0.000325 0.0002 0.0002 0.00115
jeanbertrand 0.0018 2.5e-05 2.5e-05 2.5e-05
album 0.000375 7.5e-05 7.5e-05 0.00135
ahm 0.00165 0.000125 7.5e-05 2.5e-05
fedex 5e-05 0.000575 0.000975 0.000275
reel 0.0005 0.000825 0.00035 0.0002
fend 0.000375 0.00025 0.00055 0.0007
sophist 0.0003 5e-05 0.0002 0.001325
deadlock 0.00125 0.000275 0.000175 0.000175
88 0.00025 0.000175 0.001025 0.000425
upper 0.0007 0.00055 0.0001 0.000525
plastic 0.000475 0.00025 0.000425 0.000725
skeptic 0.0004 0.0003 0.0006 0.000575
peterson 0.000575 0.00115 7.5e-05 7.5e-05
bueno 0.001175 0.0003 0.00025 0.00015
seasonend 5e-05 0.001775 2.5e-05 2.5e-05
wipe 0.000325 0.00055 0.000575 0.000425
wade 0.000225 0.00125 0.000225 0.000175
slobodan 0.0018 2.5e-05 2.5e-05 2.5e-05
personnel 0.001175 0.00025 0.0002 0.00025
willingham 5e-05 0.001775 2.5e-05 2.5e-05
gibb 2.5e-05 0.001775 2.5e-05 5e-05
airplan 0.00025 0.000125 0.001125 0.000375
junichiro 0.0017 5e-05 0.0001 2.5e-05
kidd 5e-05 0.0012 0.0006 2.5e-05
sr 5e-05 0.00175 5e-05 2.5e-05
tendulkar 0.0002 0.001625 2.5e-05 2.5e-05
gonaiv 0.0018 2.5e-05 2.5e-05 2.5e-05
folk 0.00015 0.00055 0.0003 0.00085
incred 0.0001 0.00065 0.0004 0.0007
vacat 0.000725 0.0003 0.000575 0.00025
deeper 0.0004 0.00015 0.000625 0.000675
dynam 0.000225 0.000325 0.00065 0.00065
ie 2.5e-05 5e-05 5e-05 0.001725
doom 0.000275 0.0004 0.0001 0.001075
oval 0.00015 0.00155 7.5e-05 7.5e-05
austrian 0.000425 0.001075 0.0001 0.00025
compil 0.0001 0.00045 0.00025 0.00105
elig 0.000475 0.000825 0.000325 0.000225
par 7.5e-05 0.00145 0.000175 0.00015
jam 0.0004 0.00045 0.00045 0.00055
flee 0.001525 7.5e-05 0.0001 0.00015
subscript 5e-05 2.5e-05 0.000625 0.00115
dutchshel 0.0004 2.5e-05 0.0013 0.000125
swift 0.000875 0.00025 0.0002 0.000525
lacklust 0.000225 0.00025 0.001225 0.00015
tailback 5e-05 0.00175 2.5e-05 2.5e-05
uncertain 0.0004 0.000375 0.00085 0.000225
30year 0.0001 0.00015 0.00145 0.00015
berti 0.000575 0.001225 2.5e-05 2.5e-05
xm 2.5e-05 0.00025 0.000525 0.00105
g 7.5e-05 0.0009 0.000425 0.00045
tribut 0.00085 0.00065 0.00015 0.0002
svetlana 5e-05 0.00175 2.5e-05 2.5e-05
asylum 0.001775 2.5e-05 2.5e-05 2.5e-05
drugmak 2.5e-05 2.5e-05 0.001725 7.5e-05
eta 0.00165 0.000125 2.5e-05 5e-05
middlesbrough 7.5e-05 0.001725 2.5e-05 2.5e-05
ink 0.00025 0.0002 0.0007 0.0007
rutherford 2.5e-05 0.001775 2.5e-05 2.5e-05
havana 0.001225 0.0002 0.0004 2.5e-05
ratifi 0.0011 0.0001 0.000425 0.000225
fenc 0.001125 0.0005 0.0001 0.0001
nightmar 0.000275 0.000875 0.0004 0.000275
delight 0.00035 0.00095 0.000125 0.0004
gang 0.000975 0.000225 0.000125 0.0005
leap 0.0003 0.0005 0.000525 0.0005
tunnel 0.00055 0.000625 0.00045 0.0002
goldman 2.5e-05 2.5e-05 0.00155 0.000225
stumbl 0.000175 0.000575 0.0005 0.000575
theme 0.00045 0.000375 0.000525 0.000475
goalkeep 5e-05 0.001725 2.5e-05 2.5e-05
tone 0.00035 0.000325 0.00025 0.0009
doughnut 2.5e-05 5e-05 0.0017 5e-05
romanian 0.0007 0.0009 5e-05 0.000175
mainland 0.0009 5e-05 0.000675 0.0002
remaind 7.5e-05 0.00135 0.000275 0.000125
sheffield 0.00025 0.0015 2.5e-05 5e-05
eras 0.0003 0.00055 0.0007 0.000275
detent 0.001675 2.5e-05 7.5e-05 5e-05
imam 0.001725 2.5e-05 2.5e-05 5e-05
simon 0.0005 0.000825 0.00025 0.00025
wto 0.00015 2.5e-05 0.001575 7.5e-05
theo 0.001025 0.00075 2.5e-05 2.5e-05
donovan 5e-05 0.0017 2.5e-05 5e-05
collin 0.0001 0.001125 0.0005 0.0001
luxembourg 0.00025 0.000525 0.000525 0.000525
cigarett 0.000175 5e-05 0.0015 0.0001
casey 5e-05 0.0017 5e-05 2.5e-05
inter 0.0001 0.001675 2.5e-05 2.5e-05
sorenstam 2.5e-05 0.00175 2.5e-05 2.5e-05
pitcairn 0.001725 2.5e-05 2.5e-05 5e-05
underway 0.00045 0.000375 0.000525 0.00045
otherwis 0.00035 0.00055 0.000375 0.000525
bestsel 0.000275 0.000125 0.000725 0.000675
mainstream 0.0004 5e-05 0.0002 0.00115
shrink 0.000175 0.0001 0.00085 0.000675
layer 0.000125 0.0001 0.00015 0.001425
sting 0.0003 0.000775 0.000375 0.00035
symbian 2.5e-05 2.5e-05 7.5e-05 0.001675
ethic 0.0007 0.000275 0.0004 0.000425
isol 0.00135 5e-05 0.00015 0.00025
joy 0.0004 0.00095 7.5e-05 0.000375
1995 0.0006 0.0005 0.000475 0.000225
sutton 5e-05 0.001625 5e-05 7.5e-05
pride 0.000375 0.00125 0.0001 7.5e-05
frequenc 2.5e-05 5e-05 0.00025 0.001475
innoc 0.00075 0.0006 0.00015 0.0003
buccan 5e-05 0.0017 2.5e-05 2.5e-05
youth 0.00075 0.000525 0.000225 0.0003
bluetooth 2.5e-05 2.5e-05 5e-05 0.0017
87 0.000325 0.0007 0.00055 0.000225
fractur 0.0004 0.0012 7.5e-05 0.000125
oscar 0.00015 0.001375 0.000125 0.00015
backtoback 0.000575 0.001025 0.0001 0.0001
mp 0.001425 2.5e-05 0.0002 0.00015
runup 0.000775 0.0001 0.000675 0.00025
screensav 5e-05 2.5e-05 2.5e-05 0.0017
reliabl 0.00025 0.000175 0.000325 0.00105
en 0.00055 0.0008 7.5e-05 0.000375
bradi 5e-05 0.001525 0.000125 0.0001
johannesburg 0.000825 7.5e-05 0.0006 0.0003
cafe 0.00035 0.0001 0.000175 0.001175
ambush 0.0017 5e-05 2.5e-05 2.5e-05
raymond 0.0001 0.00095 0.0006 0.00015
klitschko 5e-05 0.0017 2.5e-05 2.5e-05
fumbl 7.5e-05 0.00155 5e-05 0.000125
logic 0.0001 0.000125 0.0003 0.001275
displac 0.001425 0.0001 5e-05 0.000225
onfriday 0.0006 5e-05 0.00075 0.0004
clubhous 5e-05 0.0017 2.5e-05 2.5e-05
firstev 0.000825 0.000625 7.5e-05 0.000275
continent 0.000325 0.0003 0.00105 0.000125
dissid 0.00155 2.5e-05 0.000125 0.0001
anwar 0.001725 2.5e-05 2.5e-05 2.5e-05
stuck 0.000325 0.000475 0.000625 0.00035
oldest 0.000225 0.000825 0.00035 0.000375
cambridg 7.5e-05 0.0005 0.0008 0.0004
halfway 0.0002 0.001225 7.5e-05 0.000275
environmentalist 0.0006 2.5e-05 0.000225 0.000925
ladi 0.000525 0.000975 7.5e-05 0.0002
glitch 5e-05 0.0001 0.0001 0.001525
closur 0.000575 0.0001 0.000825 0.000275
pat 0.000225 0.001275 2.5e-05 0.00025
hunger 0.001325 0.00015 7.5e-05 0.000225
herself 0.000725 0.0007 0.000175 0.000175
thrash 0.000275 0.001325 0.00015 2.5e-05
slum 0.0017 2.5e-05 2.5e-05 2.5e-05
harder 0.000475 0.00015 0.00055 0.0006
monopoli 7.5e-05 5e-05 0.00105 0.0006
eleph 0.000275 0.0001 0.000125 0.001275
southwestern 0.001425 0.0001 7.5e-05 0.000175
gray 0.0002 0.0006 0.0006 0.000375
wilson 0.000225 0.001275 7.5e-05 0.0002
upheld 0.000475 0.000225 0.00075 0.000325
13th 0.00035 0.001025 0.00015 0.00025
lumber 0.000175 0.000975 0.000525 0.0001
gestur 0.001075 0.000475 0.000125 0.0001
qualcomm 2.5e-05 0.000125 0.001075 0.00055
siliconvalleycom 2.5e-05 2.5e-05 2.5e-05 0.0017
surfer 0.000325 0.0002 7.5e-05 0.001175
auditor 0.0001 2.5e-05 0.001525 0.000125
bowler 0.000125 0.0016 2.5e-05 2.5e-05
tragedi 0.00105 0.000225 5e-05 0.00045
ted 0.000125 0.0009 0.00025 0.0005
2009 0.00015 0.000925 0.000225 0.000475
acc 2.5e-05 0.001675 2.5e-05 5e-05
paulo 0.000775 0.0008 0.000125 7.5e-05
belaru 0.000525 0.00115 7.5e-05 2.5e-05
pennington 2.5e-05 0.00165 7.5e-05 2.5e-05
oslo 0.0014 7.5e-05 5e-05 0.00025
barrag 0.001 0.0003 0.000175 0.0003
fa 0.000125 0.001575 5e-05 2.5e-05
unwant 0.0002 7.5e-05 0.000325 0.001175
tanker 0.000325 0.0002 0.001125 0.000125
jeev 2.5e-05 2.5e-05 5e-05 0.001675
ruben 0.0002 0.001525 2.5e-05 2.5e-05
clipper 5e-05 0.001675 2.5e-05 2.5e-05
lpga 2.5e-05 0.0017 2.5e-05 2.5e-05
ballist 0.001475 5e-05 5e-05 0.0002
mickelson 0.00015 0.001575 2.5e-05 2.5e-05
trillion 0.0003 2.5e-05 0.000875 0.00055
eurozon 0.000175 2.5e-05 0.0015 5e-05
destin 0.000375 0.000375 0.0005 0.0005
marshal 0.0003 0.001 0.000225 0.000225
hip 0.0001 0.00125 0.00015 0.00025
boot 0.000125 0.000775 0.000425 0.000425
cnet 2.5e-05 2.5e-05 0.0001 0.0016
mislead 0.0003 5e-05 0.00095 0.00045
victor 0.000275 0.0012 5e-05 0.000225
69 0.000325 0.001 0.00025 0.000175
glori 0.000225 0.001025 0.0002 0.0003
dose 0.000175 0.000125 0.000825 0.000625
seemingli 0.000225 0.0007 0.00025 0.000575
forthcom 0.000275 0.00025 0.00025 0.000975
pill 0.000225 2.5e-05 0.000875 0.000625
albert 0.000175 0.001375 2.5e-05 0.000175
frontier 0.0006 0.000375 5e-05 0.000725
builtin 5e-05 2.5e-05 7.5e-05 0.0016
chat 7.5e-05 0.000275 0.00015 0.00125
stat 2.5e-05 0.001475 7.5e-05 0.000175
1500 0.0006 0.000525 0.0004 0.000225
interfax 0.0009 2.5e-05 0.000625 0.0002
foster 0.0001 0.000525 0.000825 0.0003
suiss 7.5e-05 2.5e-05 0.001575 7.5e-05
biolog 0.000325 2.5e-05 7.5e-05 0.001325
residenti 0.000175 2.5e-05 0.0008 0.00075
peninsula 0.00135 7.5e-05 2.5e-05 0.0003
brush 0.00035 0.00055 0.0005 0.00035
nervou 0.000225 0.000625 0.000625 0.000275
p2p 2.5e-05 2.5e-05 7.5e-05 0.001625
concert 0.001075 0.0001 0.00015 0.000425
robbi 2.5e-05 0.001275 7.5e-05 0.000375
rossi 0.000125 0.001525 7.5e-05 2.5e-05
abidjan 0.001675 2.5e-05 2.5e-05 2.5e-05
thierri 7.5e-05 0.001625 2.5e-05 2.5e-05
highburi 7.5e-05 0.001625 2.5e-05 2.5e-05
marcu 0.0001 0.00145 0.000125 7.5e-05
ericsson 5e-05 2.5e-05 0.0008 0.000875
hitachi 0.000125 2.5e-05 0.00015 0.00145
superson 5e-05 0.0014 0.0001 0.0002
backtoschool 0.0001 2.5e-05 0.001 0.0006
chariti 0.000825 0.000275 0.000375 0.00025
ansari 0.0001 2.5e-05 2.5e-05 0.001575
plate 0.000125 0.001225 0.000125 0.00025
creativ 0.000125 0.0001 0.0002 0.0013
moral 0.000475 0.00065 0.00025 0.00035
concept 5e-05 0.00045 0.00035 0.000875
sach 2.5e-05 2.5e-05 0.001475 0.0002
mate 0.00065 0.0006 2.5e-05 0.00045
tamil 0.0016 2.5e-05 7.5e-05 2.5e-05
kentucki 0.000175 0.001225 0.000175 0.00015
outlet 0.00015 0.0002 0.000575 0.0008
colo 0.00015 0.0012 0.00015 0.000225
coastal 0.00115 7.5e-05 5e-05 0.00045
rattl 0.000775 0.000325 0.000375 0.00025
turnaround 0.000125 0.000575 0.000925 0.0001
gradual 0.000375 0.000125 0.0008 0.000425
dotcom 0.0001 2.5e-05 0.000625 0.000975
mci 2.5e-05 0.000375 0.0009 0.000425
obstacl 0.0005 0.000375 0.0005 0.00035
undef 2.5e-05 0.00165 2.5e-05 2.5e-05
mediat 0.001325 5e-05 0.00025 0.0001
stoke 0.0003 0.000125 0.0012 0.0001
dampen 0.0003 0.000175 0.001125 0.000125
asbesto 7.5e-05 2.5e-05 0.0016 2.5e-05
armstrong 0.000325 0.00115 0.000175 7.5e-05
banner 0.000675 0.0005 0.000125 0.000425
porto 0.0001 0.001575 2.5e-05 2.5e-05
reassur 0.000525 0.00025 0.000725 0.000225
bed 0.000425 0.00025 0.000675 0.000375
colombian 0.00125 0.0004 2.5e-05 5e-05
spectrum 0.00015 0.0001 0.00065 0.000825
bottl 0.00025 0.000325 0.00085 0.0003
moss 0.000125 0.001425 0.0001 7.5e-05
ecommerc 2.5e-05 2.5e-05 0.00025 0.001425
halifax 0.00105 7.5e-05 0.0004 0.0002
numer 0.00045 0.0003 0.0003 0.000675
unman 0.000225 2.5e-05 2.5e-05 0.00145
racist 0.0002 0.0014 2.5e-05 0.0001
asiapacif 0.0011 2.5e-05 0.000375 0.000225
laser 0.00015 0.0001 0.00015 0.001325
ellison 2.5e-05 7.5e-05 0.0008 0.000825
nagpur 0.0001 0.001575 2.5e-05 2.5e-05
flush 0.000375 0.001125 7.5e-05 0.000125
4000 0.000525 0.000125 0.00065 0.0004
hook 0.0001 0.00065 7.5e-05 0.000875
unidentifi 0.001175 0.0002 0.0001 0.000225
ugli 0.000325 0.00115 0.000175 5e-05
extern 0.00055 0.0001 0.00025 0.0008
drought 0.000275 0.000775 0.000175 0.000475
ancestor 7.5e-05 5e-05 2.5e-05 0.00155
messeng 5e-05 2.5e-05 7.5e-05 0.00155
palmsourc 2.5e-05 2.5e-05 0.000275 0.001375
truth 0.0006 0.00025 0.0002 0.00065
115 0.000225 0.000625 0.0006 0.00025
guest 0.0007 0.000475 0.000175 0.00035
cia 0.0014 2.5e-05 5e-05 0.000225
mound 0.000125 0.001475 2.5e-05 7.5e-05
58 0.00045 0.0005 0.00045 0.0003
sum 0.000325 0.00045 0.000425 0.0005
darren 0.000125 0.00145 2.5e-05 0.0001
hometown 0.0003 0.001175 0.00015 7.5e-05
latham 0.001575 5e-05 5e-05 2.5e-05
hamper 0.000725 0.00015 0.0005 0.000325
webbas 2.5e-05 2.5e-05 0.000125 0.001525
nepales 0.0016 2.5e-05 2.5e-05 5e-05
powerhous 0.0002 0.0004 0.00045 0.00065
regularseason 5e-05 0.001575 2.5e-05 5e-05
jazz 0.00015 0.001325 0.0001 0.000125
100th 0.000425 0.001125 5e-05 0.0001
marwan 0.001625 2.5e-05 2.5e-05 2.5e-05
manipul 0.00025 7.5e-05 0.000925 0.00045
telstra 0.000225 2.5e-05 0.00125 0.0002
opera 0.000375 0.0002 0.0001 0.001025
covet 0.0004 0.000475 0.000175 0.00065
srinagar 0.001625 2.5e-05 2.5e-05 2.5e-05
underscor 0.00075 7.5e-05 0.000575 0.0003
underw 0.0004 0.00115 7.5e-05 7.5e-05
sachin 0.0002 0.00145 2.5e-05 2.5e-05
bode 5e-05 0.001475 0.0001 7.5e-05
shaki 0.000625 0.000625 0.000275 0.00015
dock 0.000225 0.000275 0.0001 0.001075
galaxi 7.5e-05 0.00035 5e-05 0.0012
nice 5e-05 0.00085 0.000275 0.0005
stack 0.00025 0.000325 0.000375 0.000725
bee 0.0001 0.0008 0.000475 0.0003
equival 0.00025 0.00015 0.00035 0.000925
diet 0.000175 0.0001 0.000775 0.000625
rib 0.0001 0.001425 2.5e-05 0.000125
kenteri 0.000175 0.00145 2.5e-05 2.5e-05
recreat 0.00015 0.0002 0.00025 0.001075
tiebreak 0.000125 0.0015 2.5e-05 2.5e-05
translat 0.000575 0.00015 0.0005 0.00045
dent 0.00025 0.000675 0.0006 0.00015
jockey 0.000275 0.001 0.00015 0.00025
medallist 5e-05 0.001575 2.5e-05 2.5e-05
bhp 7.5e-05 2.5e-05 0.00155 2.5e-05
township 0.00045 0.00075 0.000325 0.00015
140 0.0003 0.000325 0.0009 0.00015
passion 0.0005 0.000675 0.00015 0.00035
spell 0.0004 0.000475 0.00045 0.00035
v 0.00035 0.00065 0.0003 0.000375
arnold 0.00055 0.000275 0.000475 0.000375
quak 0.0009 0.000125 7.5e-05 0.000575
bernhard 0.0001 0.0013 0.00015 0.000125
jennif 0.00015 0.0011 7.5e-05 0.00035
dodg 0.0002 0.00025 0.001075 0.00015
joseph 0.000425 0.0004 0.000375 0.000475
bayer 5e-05 0.000725 0.00085 5e-05
restart 0.001175 7.5e-05 0.000275 0.00015
consequ 0.00065 0.000125 0.00025 0.000625
meteor 5e-05 0.000125 5e-05 0.001425
addict 0.00025 0.0003 7.5e-05 0.001025
sabotag 0.000525 0.000125 0.00065 0.00035
nelson 0.000225 0.000875 0.000475 7.5e-05
variant 5e-05 2.5e-05 5e-05 0.001525
sister 0.000425 0.00035 0.0003 0.000575
hell 0.000425 0.000775 7.5e-05 0.000375
20000 0.000475 0.000175 0.0006 0.0004
revel 0.0006 0.000525 0.000325 0.0002
wi 0.00025 0.00125 0.0001 5e-05
surf 0.000175 0.000125 0.000175 0.001175
ala 0.0002 0.0009 0.000375 0.000175
disord 0.000675 0.000175 0.0002 0.0006
stiff 0.000175 0.000525 0.000575 0.000375
fundament 0.000425 0.0001 0.000525 0.0006
herald 0.0004 0.000575 0.000325 0.00035
rural 0.00075 0.0001 0.000325 0.000475
mcafe 2.5e-05 2.5e-05 7.5e-05 0.001525
layoff 0.000125 0.00035 0.0009 0.000275
sco 2.5e-05 2.5e-05 7.5e-05 0.001525
collis 0.0005 0.00035 5e-05 0.00075
shuibian 0.001525 2.5e-05 7.5e-05 2.5e-05
warlord 0.00145 2.5e-05 7.5e-05 0.0001
benitez 0.0001 0.0015 2.5e-05 2.5e-05
kickoff 5e-05 0.001275 0.000225 0.0001
videogam 5e-05 5e-05 0.000325 0.001225
restiv 0.00155 2.5e-05 5e-05 2.5e-05
keyboard 2.5e-05 2.5e-05 5e-05 0.00155
automobil 0.000275 5e-05 0.000875 0.00045
legendari 0.0003 0.00075 0.000175 0.000425
likud 0.001575 2.5e-05 2.5e-05 2.5e-05
billi 0.000225 0.001275 5e-05 0.0001
giambi 5e-05 0.00155 2.5e-05 2.5e-05
carbon 0.0004 5e-05 0.00015 0.00105
canaver 0.000125 2.5e-05 2.5e-05 0.001475
oversight 0.00025 7.5e-05 0.00065 0.000675
infineon 2.5e-05 2.5e-05 0.0006 0.001
shield 0.000475 0.0001 0.000475 0.0006
inq7 0.000825 0.000475 7.5e-05 0.000275
spurrier 2.5e-05 0.00155 5e-05 2.5e-05
norodom 0.001575 2.5e-05 2.5e-05 2.5e-05
cofound 2.5e-05 7.5e-05 0.00055 0.000975
walter 0.0001 0.00135 7.5e-05 0.0001
staterun 0.0012 2.5e-05 0.000175 0.000225
armor 0.00115 7.5e-05 0.000175 0.000225
implic 0.0006 0.000325 0.00035 0.00035
duke 0.000125 0.000975 7.5e-05 0.00045
ross 7.5e-05 0.000625 0.0004 0.000525
truce 0.001125 7.5e-05 0.00025 0.000175
viewer 0.00035 0.00045 0.0003 0.000525
hungarian 0.000525 0.0009 7.5e-05 0.000125
aftermath 0.0008 0.0004 0.0002 0.000225
outag 0.0002 0.0001 0.0005 0.000825
leftist 0.001525 2.5e-05 5e-05 2.5e-05
deepen 0.00085 0.000125 0.000475 0.000175
exil 0.001425 0.0001 5e-05 5e-05
intervent 0.000625 0.000175 0.0006 0.000225
fischer 0.0012 0.000325 2.5e-05 7.5e-05
cybersecur 5e-05 2.5e-05 5e-05 0.0015
bryan 5e-05 0.001375 0.000175 2.5e-05
paramilitari 0.00155 2.5e-05 2.5e-05 2.5e-05
blind 0.000375 0.0003 0.000275 0.000675
sheet 0.0002 0.0003 0.0007 0.000425
foul 0.000175 0.00135 2.5e-05 7.5e-05
wouldn 0.0002 0.001 0.000225 0.0002
extraordinari 0.000525 0.000675 0.00025 0.000175
ligament 5e-05 0.001525 2.5e-05 2.5e-05
reconstruct 0.000975 0.00015 0.0001 0.0004
starbuck 0.0001 5e-05 0.0009 0.000575
leas 0.000125 7.5e-05 0.00105 0.000375
calcul 0.000175 0.000175 0.000625 0.00065
hybrid 0.0001 5e-05 0.0009 0.000575
mild 0.0001 0.000525 0.000925 7.5e-05
reluct 0.000575 0.000125 0.00055 0.000375
heighten 0.0003 0.00025 0.000975 0.0001
apparel 0.0001 7.5e-05 0.00135 0.0001
feat 7.5e-05 0.001 5e-05 0.0005
spate 0.001025 7.5e-05 0.000275 0.00025
oilforfood 0.00145 2.5e-05 0.000125 2.5e-05
bellweth 7.5e-05 2.5e-05 0.001325 0.0002
meanwhil 0.0007 0.000125 0.000325 0.000475
password 2.5e-05 2.5e-05 0.000125 0.00145
kuznetsova 5e-05 0.001525 2.5e-05 2.5e-05
annika 2.5e-05 0.00155 2.5e-05 2.5e-05
gazprom 0.0002 2.5e-05 0.001375 2.5e-05
bidrig 7.5e-05 2.5e-05 0.001475 5e-05
dinosaur 7.5e-05 2.5e-05 7.5e-05 0.001425
sweet 0.000225 0.00055 0.000425 0.0004
prototyp 7.5e-05 7.5e-05 0.000125 0.001325
bypass 0.0006 0.000175 0.00025 0.000575
amaz 0.0001 0.0008 0.000125 0.000575
inth 0.0005 0.0002 0.0005 0.0004
glacier 0.000375 2.5e-05 2.5e-05 0.001175
badli 0.000425 0.000475 0.000325 0.000375
spectat 0.00015 0.001225 5e-05 0.000175
rever 0.001125 0.000275 7.5e-05 0.000125
yao 7.5e-05 0.00145 2.5e-05 5e-05
inevit 0.000475 0.000525 0.00035 0.00025
empti 0.000375 0.000825 0.00015 0.00025
threemonth 0.00015 0.00015 0.001225 7.5e-05
provinci 0.0011 0.000125 0.0003 7.5e-05
inmat 0.0012 7.5e-05 0.00025 7.5e-05
thomson 2.5e-05 0.0002 0.0009 0.000475
fraudul 0.0002 2.5e-05 0.0008 0.000575
hasnt 0.000325 0.000675 0.0002 0.0004
underground 0.00075 5e-05 0.00015 0.00065
fastgrow 0.00015 7.5e-05 0.00075 0.000625
calgari 0.000275 0.000675 0.000525 0.000125
shane 0.000125 0.001375 2.5e-05 7.5e-05
lawrenc 7.5e-05 0.00075 0.00035 0.000425
sheikh 0.0014 7.5e-05 0.0001 2.5e-05
multibilliondollar 0.000175 2.5e-05 0.000925 0.000475
regret 0.000575 0.00065 0.00015 0.000225
fielder 5e-05 0.0015 2.5e-05 2.5e-05
javier 0.0005 0.001 7.5e-05 2.5e-05
59 0.00055 0.0007 0.00025 0.0001
outskirt 0.001425 5e-05 5e-05 7.5e-05
salvador 0.000825 0.000675 7.5e-05 2.5e-05
dual 0.000275 0.00015 0.000175 0.001
irregular 0.000825 7.5e-05 0.000525 0.000175
sworn 0.0015 5e-05 2.5e-05 2.5e-05
soviet 0.00125 0.00015 2.5e-05 0.000175
depress 0.000375 0.000275 0.000675 0.000275
santana 0.000225 0.0013 5e-05 2.5e-05
exclud 0.0003 0.000125 0.00095 0.000225
karachi 0.00095 0.00055 5e-05 5e-05
opteron 2.5e-05 2.5e-05 5e-05 0.0015
sergio 0.00015 0.0013 0.000125 2.5e-05
franklin 7.5e-05 0.00065 0.0007 0.000175
theater 0.0004 0.00025 0.000175 0.000775
pete 0.00015 0.001375 2.5e-05 5e-05
disciplin 0.0004 0.000775 0.000225 0.0002
drift 0.0005 0.00035 0.00055 0.0002
hispano 7.5e-05 2.5e-05 0.001475 2.5e-05
derbi 0.0001 0.0014 5e-05 5e-05
wright 5e-05 0.0013 0.000125 0.000125
notori 0.000975 0.000125 0.000125 0.000375
bilater 0.00125 2.5e-05 0.000275 5e-05
postal 0.000225 0.000275 0.000475 0.000625
certif 7.5e-05 7.5e-05 0.0001 0.00135
beltran 2.5e-05 0.001525 2.5e-05 2.5e-05
boast 0.000475 0.00025 0.00025 0.000625
ramadi 0.001525 2.5e-05 2.5e-05 2.5e-05
obstruct 0.00015 0.0001 0.001125 0.000225
yugoslav 0.001525 2.5e-05 2.5e-05 2.5e-05
diversifi 5e-05 2.5e-05 0.0013 0.000225
barbado 0.000825 0.0007 2.5e-05 5e-05
dreamwork 7.5e-05 2.5e-05 0.0014 0.0001
dunhil 7.5e-05 0.001425 7.5e-05 2.5e-05
imf 0.0001 2.5e-05 0.001425 2.5e-05
columnist 7.5e-05 0.000175 0.0004 0.000925
landscap 0.000175 0.000275 0.00045 0.000675
midst 0.000175 0.000325 0.000825 0.00025
battleground 0.00105 0.000125 0.0002 0.0002
graduat 0.0004 0.000525 0.00025 0.0004
signatur 0.000325 0.000125 0.000275 0.00085
sore 7.5e-05 0.001275 7.5e-05 0.00015
verdict 0.000725 0.0003 0.0002 0.00035
mental 0.00045 0.000575 0.00015 0.0004
hidden 0.000525 7.5e-05 0.000225 0.00075
114 0.000225 0.000475 0.000725 0.00015
bidder 5e-05 0.000125 0.001125 0.000275
nashvil 7.5e-05 0.0012 0.000125 0.000175
wrist 7.5e-05 0.00125 0.00015 0.0001
medalist 7.5e-05 0.00145 2.5e-05 2.5e-05
templ 0.00055 0.00085 2.5e-05 0.00015
wouldnt 0.00025 0.0008 7.5e-05 0.00045
bail 0.0011 0.00015 0.0002 0.000125
rss 2.5e-05 2.5e-05 5e-05 0.001475
talli 0.00035 0.000725 0.000325 0.000175
criticis 0.000875 0.000475 0.0001 0.000125
mood 0.000375 0.0005 0.000575 0.000125
avenu 0.000325 0.000225 0.0008 0.000225
billiton 7.5e-05 2.5e-05 0.00145 2.5e-05
gerhard 0.00145 2.5e-05 7.5e-05 2.5e-05
fat 5e-05 0.000225 0.000325 0.000975
06 0.0001 0.000275 0.0008 0.0004
35th 5e-05 0.00145 2.5e-05 5e-05
95 0.0002 0.000525 0.00065 0.0002
showcas 0.0002 0.000425 0.000275 0.000675
dublin 0.00045 0.0005 0.000525 0.0001
recordbreak 0.000225 0.000525 0.000475 0.00035
disgrac 0.00035 0.0008 0.0004 2.5e-05
courtroom 0.000275 0.000225 0.000725 0.00035
soil 0.000625 0.0004 7.5e-05 0.000475
il 0.000375 0.001 5e-05 0.00015
josh 2.5e-05 0.001275 5e-05 0.000225
conn 0.0001 0.000775 0.0005 0.0002
denounc 0.0012 0.000125 0.000175 7.5e-05
graham 0.000275 0.000875 0.000225 0.0002
winless 0.0001 0.001425 2.5e-05 2.5e-05
leisur 5e-05 5e-05 0.0013 0.000175
2010 0.00025 0.000275 0.000625 0.000425
gallon 2.5e-05 0.0001 0.0011 0.00035
twothird 0.0004 0.00015 0.00075 0.000275
1970 0.000525 0.000225 0.000575 0.00025
burma 0.00145 2.5e-05 5e-05 5e-05
qwest 2.5e-05 0.000125 0.001225 0.0002
bundesliga 2.5e-05 0.0015 2.5e-05 2.5e-05
nose 0.000175 0.000825 0.000125 0.00045
oneal 5e-05 0.001475 2.5e-05 2.5e-05
mcnair 2.5e-05 0.001475 2.5e-05 5e-05
elderli 0.0008 0.0001 0.0003 0.00035
grown 0.000175 0.000275 0.00035 0.00075
beneath 0.00035 7.5e-05 0.0002 0.000925
classifi 0.000275 2.5e-05 0.00035 0.0009
21st 0.000275 0.000425 0.000475 0.000375
ira 0.00125 5e-05 0.000125 0.000125
silenc 0.0005 0.0005 0.00025 0.0003
hype 7.5e-05 0.000625 0.00015 0.0007
fault 0.0003 0.000375 5e-05 0.000825
ruin 0.0006 0.000525 0.000175 0.00025
hungari 0.000875 0.0005 0.0001 7.5e-05
hal 5e-05 0.00135 5e-05 0.0001
worsen 0.001 7.5e-05 0.0004 7.5e-05
lover 0.0006 2.5e-05 0.000175 0.00075
devot 0.00045 0.000275 0.00015 0.000675
nerv 0.0003 0.0005 0.0002 0.00055
imprison 0.001175 2.5e-05 0.00015 0.0002
smallest 0.000175 0.000125 0.00055 0.0007
coughlin 2.5e-05 0.001325 0.000175 2.5e-05
smooth 0.000475 0.0003 0.000325 0.00045
unifi 0.00025 0.000125 0.000425 0.00075
jean 0.000525 0.000525 0.0004 0.0001
stole 0.0003 0.000675 0.00015 0.000425
discrimin 0.000175 0.0001 0.001125 0.00015
woe 0.000175 0.0004 0.000625 0.00035
damon 0.000125 0.001275 7.5e-05 7.5e-05
ind 0.0001 0.00105 0.00025 0.00015
secondbiggest 0.0001 7.5e-05 0.0013 7.5e-05
chees 0.0001 0.000125 0.00015 0.001175
lloyd 0.000125 0.000375 0.00045 0.0006
assert 0.000825 0.00025 0.000225 0.00025
acrobat 2.5e-05 7.5e-05 0.000175 0.001275
bud 7.5e-05 0.000975 0.000275 0.000225
vitali 5e-05 0.00145 2.5e-05 2.5e-05
infiltr 0.001075 2.5e-05 5e-05 0.0004
brent 0.00015 0.00075 0.000625 2.5e-05
unfair 0.000275 0.00015 0.0009 0.000225
throne 0.0013 0.000125 5e-05 7.5e-05
myer 0.0002 7.5e-05 0.0012 7.5e-05
valentino 5e-05 0.00145 2.5e-05 2.5e-05
sophomor 2.5e-05 0.001375 2.5e-05 0.000125
resembl 0.0004 0.000475 0.000125 0.00055
relax 0.000475 0.000625 0.00025 0.0002
rivera 0.0004 0.00105 2.5e-05 7.5e-05
nightclub 0.00105 0.000325 5e-05 0.000125
sequel 0.000175 2.5e-05 7.5e-05 0.001275
pretax 7.5e-05 5e-05 0.001275 0.00015
ganguli 0.00015 0.00135 2.5e-05 2.5e-05
afc 5e-05 0.00125 7.5e-05 0.000175
sinai 0.001475 2.5e-05 2.5e-05 2.5e-05
outrag 0.00075 0.0003 0.000275 0.0002
wealth 0.000225 0.00015 0.0009 0.00025
pattern 0.000275 0.000325 0.0002 0.000725
dri 0.0002 0.00035 0.0001 0.000875
upward 0.000225 7.5e-05 0.0009 0.000325
spawn 0.000175 2.5e-05 0.000425 0.0009
overtur 0.000475 5e-05 0.00015 0.00085
fernando 0.0004 0.001025 5e-05 5e-05
honour 0.0007 0.000575 7.5e-05 0.000175
miracl 0.000325 0.000775 2.5e-05 0.0004
suspici 0.00065 0.000125 0.000575 0.000175
bold 0.0007 0.000325 0.000225 0.000275
kreme 2.5e-05 2.5e-05 0.001425 5e-05
ore 0.00025 0.000475 0.0006 0.0002
underli 0.0001 2.5e-05 0.000825 0.000575
mechan 0.000275 0.00015 0.0005 0.0006
spiral 0.00065 0.000175 0.000575 0.000125
hattrick 0.0001 0.001375 2.5e-05 2.5e-05
underlin 0.000475 0.0005 0.00045 0.0001
narrowli 0.000675 0.000375 0.000325 0.00015
89 0.000825 0.00045 0.00015 0.0001
axe 0.000325 0.00055 0.0004 0.00025
framework 0.000325 7.5e-05 0.0003 0.000825
lanc 0.000125 0.00125 0.0001 5e-05
gerrard 5e-05 0.001425 2.5e-05 2.5e-05
vonag 2.5e-05 2.5e-05 0.0003 0.001175
marvel 7.5e-05 0.0002 0.000175 0.001075
marketplac 0.0002 0.000125 0.0004 0.0008
reloc 0.000425 0.000725 0.000225 0.00015
wrestl 7.5e-05 0.000875 0.000425 0.00015
risen 0.00045 0.000175 0.000675 0.000225
kenyan 0.0013 0.000125 2.5e-05 7.5e-05
brutal 0.000925 0.000375 0.000125 0.0001
grey 7.5e-05 0.000425 0.000875 0.00015
schwarzenegg 0.000575 7.5e-05 0.000475 0.0004
airwav 0.0002 7.5e-05 0.00065 0.0006
partli 0.000225 0.000125 0.0008 0.000375
bore 0.000525 0.000475 0.000275 0.00025
roadsid 0.00135 5e-05 5e-05 7.5e-05
workstat 2.5e-05 2.5e-05 5e-05 0.001425
racial 0.000425 0.000775 0.000125 0.0002
motorsport 2.5e-05 0.00145 2.5e-05 2.5e-05
eager 0.000175 0.000475 0.0004 0.000475
barrichello 0.000125 0.00135 2.5e-05 2.5e-05
castro 0.001175 0.00015 0.00015 5e-05
mariano 0.000275 0.0012 2.5e-05 2.5e-05
76er 2.5e-05 0.00145 2.5e-05 2.5e-05
charlton 0.0001 0.0013 2.5e-05 0.0001
jpeg 2.5e-05 2.5e-05 5e-05 0.001425
nh 7.5e-05 0.00095 0.000125 0.00035
hottest 2.5e-05 0.0004 0.000425 0.00065
swarm 0.0006 0.00025 7.5e-05 0.000575
configur 2.5e-05 2.5e-05 0.0001 0.00135
oh 5e-05 0.001025 7.5e-05 0.00035
toolbar 2.5e-05 2.5e-05 2.5e-05 0.001425
gotten 0.000125 0.0006 0.0003 0.000475
elbow 2.5e-05 0.001375 2.5e-05 7.5e-05
outlaw 0.00075 0.0001 7.5e-05 0.000575
ming 7.5e-05 0.001375 2.5e-05 2.5e-05
suse 2.5e-05 2.5e-05 7.5e-05 0.001375
huski 5e-05 0.001325 0.0001 2.5e-05
spencer 5e-05 0.0003 0.001025 0.000125
krispi 2.5e-05 2.5e-05 0.0014 5e-05
memo 0.000575 0.000175 0.00035 0.0004
modestli 0.000225 2.5e-05 0.0012 5e-05
particular 0.0002 0.000375 0.00015 0.000775
bosnian 0.0014 2.5e-05 5e-05 2.5e-05
slice 0.000325 0.00025 0.000425 0.0005
brink 0.000325 0.0005 0.0003 0.000375
mous 5e-05 5e-05 0.000225 0.001175
burt 5e-05 7.5e-05 5e-05 0.001325
oliv 0.00045 0.00085 0.000125 7.5e-05
fledgl 0.00075 2.5e-05 0.0004 0.000325
male 0.000325 0.000225 0.0001 0.00085
echo 0.0009 0.00015 0.0002 0.00025
uniti 0.001325 2.5e-05 7.5e-05 7.5e-05
robin 0.00025 0.000925 0.000125 0.0002
93 0.00015 0.000875 0.0003 0.000175
burden 0.000275 0.000375 0.0006 0.00025
fileswap 2.5e-05 2.5e-05 0.0001 0.00135
6000 0.00035 7.5e-05 0.0006 0.000475
treasur 0.000325 0.00025 0.0007 0.000225
alexandria 0.0004 2.5e-05 0.00095 0.000125
threeweek 0.00075 0.00015 0.00045 0.00015
blazer 5e-05 0.00135 5e-05 5e-05
recognit 0.0004 0.000575 0.0001 0.000425
felix 0.0001 0.00135 2.5e-05 2.5e-05
arroyo 0.00055 0.0005 0.000425 2.5e-05
sevil 2.5e-05 0.001425 2.5e-05 2.5e-05
adelaid 0.000275 0.00095 0.00025 2.5e-05
vogt 2.5e-05 0.001425 2.5e-05 2.5e-05
heisman 7.5e-05 0.001375 2.5e-05 2.5e-05
900 0.000425 5e-05 0.00065 0.00035
nevada 0.000275 0.000575 0.000125 0.0005
99 0.000175 0.0004 0.0002 0.0007
lesson 0.000225 0.00065 0.000275 0.000325
lunch 0.0003 0.00075 0.000175 0.00025
chamber 0.000425 0.000225 0.0004 0.000425
ear 0.000225 0.0004 0.0003 0.00055
rumbl 0.00055 0.000425 2.5e-05 0.000475
archiv 0.0002 0.0001 7.5e-05 0.0011
younger 0.0003 0.0006 0.0003 0.000275
nurs 0.000425 0.000275 0.000225 0.00055
artifici 0.00015 0.000175 0.000625 0.000525
volleybal 5e-05 0.00135 2.5e-05 5e-05
sole 0.000275 0.0004 0.000425 0.000375
nazi 0.0009 5e-05 7.5e-05 0.00045
samestor 2.5e-05 2.5e-05 0.001375 5e-05
judgment 0.000525 0.00025 0.00025 0.00045
besid 0.000375 0.000375 0.0003 0.000425
sixparti 0.0014 2.5e-05 2.5e-05 2.5e-05
everywher 0.000275 0.000375 0.00025 0.000575
legaci 0.0005 0.000375 0.00015 0.00045
aluminum 0.00015 5e-05 0.000875 0.0004
costcut 0.0001 0.00015 0.001175 5e-05
jermain 0.000175 0.00125 2.5e-05 2.5e-05
sugar 0.000125 0.0004 0.000775 0.000175
rack 0.000175 0.00045 0.000325 0.000525
groceri 0.000125 7.5e-05 0.0011 0.000175
81 0.000225 0.00075 0.00045 5e-05
transistor 2.5e-05 2.5e-05 0.0001 0.001325
ape 7.5e-05 2.5e-05 2.5e-05 0.00135
policymak 0.00025 2.5e-05 0.001075 0.000125
liga 2.5e-05 0.0014 2.5e-05 2.5e-05
hbo 0.000175 0.000225 0.001025 5e-05
strand 0.000975 0.000125 0.00025 0.000125
le 0.000275 0.0003 0.000125 0.000775
itartass 0.00085 5e-05 0.000225 0.00035
ordinari 0.000375 0.00015 0.000325 0.000625
bronx 0.0001 0.0013 2.5e-05 5e-05
putt 0.0001 0.00125 2.5e-05 0.0001
sensor 5e-05 2.5e-05 0.000375 0.001025
kent 0.0002 0.001025 0.0001 0.00015
lukoil 0.0001 2.5e-05 0.001325 2.5e-05
recept 0.0003 0.000675 0.000275 0.000225
theyv 0.00025 0.00055 0.0001 0.00055
tourism 0.00035 2.5e-05 0.000275 0.0008
bea 5e-05 2.5e-05 0.00015 0.001225
justifi 0.000525 0.00025 0.00045 0.000225
egg 0.00025 0.000275 0.00015 0.000775
god 0.0005 0.0004 0.0001 0.00045
skate 5e-05 0.00125 0.0001 5e-05
transplant 0.000225 0.000525 7.5e-05 0.000625
glimps 0.000225 0.0003 0.000175 0.00075
earliest 0.00015 0.0002 0.000125 0.000975
15000 0.0003 0.0002 0.0004 0.00055
ski 0.00015 0.0011 0.00015 5e-05
portug 0.000425 0.000625 0.0001 0.0003
joey 0.0001 0.0013 2.5e-05 2.5e-05
parachut 0.00015 2.5e-05 7.5e-05 0.0012
tenn 0.0001 0.00095 0.00025 0.00015
barclay 2.5e-05 0.0007 0.0007 2.5e-05
39ite 0.001375 2.5e-05 2.5e-05 2.5e-05
rep 0.000925 5e-05 0.000225 0.00025
aung 0.001375 2.5e-05 2.5e-05 2.5e-05
builder 7.5e-05 7.5e-05 0.000775 0.000525
reaffirm 0.000425 0.000175 0.000675 0.000175
buyback 2.5e-05 2.5e-05 0.00135 5e-05
revolutionari 0.00045 0.00015 7.5e-05 0.000775
mastercard 2.5e-05 0.0001 0.00105 0.000275
fivemonth 0.000225 0.000125 0.001075 2.5e-05
balco 5e-05 0.00135 2.5e-05 2.5e-05
siebel 2.5e-05 2.5e-05 0.000425 0.000975
disclosur 0.0002 0.0001 0.00095 0.0002
fortifi 0.001275 2.5e-05 5e-05 0.0001
guess 0.00015 0.000575 0.0001 0.000625
hate 0.000375 0.000625 0.0001 0.00035
bend 0.00015 0.0011 0.0001 0.0001
outright 0.000525 0.00065 0.0001 0.000175
palmer 7.5e-05 0.00125 7.5e-05 5e-05
mob 0.0012 0.0001 0.000125 2.5e-05
foil 0.001025 0.000125 7.5e-05 0.000225
gunner 2.5e-05 0.001375 2.5e-05 2.5e-05
au 0.00115 2.5e-05 5e-05 0.000225
atroc 0.00135 2.5e-05 2.5e-05 5e-05
torr 0.0001 0.001275 5e-05 2.5e-05
mainten 7.5e-05 2.5e-05 0.0006 0.00075
pub 0.00035 0.00015 0.000925 2.5e-05
kraft 5e-05 0.000275 0.001075 5e-05
durabl 0.000175 5e-05 0.0011 0.000125
repeal 0.000425 2.5e-05 0.000975 2.5e-05
glenn 0.000225 0.0011 2.5e-05 0.0001
jenson 5e-05 0.00135 2.5e-05 2.5e-05
ucla 2.5e-05 0.0011 7.5e-05 0.00025
schwab 2.5e-05 0.000175 0.001175 7.5e-05
traci 5e-05 0.00115 2.5e-05 0.000225
ramadan 0.001325 2.5e-05 2.5e-05 7.5e-05
celebrex 5e-05 2.5e-05 0.0013 7.5e-05
anil 7.5e-05 0.000825 0.000525 2.5e-05
tast 0.00015 0.00045 0.000375 0.00045
concret 0.00065 0.0001 0.000475 0.0002
comet 2.5e-05 0.000175 2.5e-05 0.0012
shortfal 0.000175 7.5e-05 0.00095 0.000225
contamin 0.0003 7.5e-05 0.000325 0.000725
creatur 5e-05 5e-05 2.5e-05 0.0013
teach 0.000275 0.00025 0.0003 0.0006
ok 0.00015 0.000525 0.000225 0.000525
brows 2.5e-05 2.5e-05 0.0001 0.001275
liabil 7.5e-05 5e-05 0.001025 0.000275
n 0.00025 0.0003 0.0005 0.000375
oxygen 0.0001 7.5e-05 5e-05 0.0012
watcher 0.0001 0.000125 0.000425 0.000775
verifi 0.0006 7.5e-05 0.000125 0.000625
onestrok 2.5e-05 0.00135 2.5e-05 2.5e-05
parad 0.00035 0.000825 0.000125 0.000125
firmli 0.000475 0.0005 0.0002 0.00025
foxborough 2.5e-05 0.001325 5e-05 2.5e-05
backer 0.000475 0.000125 0.000125 0.0007
megawati 0.00135 2.5e-05 2.5e-05 2.5e-05
antispywar 2.5e-05 2.5e-05 5e-05 0.001325
ioc 0.000125 0.00125 2.5e-05 2.5e-05
princess 0.001075 5e-05 0.000125 0.000175
offenc 0.000875 0.000425 5e-05 7.5e-05
steelmak 0.0001 2.5e-05 0.001275 2.5e-05
ceil 0.00025 0.0001 0.000825 0.00025
q 7.5e-05 0.0003 0.0005 0.00055
mask 0.00075 0.00025 0.000125 0.0003
fulfil 0.000575 0.000275 0.00025 0.000325
prodemocraci 0.001325 2.5e-05 2.5e-05 5e-05
appetit 5e-05 7.5e-05 0.00105 0.00025
visibl 0.000175 0.000175 0.000225 0.00085
soybean 7.5e-05 2.5e-05 0.000975 0.00035
jordanian 0.00135 2.5e-05 2.5e-05 2.5e-05
superstar 0.000275 0.000975 7.5e-05 0.0001
evil 0.00045 0.000175 7.5e-05 0.000725
refineri 0.0002 2.5e-05 0.001125 7.5e-05
parmalat 2.5e-05 2.5e-05 0.00135 2.5e-05
multiyear 5e-05 0.0004 0.00045 0.000525
jeter 0.00025 0.001075 7.5e-05 2.5e-05
proprietari 5e-05 2.5e-05 0.0001 0.00125
height 0.00025 0.0004 0.0005 0.000275
furiou 0.00035 0.00065 0.00015 0.000275
airstrik 0.00135 2.5e-05 2.5e-05 2.5e-05
cri 0.00045 0.0007 0.000125 0.00015
foxboro 0.0001 0.001275 2.5e-05 2.5e-05
20th 0.00025 0.000675 0.0002 0.0003
mohammad 0.00115 0.000175 5e-05 5e-05
safer 0.000375 5e-05 0.00025 0.00075
melt 0.0002 7.5e-05 5e-05 0.0011
lean 0.000225 0.0005 0.000425 0.000275
500000 0.000125 0.000325 0.0003 0.000675
interst 7.5e-05 0.0001 0.001175 7.5e-05
diesel 7.5e-05 2.5e-05 0.001175 0.00015
reggi 5e-05 0.001275 5e-05 5e-05
conocophillip 5e-05 2.5e-05 0.0013 5e-05
350 0.0006 0.000125 0.000525 0.000175
silverston 2.5e-05 0.00135 2.5e-05 2.5e-05
aftershock 0.0012 2.5e-05 0.000125 7.5e-05
wallet 7.5e-05 7.5e-05 0.00045 0.0008
bullet 0.000925 0.0003 7.5e-05 0.0001
alien 0.000325 2.5e-05 0.0001 0.00095
breed 0.000275 0.00015 0.000125 0.00085
toxic 0.00055 2.5e-05 0.00015 0.000675
locust 0.0007 5e-05 2.5e-05 0.000625
swimmer 0.000125 0.001125 2.5e-05 0.000125
isp 2.5e-05 2.5e-05 7.5e-05 0.001275
prohibit 0.00025 0.00015 0.00055 0.00045
superior 0.000475 0.00035 0.00015 0.000425
hopkin 7.5e-05 0.00115 2.5e-05 0.00015
registr 0.000425 7.5e-05 0.000425 0.000475
overlook 0.000275 0.000325 0.000325 0.000475
ruler 0.001175 5e-05 7.5e-05 0.0001
disciplinari 0.0001 0.001175 0.0001 2.5e-05
classact 0.0001 2.5e-05 0.00105 0.000225
fold 0.000325 0.000425 0.000275 0.000375
medicar 0.000525 2.5e-05 0.000725 0.000125
instruct 0.000225 0.00035 0.000125 0.0007
slew 5e-05 0.000175 0.000525 0.00065
rough 0.000275 0.0005 0.00025 0.000375
wallac 5e-05 0.000975 0.0001 0.000275
ward 0.0003 0.000625 0.00025 0.000225
saidon 0.0003 2.5e-05 0.00045 0.000625
petit 0.000225 0.000475 0.000425 0.000275
xinhuanet 0.0007 0.0003 0.00025 0.00015
footag 0.00105 0.0001 5e-05 0.0002
alcoa 0.00015 2.5e-05 0.0012 2.5e-05
difficulti 0.0004 0.00025 0.00035 0.0004
humili 0.0005 0.000725 0.0001 7.5e-05
basra 0.001325 2.5e-05 2.5e-05 2.5e-05
fujitsu 2.5e-05 2.5e-05 0.0002 0.00115
cypru 0.0009 0.000275 0.0001 0.000125
spa 0.000175 0.000325 0.000875 2.5e-05
lucent 2.5e-05 2.5e-05 0.00095 0.0004
psp 5e-05 2.5e-05 7.5e-05 0.00125
hemispher 0.000175 0.0002 0.000875 0.00015
liabl 5e-05 7.5e-05 0.00055 0.000725
commentari 7.5e-05 0.000125 0.000275 0.000925
prevail 0.0003 0.000575 0.0002 0.000325
wrigley 5e-05 0.0008 0.000525 2.5e-05
taiwanes 0.0009 2.5e-05 0.000175 0.0003
brew 0.000275 0.000125 0.0006 0.0004
cal 5e-05 0.0013 2.5e-05 2.5e-05
halflif 7.5e-05 2.5e-05 2.5e-05 0.001275
passport 0.0006 2.5e-05 0.0001 0.000675
astrazeneca 0.00015 2.5e-05 0.0012 2.5e-05
blogger 5e-05 2.5e-05 5e-05 0.001275
thaksin 0.001325 2.5e-05 2.5e-05 2.5e-05
freeagent 2.5e-05 0.001325 2.5e-05 2.5e-05
jimenez 2.5e-05 0.001325 2.5e-05 2.5e-05
mgm 7.5e-05 0.000375 0.0009 5e-05
39keef 2.5e-05 2.5e-05 2.5e-05 0.001325
paralymp 0.000275 0.001075 2.5e-05 2.5e-05
rutan 2.5e-05 2.5e-05 2.5e-05 0.001325
desk 0.000325 0.000225 0.000225 0.0006
grim 0.0006 0.0003 0.0003 0.000175
appreci 0.000225 0.000525 0.0004 0.000225
naval 0.0012 5e-05 5e-05 7.5e-05
medium 0.000175 5e-05 0.000275 0.000875
predecessor 0.0005 0.000275 0.000125 0.000475
composit 0.00045 2.5e-05 0.00035 0.00055
observatori 2.5e-05 2.5e-05 5e-05 0.001275
1200 0.000375 0.0002 0.000425 0.000375
consumpt 0.000175 2.5e-05 0.0007 0.000475
eserv 2.5e-05 2.5e-05 2.5e-05 0.0013
contenti 0.00045 0.00015 0.000425 0.00035
clutch 0.00035 0.00085 0.000125 5e-05
downward 0.000175 0.0001 0.000925 0.000175
grenada 0.0012 5e-05 7.5e-05 5e-05
moya 7.5e-05 0.00125 2.5e-05 2.5e-05
cook 0.000125 0.00025 0.00065 0.00035
gop 0.001075 2.5e-05 7.5e-05 0.0002
sixyear 0.000125 0.00105 0.00015 5e-05
30000 0.000475 0.000125 0.000325 0.00045
westwood 0.000125 0.001175 5e-05 2.5e-05
suu 0.0013 2.5e-05 2.5e-05 2.5e-05
accompani 0.000475 0.000325 0.0002 0.000375
scrutini 0.000175 0.00025 0.000725 0.000225
exec 2.5e-05 2.5e-05 0.000225 0.0011
320 0.0003 0.000175 0.0006 0.0003
outing 0.0001 0.0011 0.0001 7.5e-05
stifl 0.0002 0.00055 0.000175 0.00045
soften 0.00045 0.000125 0.00055 0.00025
abruptli 0.00045 0.000175 0.000425 0.000325
mbeki 0.0013 2.5e-05 2.5e-05 2.5e-05
catastroph 0.000775 7.5e-05 0.00025 0.000275
kumar 0.0001 7.5e-05 0.0007 0.0005
inject 0.00035 0.000475 0.000225 0.000325
wreck 0.0006 0.0003 0.0001 0.000375
slate 0.000275 0.000225 0.000425 0.00045
jammu 0.00125 2.5e-05 2.5e-05 7.5e-05
jolt 0.000725 0.000175 0.0004 7.5e-05
stanc 0.0008 0.0001 0.000275 0.0002
perth 7.5e-05 0.001 0.000275 2.5e-05
alberta 0.00045 0.00025 0.00045 0.000225
metrogoldwynmay 0.000125 2.5e-05 0.0011 0.000125
prestigi 0.0004 0.00055 0.000225 0.0002
tenur 0.00025 0.0005 0.00055 7.5e-05
cope 0.0003 0.000275 0.000275 0.000525
compact 5e-05 7.5e-05 0.00015 0.0011
blunkett 0.00125 2.5e-05 2.5e-05 7.5e-05
maathai 0.0012 2.5e-05 2.5e-05 0.000125
laugh 0.0003 0.000525 0.000175 0.00035
roam 0.0002 7.5e-05 0.000125 0.00095
linuxbas 2.5e-05 2.5e-05 0.0001 0.0012
span 0.000175 0.000675 0.0002 0.0003
obviou 0.0001 0.000725 0.000125 0.0004
copper 0.0002 5e-05 0.000825 0.000275
youv 0.0001 7.5e-05 0.0003 0.000875
bite 0.000175 0.000225 0.00035 0.0006
solo 0.000225 0.0007 5e-05 0.000375
mainfram 2.5e-05 2.5e-05 0.0001 0.0012
teen 0.0002 0.0003 0.000225 0.000625
notch 7.5e-05 0.0007 0.000325 0.00025
tens 0.0009 0.000225 0.000125 0.0001
excus 0.00025 0.000425 0.0002 0.000475
mario 7.5e-05 0.000525 0.000525 0.000225
elev 0.000225 0.000375 0.00035 0.0004
stuart 0.0003 0.0007 0.000275 7.5e-05
trio 0.000325 0.00035 0.00015 0.000525
congoles 0.001275 2.5e-05 2.5e-05 2.5e-05
twoweek 0.000525 0.0002 0.00055 7.5e-05
surveil 0.0006 2.5e-05 7.5e-05 0.00065
swung 0.0001 0.000125 0.001025 0.0001
110 0.000275 0.00055 0.00035 0.000175
lengthi 0.000375 0.000525 0.000325 0.000125
archaeologist 0.0002 2.5e-05 2.5e-05 0.0011
bradley 0.000125 0.001125 5e-05 5e-05
kit 5e-05 7.5e-05 0.000125 0.0011
decreas 0.000125 5e-05 0.00095 0.000225
alcohol 0.00035 0.000325 0.000275 0.0004
anyway 0.00015 0.0007 0.000125 0.000375
notabl 0.00025 0.000425 0.00025 0.000425
kyi 0.001275 2.5e-05 2.5e-05 2.5e-05
conven 0.000875 0.000175 0.00015 0.00015
ltbrgtltfont 2.5e-05 2.5e-05 7.5e-05 0.001225
lung 0.00035 0.0003 0.0005 0.0002
acquit 0.000825 0.000275 0.0002 5e-05
plummet 0.0002 7.5e-05 0.00075 0.000325
admiss 0.000475 0.0003 0.00025 0.000325
relentless 0.000325 0.000375 0.000575 7.5e-05
1997 0.0003 0.00055 0.0003 0.0002
profittak 0.0001 2.5e-05 0.001175 5e-05
vault 0.000125 0.00085 0.000225 0.00015
johan 0.0001 0.0012 2.5e-05 2.5e-05
lilli 7.5e-05 0.0005 0.000725 5e-05
loser 0.00015 0.000825 0.0003 7.5e-05
daunt 0.000225 0.000875 5e-05 0.0002
nnn 0.00105 0.000125 0.000125 5e-05
tea 0.000525 0.000425 0.000325 7.5e-05
morri 5e-05 0.00065 0.000475 0.000175
sink 0.000225 0.0004 0.000475 0.00025
jerom 5e-05 0.001225 5e-05 2.5e-05
insight 0.000125 0.00035 0.000125 0.00075
bombardi 2.5e-05 2.5e-05 0.001275 2.5e-05
bmw 7.5e-05 0.00085 0.000275 0.00015
codenam 7.5e-05 2.5e-05 2.5e-05 0.001225
texan 0.0001 0.001075 0.000125 5e-05
pont 0.000275 0.001025 2.5e-05 2.5e-05
lockhe 5e-05 2.5e-05 0.000675 0.0006
skype 2.5e-05 2.5e-05 2.5e-05 0.001275
sebastien 5e-05 0.00125 2.5e-05 2.5e-05
griffin 0.00015 0.000975 5e-05 0.000175
bremen 5e-05 0.00125 2.5e-05 2.5e-05
clijster 2.5e-05 0.001275 2.5e-05 2.5e-05
depth 0.00015 0.00075 0.000175 0.00025
cure 0.00025 0.000175 0.00015 0.00075
ampm 2.5e-05 0.000875 0.00035 7.5e-05
provision 0.000325 0.000675 0.00015 0.000175
popup 2.5e-05 2.5e-05 0.0001 0.001175
meat 0.00025 0.0001 0.000525 0.00045
opt 0.000125 0.000475 0.0003 0.000425
mobilephon 2.5e-05 5e-05 0.000475 0.000775
transmiss 0.000375 5e-05 0.000225 0.000675
rent 0.000275 0.000125 0.000525 0.0004
refund 7.5e-05 5e-05 0.001025 0.000175
beam 0.000225 0.000275 7.5e-05 0.00075
substitut 7.5e-05 0.000975 0.000175 0.0001
fragil 0.00075 0.0001 0.000275 0.0002
slain 0.001175 7.5e-05 2.5e-05 5e-05
puerto 0.00045 0.000475 0.0002 0.0002
thompson 0.0001 0.000775 0.000225 0.000225
94 0.0001 0.0005 0.00045 0.000275
railway 0.000825 5e-05 0.00035 0.0001
105 0.000225 0.000475 0.0004 0.000225
interven 0.000575 0.0001 0.00045 0.0002
luck 0.000125 0.00075 0.000175 0.000275
payton 2.5e-05 0.00125 2.5e-05 2.5e-05
hair 0.0003 0.00045 0.000275 0.0003
telegraph 0.0005 0.00015 0.000525 0.00015
stateown 0.0003 2.5e-05 0.0009 0.0001
congratul 0.0007 0.0005 5e-05 7.5e-05
logist 0.00035 0.000125 0.000575 0.000275
pickup 0.000175 0.000125 0.0008 0.000225
thick 0.000375 0.000375 0.0001 0.000475
200405 5e-05 0.00105 0.0002 2.5e-05
17th 0.000275 0.000725 0.000225 0.0001
motorcycl 0.0004 0.000625 0.0002 0.0001
blown 0.0005 0.00065 7.5e-05 0.0001
noon 0.000325 0.000625 0.000275 0.0001
ab 7.5e-05 0.000125 0.000825 0.0003
et 0.0001 0.00055 0.000175 0.0005
911 0.000675 7.5e-05 0.00015 0.000425
19th 0.00025 0.000675 0.0002 0.0002
rubber 0.000175 0.0004 0.0006 0.00015
loot 0.000925 7.5e-05 0.000275 5e-05
interfer 0.000625 0.0001 0.00035 0.00025
kati 2.5e-05 0.000375 7.5e-05 0.00085
hostagetak 0.001225 2.5e-05 2.5e-05 5e-05
purport 0.00085 0.0001 0.0001 0.000275
hrefhttpwwwinvestorreuterscomfullquoteaspxtickerwmtn 2.5e-05 2.5e-05 0.00125 2.5e-05
targetstocksquickinfofullquotegtwmtnltagt 2.5e-05 2.5e-05 0.00125 2.5e-05
cayman 0.001225 5e-05 2.5e-05 2.5e-05
wimax 2.5e-05 2.5e-05 5e-05 0.001225
preciou 0.000175 0.000475 0.000425 0.00025
turner 0.0001 0.000875 0.000225 0.000125
hydrogen 2.5e-05 2.5e-05 0.0003 0.000975
sainsburi 2.5e-05 0.000325 0.000925 5e-05
sven 5e-05 0.0006 2.5e-05 0.00065
dementieva 0.0001 0.001175 2.5e-05 2.5e-05
brandon 0.000125 0.001125 5e-05 2.5e-05
ash 0.000175 0.000425 0.000175 0.00055
millennium 0.000225 0.000825 0.00015 0.000125
padraig 2.5e-05 0.00125 2.5e-05 2.5e-05
hoya 2.5e-05 0.00125 2.5e-05 2.5e-05
ambani 5e-05 2.5e-05 0.001225 2.5e-05
grill 0.0001 0.0002 0.000125 0.000875
truli 0.000125 0.00055 0.0002 0.000425
explan 0.000425 0.000275 0.0001 0.0005
buddhist 0.00115 5e-05 2.5e-05 7.5e-05
dirti 0.000525 0.000225 0.00015 0.0004
scatter 0.000725 0.00025 0.000125 0.0002
healthdaynew 2.5e-05 2.5e-05 2.5e-05 0.001225
belief 0.0003 0.00015 0.00045 0.0004
highperform 2.5e-05 5e-05 2.5e-05 0.0012
00 5e-05 0.001175 2.5e-05 5e-05
97 0.000175 0.000725 0.000225 0.000175
kidney 0.000125 0.000525 0.00035 0.0003
highlevel 0.0008 7.5e-05 0.00025 0.000175
midday 0.000125 7.5e-05 0.00105 5e-05
inde 0.000175 0.00045 0.000175 0.0005
basket 5e-05 0.000825 0.0002 0.000225
guillen 2.5e-05 0.001225 2.5e-05 2.5e-05
conveni 0.000125 0.000175 0.00035 0.00065
marc 0.0001 0.0008 5e-05 0.00035
mercantil 0.00045 2.5e-05 0.0008 2.5e-05
stapl 7.5e-05 0.000525 0.000425 0.000275
yearearli 2.5e-05 2.5e-05 0.000975 0.000275
aj 0.0001 0.00115 2.5e-05 2.5e-05
smuggl 0.000875 2.5e-05 0.0002 0.0002
expel 0.001 0.00025 2.5e-05 2.5e-05
comparison 0.0002 0.00035 0.000125 0.000625
frenzi 0.0003 0.000325 0.0003 0.000375
rifl 0.000775 0.000175 2.5e-05 0.000325
aspir 0.00055 0.00045 0.0001 0.0002
km 0.00065 7.5e-05 2.5e-05 0.00055
traffick 0.001 7.5e-05 7.5e-05 0.00015
sergei 0.000775 0.000325 0.0001 0.0001
drastic 0.0002 0.00015 0.000525 0.000425
cyclist 7.5e-05 0.0011 0.0001 2.5e-05
abort 0.00095 2.5e-05 7.5e-05 0.00025
telekom 7.5e-05 2.5e-05 0.000825 0.000375
antidop 2.5e-05 0.0012 2.5e-05 5e-05
cendant 2.5e-05 2.5e-05 0.001175 7.5e-05
juror 0.0002 0.000725 0.000325 5e-05
sm 5e-05 5e-05 5e-05 0.00115
sc 0.00015 0.00085 0.000175 0.000125
flock 0.0004 7.5e-05 0.000475 0.00035
buse 0.00075 0.00015 0.0001 0.0003
swamp 0.000475 0.0002 0.000275 0.00035
spoil 0.00015 0.0009 0.0001 0.00015
libyan 0.001175 2.5e-05 2.5e-05 7.5e-05
whatev 0.0004 0.00045 0.00025 0.0002
spree 0.0003 0.000225 0.0005 0.000275
clip 0.0001 0.0001 0.000375 0.000725
epidem 0.0007 0.00015 5e-05 0.0004
3pointer 5e-05 0.0012 2.5e-05 2.5e-05
thigh 7.5e-05 0.001075 5e-05 0.0001
ferri 0.000525 0.0002 0.000375 0.0002
bunch 7.5e-05 0.00085 0.000125 0.00025
incit 0.00115 2.5e-05 0.0001 2.5e-05
entranc 0.000725 0.00015 0.000175 0.00025
phillip 5e-05 0.000775 0.0002 0.000275
johansson 7.5e-05 0.00115 2.5e-05 5e-05
bakeri 0.00015 2.5e-05 0.001075 5e-05
kicker 5e-05 0.001175 5e-05 2.5e-05
yuan 0.00015 2.5e-05 0.000825 0.0003
repeatedli 0.000575 0.000375 0.000175 0.000175
consul 0.001 2.5e-05 0.000225 5e-05
700th 0.0001 0.00115 2.5e-05 2.5e-05
lima 0.0005 0.000725 5e-05 2.5e-05
fda 0.0001 2.5e-05 0.0009 0.000275
harrison 2.5e-05 0.0012 2.5e-05 5e-05
albanian 0.00105 0.0002 2.5e-05 2.5e-05
roug 0.0005 0.000475 0.000125 0.0002
sourav 0.0001 0.00115 2.5e-05 2.5e-05
hendrick 2.5e-05 0.001225 2.5e-05 2.5e-05
honeywel 2.5e-05 2.5e-05 0.000925 0.000325
redeploy 0.0012 2.5e-05 5e-05 2.5e-05
loos 0.0003 0.00045 0.00015 0.000375
embryo 0.000225 2.5e-05 5e-05 0.000975
prairi 0.00015 0.00075 7.5e-05 0.0003
ponder 0.0001 0.0004 0.000325 0.00045
accur 0.00025 0.000325 0.000125 0.000575
vessel 0.000625 2.5e-05 7.5e-05 0.00055
radiat 7.5e-05 2.5e-05 7.5e-05 0.0011
havent 0.000125 0.0004 0.00025 0.0005
judici 0.000875 0.000125 0.0001 0.000175
pharmaci 0.0001 2.5e-05 0.0007 0.00045
embryon 0.000125 5e-05 0.000125 0.000975
doubledigit 5e-05 0.00015 0.000925 0.00015
legitim 0.000375 0.00025 5e-05 0.0006
thanou 0.000125 0.0011 2.5e-05 2.5e-05
forgotten 0.0002 0.00065 0.00015 0.000275
bout 0.00015 0.000875 0.0002 5e-05
duncan 0.000275 0.00075 7.5e-05 0.000175
jenkin 0.00095 0.00025 2.5e-05 5e-05
threetim 2.5e-05 0.001175 2.5e-05 5e-05
orthodox 0.00115 5e-05 2.5e-05 5e-05
motley 5e-05 5e-05 0.00045 0.000725
lithuania 0.00045 0.000675 5e-05 0.0001
hefti 2.5e-05 0.000125 0.000825 0.0003
notifi 0.0003 0.0001 0.0003 0.000575
longstand 0.000425 0.000275 0.00025 0.000325
schroeder 0.0011 5e-05 0.0001 2.5e-05
solicit 0.000325 0.00025 0.000375 0.000325
powerbook 2.5e-05 2.5e-05 7.5e-05 0.00115
length 0.000175 0.0006 0.0001 0.0004
zoo 0.00035 2.5e-05 2.5e-05 0.000875
belichick 2.5e-05 0.0012 2.5e-05 2.5e-05
filter 7.5e-05 2.5e-05 0.000125 0.00105
barghouti 0.0012 2.5e-05 2.5e-05 2.5e-05
slalom 2.5e-05 0.0012 2.5e-05 2.5e-05
slim 0.00035 0.000375 0.000175 0.000375
weakerthanexpect 2.5e-05 2.5e-05 0.0012 2.5e-05
voluntari 0.00025 7.5e-05 0.00055 0.0004
thabo 0.0012 2.5e-05 2.5e-05 2.5e-05
outpost 0.0007 7.5e-05 5e-05 0.00045
cont 2.5e-05 0.001175 2.5e-05 5e-05
g4 5e-05 2.5e-05 7.5e-05 0.001125
ual 2.5e-05 2.5e-05 0.0012 2.5e-05
policeman 0.001125 0.0001 2.5e-05 2.5e-05
antidepress 0.000275 2.5e-05 0.000725 0.00025
riaa 2.5e-05 2.5e-05 2.5e-05 0.0012
precis 0.000175 0.0003 0.000175 0.000625
mcnabb 5e-05 0.001175 2.5e-05 2.5e-05
jumper 5e-05 0.00115 2.5e-05 5e-05
gatlin 0.0001 0.001125 2.5e-05 2.5e-05
bernabeu 7.5e-05 0.00115 2.5e-05 2.5e-05
allout 0.000675 0.00015 0.000125 0.000325
rudi 0.000125 0.001075 5e-05 2.5e-05
randolph 2.5e-05 0.001125 2.5e-05 0.0001
franci 0.0001 0.000875 0.0001 0.0002
adventur 0.00015 0.000175 7.5e-05 0.000875
credibl 0.000775 5e-05 0.00025 0.0002
complianc 0.0002 5e-05 0.000375 0.00065
knight 7.5e-05 0.000375 0.000725 0.0001
upstart 7.5e-05 0.000175 0.0004 0.000625
interoper 2.5e-05 2.5e-05 0.0001 0.001125
sw 2.5e-05 0.0012 2.5e-05 2.5e-05
eleven 0.0004 0.00045 0.000175 0.00025
shinawatra 0.0012 2.5e-05 2.5e-05 2.5e-05
fl 5e-05 0.001125 7.5e-05 2.5e-05
poorest 0.00065 5e-05 0.00055 2.5e-05
hernandez 2.5e-05 0.0012 2.5e-05 2.5e-05
clemson 2.5e-05 0.001175 2.5e-05 5e-05
blueprint 0.000375 0.00015 0.000175 0.000575
brilliant 0.000175 0.0006 0.00015 0.000325
asteroid 5e-05 2.5e-05 2.5e-05 0.00115
tmobil 2.5e-05 7.5e-05 0.00015 0.001
distract 0.00025 0.0007 0.000125 0.000175
unclear 0.0007 0.00025 0.000125 0.000175
riyadh 0.001075 5e-05 5e-05 7.5e-05
swell 0.0002 0.00015 0.00065 0.00025
bubbl 0.000275 0.000175 0.0004 0.0004
tall 0.0007 0.0002 5e-05 0.0003
immun 0.0007 0.00015 0.000175 0.000225
anastasia 2.5e-05 0.001175 2.5e-05 2.5e-05
myskina 2.5e-05 0.001175 2.5e-05 2.5e-05
hilton 0.0006 0.00025 0.00035 5e-05
sad 0.00015 0.0007 0.00015 0.00025
commut 0.000525 7.5e-05 0.00025 0.0004
cink 5e-05 0.00115 2.5e-05 2.5e-05
coincid 0.0004 0.000275 0.000125 0.00045
behalf 0.0003 0.0002 0.00035 0.0004
joke 0.000425 0.000475 0.0001 0.00025
usback 0.001175 2.5e-05 2.5e-05 2.5e-05
bulk 0.000225 0.00015 0.000275 0.0006
lara 7.5e-05 0.0011 2.5e-05 5e-05
attitud 0.0003 0.000475 0.000225 0.00025
podium 0.0002 0.001 2.5e-05 2.5e-05
sasser 5e-05 2.5e-05 2.5e-05 0.00115
mikhail 0.000225 0.00055 0.000425 5e-05
junta 0.001175 2.5e-05 2.5e-05 2.5e-05
inflict 0.000175 0.0004 0.00045 0.000225
splash 0.0001 0.000375 0.000425 0.00035
lou 7.5e-05 0.00105 7.5e-05 5e-05
fruit 0.000225 7.5e-05 0.0005 0.00045
intimid 0.0008 0.00025 7.5e-05 0.000125
keynot 0.000175 2.5e-05 0.00015 0.0009
fourday 0.0009 0.0001 0.0002 5e-05
headach 0.000175 0.000325 0.0002 0.00055
counsel 0.000325 0.000325 0.0003 0.0003
gaug 0.0002 0.0001 0.0008 0.00015
nationalist 0.00115 5e-05 2.5e-05 2.5e-05
collid 0.000625 0.0002 2.5e-05 0.0004
warrant 0.000475 0.000275 0.000225 0.000275
bobcat 2.5e-05 0.001125 2.5e-05 7.5e-05
divert 0.001075 2.5e-05 0.0001 5e-05
baton 0.00025 0.000725 0.000125 0.00015
barrett 7.5e-05 0.000325 0.000475 0.000375
conting 0.00065 0.000325 0.000225 5e-05
petrol 0.000375 2.5e-05 0.000725 0.000125
eindhoven 0.0001 0.00105 2.5e-05 7.5e-05
rev 0.00055 0.000275 0.0002 0.000225
shakeup 0.000375 0.000275 0.000475 0.000125
nike 0.0001 0.00015 0.00085 0.00015
dome 2.5e-05 0.000675 0.0001 0.00045
gerri 0.0007 0.0005 2.5e-05 2.5e-05
tariff 0.0002 2.5e-05 0.000975 5e-05
bois 5e-05 0.001025 0.00015 2.5e-05
lauren 7.5e-05 0.0009 0.000125 0.00015
gillett 2.5e-05 0.00105 0.00015 2.5e-05
ead 0.00015 2.5e-05 0.00105 2.5e-05
brisban 0.000175 0.0009 7.5e-05 0.0001
idaho 5e-05 0.0005 0.0002 0.0005
roethlisberg 2.5e-05 0.001175 2.5e-05 2.5e-05
ive 5e-05 0.0001 0.00015 0.000925
nasti 0.0002 0.00025 0.0003 0.000475
maximum 0.000275 0.000175 0.000225 0.00055
divers 0.000325 0.0004 0.0002 0.0003
flurri 0.000475 0.00015 0.00035 0.00025
hawaii 0.00015 0.0007 0.000175 0.0002
gase 0.000375 2.5e-05 7.5e-05 0.00075
insect 7.5e-05 2.5e-05 2.5e-05 0.0011
laura 0.000425 0.00045 0.0001 0.00025
primarili 0.0003 7.5e-05 0.0005 0.00035
width1 2.5e-05 2.5e-05 0.00015 0.001025
height1 2.5e-05 2.5e-05 0.00015 0.001025
border0gtlta 2.5e-05 2.5e-05 0.00015 0.001025
rejoin 0.000425 0.00075 2.5e-05 2.5e-05
bother 7.5e-05 0.0005 0.000125 0.000525
mason 0.0001 0.000875 0.0002 5e-05
sukarnoputri 0.00115 2.5e-05 2.5e-05 2.5e-05
glow 0.000125 0.000325 0.000125 0.00065
kilomet 0.00035 0.0001 7.5e-05 0.0007
doug 7.5e-05 0.0009 0.00015 0.0001
pivot 0.00055 0.00035 0.000175 0.00015
evolv 0.000125 0.00015 0.000125 0.000825
dominican 0.00055 0.000575 2.5e-05 7.5e-05
provok 0.000625 0.00015 0.000125 0.000325
summari 0.0001 0.00015 0.000125 0.00085
bounti 0.000875 2.5e-05 7.5e-05 0.00025
ub 2.5e-05 0.00015 0.000875 0.000175
slovakia 0.000175 0.00095 7.5e-05 2.5e-05
shine 0.000575 0.0003 0.0002 0.00015
hitter 7.5e-05 0.001025 2.5e-05 0.0001
embed 0.0001 2.5e-05 0.000125 0.000975
ballpark 5e-05 0.0011 2.5e-05 5e-05
erod 0.00025 5e-05 0.00055 0.000375
750 0.000125 5e-05 0.0006 0.00045
breast 0.0003 0.000325 7.5e-05 0.000525
hardi 7.5e-05 0.0001 0.001 5e-05
impend 0.00025 0.000275 0.0004 0.0003
royalti 0.00025 5e-05 0.0005 0.000425
secondround 7.5e-05 0.0011 2.5e-05 2.5e-05
passag 0.000475 0.000225 0.000175 0.00035
reclaim 0.000325 0.000425 0.0002 0.000275
lahor 0.000825 0.000325 5e-05 2.5e-05
flame 0.000375 0.000525 7.5e-05 0.00025
rous 0.000125 0.00025 0.0008 5e-05
yearago 5e-05 2.5e-05 0.001 0.00015
sail 0.00035 0.000525 5e-05 0.0003
lodg 0.00035 0.0003 0.000475 0.0001
ariz 0.000125 0.00085 7.5e-05 0.000175
50000 0.000575 0.00025 7.5e-05 0.000325
reshuffl 0.000825 2.5e-05 0.000275 0.0001
macintosh 2.5e-05 2.5e-05 0.0001 0.001075
theworld 0.000175 2.5e-05 0.0006 0.000425
defiant 0.000525 0.00045 0.000175 7.5e-05
ufj 0.0002 2.5e-05 0.000975 2.5e-05
hrefhttpwwwreuterscoukfinancequotelookupjhtmltickermsfto 2.5e-05 2.5e-05 2.5e-05 0.00115
qcatnewsgtmsftoltagt 2.5e-05 2.5e-05 2.5e-05 0.00115
purportedli 0.000875 2.5e-05 5e-05 0.000275
sinn 0.00115 2.5e-05 2.5e-05 2.5e-05
dinner 0.000325 0.00035 0.000175 0.000375
volvo 5e-05 0.00105 5e-05 7.5e-05
werder 2.5e-05 0.00115 2.5e-05 2.5e-05
wangari 0.0011 2.5e-05 2.5e-05 7.5e-05
conspir 0.000475 7.5e-05 0.000425 0.000225
biologist 7.5e-05 2.5e-05 5e-05 0.00105
amnesti 0.000925 5e-05 0.000125 0.0001
3d 5e-05 5e-05 7.5e-05 0.001025
iii 2.5e-05 0.00055 0.000175 0.00045
superb 2.5e-05 0.000925 2.5e-05 0.000225
linda 0.000175 0.000525 0.000175 0.000325
lucki 0.000175 0.0004 0.000375 0.00025
cach 0.000325 2.5e-05 2.5e-05 0.000825
analyz 0.0002 0.00015 2.5e-05 0.000825
scratch 0.000175 0.00045 0.00015 0.000425
summon 0.000375 0.000425 0.00025 0.00015
deepli 0.00055 0.0002 0.000275 0.000175
genom 2.5e-05 2.5e-05 0.000125 0.001025
onmonday 0.000375 7.5e-05 0.000425 0.000325
portugues 0.000375 0.000675 7.5e-05 7.5e-05
levi 0.000125 0.0003 0.0006 0.000175
jazeera 0.001125 2.5e-05 2.5e-05 2.5e-05
scoop 0.000125 0.000225 0.000475 0.000375
hrefhttpwwwinvestorreuterscomfullquoteaspxtickerpsfto 2.5e-05 2.5e-05 0.001125 2.5e-05
targetstocksquickinfofullquotegtpsftoltagt 2.5e-05 2.5e-05 0.001125 2.5e-05
quinci 7.5e-05 0.00105 5e-05 2.5e-05
suburban 0.0003 0.000325 0.000225 0.00035
duel 0.000275 0.0007 5e-05 0.000175
quebec 0.0006 0.0001 0.000425 7.5e-05
rollout 2.5e-05 2.5e-05 0.0002 0.00095
merchandis 2.5e-05 0.000125 0.00095 0.0001
suburb 0.000625 0.000175 0.000175 0.000225
nonprofit 2.5e-05 2.5e-05 0.0005 0.00065
heritag 0.000175 0.000875 2.5e-05 0.000125
shame 0.00015 0.000625 0.00015 0.000275
artilleri 0.00105 2.5e-05 2.5e-05 0.0001
200000 0.00035 0.0001 0.000375 0.000375
rider 0.0001 0.000875 7.5e-05 0.00015
diamond 0.000175 0.0003 0.00045 0.000275
fatah 0.001125 2.5e-05 2.5e-05 2.5e-05
oxford 7.5e-05 0.00045 0.000175 0.0005
somewhat 0.00015 0.000325 0.000325 0.0004
shaun 7.5e-05 0.001075 2.5e-05 2.5e-05
petersburg 0.0001 0.000975 7.5e-05 5e-05
musician 0.0003 0.0001 7.5e-05 0.000725
batch 0.000175 7.5e-05 0.00035 0.0006
microchip 0.000125 2.5e-05 0.000375 0.000675
litig 7.5e-05 5e-05 0.00055 0.000525
woo 0.000325 5e-05 0.00025 0.000575
mylan 2.5e-05 2.5e-05 0.001125 2.5e-05
sosa 7.5e-05 0.001075 2.5e-05 2.5e-05
benson 5e-05 0.001025 7.5e-05 5e-05
grain 0.000125 7.5e-05 0.00065 0.00035
amit 5e-05 0.0001 2.5e-05 0.001025
arkansa 0.000125 0.00065 0.00025 0.000175
oblig 0.000425 0.00015 0.00055 7.5e-05
jd 5e-05 0.0005 0.000275 0.000375
colour 0.00015 0.000275 0.000175 0.0006
cousin 0.000475 0.000125 0.0001 0.0005
cy 5e-05 0.0011 2.5e-05 2.5e-05
finnish 0.0001 0.000275 0.00015 0.000675
coulthard 2.5e-05 0.001125 2.5e-05 2.5e-05
warren 0.00015 0.00045 0.000525 7.5e-05
cska 2.5e-05 0.001125 2.5e-05 2.5e-05
sag 0.000225 7.5e-05 0.0007 0.0002
apologis 0.0006 0.0004 7.5e-05 0.000125
lifestyl 0.000125 5e-05 0.00065 0.000375
harsh 0.000475 0.00035 0.000175 0.0002
psv 5e-05 0.0011 2.5e-05 2.5e-05
srichaphan 2.5e-05 0.001125 2.5e-05 2.5e-05
1994 0.0004 0.0004 0.000175 0.000225
da 0.00065 5e-05 0.000225 0.000275
consensu 0.000375 0.000175 0.0004 0.00025
aston 5e-05 0.001075 5e-05 2.5e-05
lexmark 2.5e-05 0.0002 0.000125 0.00085
mondavi 2.5e-05 2.5e-05 0.001125 2.5e-05
unilev 0.000125 2.5e-05 0.001025 2.5e-05
particl 7.5e-05 5e-05 2.5e-05 0.001025
childhood 0.000425 0.00025 7.5e-05 0.000425
embark 0.00025 0.000225 0.000225 0.000475
maneuv 0.0002 0.0002 0.00025 0.000525
defraud 0.00015 7.5e-05 0.0006 0.00035
ramp 0.0001 0.0001 0.000325 0.00065
sand 0.000225 0.00025 0.000225 0.000475
haa 0.0001 0.001025 2.5e-05 2.5e-05
silent 0.00035 0.000325 0.000125 0.000375
mediums 5e-05 2.5e-05 7.5e-05 0.001025
christoph 0.00025 0.000225 0.0003 0.0004
dismal 0.00015 0.00055 0.00035 0.000125
geoff 0.000575 0.00035 0.000225 2.5e-05
everybodi 0.00015 0.000775 0.00015 0.0001
falter 0.0003 0.000375 0.000425 7.5e-05
absorb 0.0001 0.000225 0.00045 0.0004
athlon 2.5e-05 2.5e-05 0.00015 0.000975
heal 0.00045 0.000425 7.5e-05 0.000225
tide 0.000175 0.00035 0.0003 0.00035
enthusiast 0.0002 0.00015 0.00015 0.000675
heninhardenn 5e-05 0.001075 2.5e-05 2.5e-05
colombo 0.0009 0.00015 5e-05 7.5e-05
jake 2.5e-05 0.001075 2.5e-05 5e-05
05 0.0001 0.00015 0.00055 0.000375
lp 2.5e-05 5e-05 0.000925 0.000175
frame 0.000325 0.0004 0.0001 0.00035
biotech 7.5e-05 2.5e-05 0.000625 0.00045
torrenti 0.000975 0.00015 2.5e-05 2.5e-05
glanc 0.0002 0.0005 0.000275 0.0002
stomach 0.0004 0.000525 0.0001 0.00015
diagnos 0.00035 0.0004 0.000175 0.00025
zdnet 2.5e-05 2.5e-05 0.0002 0.000925
milk 0.0001 7.5e-05 0.0008 0.0002
belfast 0.00095 5e-05 0.0001 7.5e-05
tyson 2.5e-05 0.000725 0.000375 5e-05
rubbl 0.000975 0.0001 2.5e-05 7.5e-05
allround 5e-05 0.001075 2.5e-05 2.5e-05
deposit 0.00015 0.0002 0.0006 0.000225
weightlift 7.5e-05 0.001025 2.5e-05 5e-05
glasgow 7.5e-05 0.0009 7.5e-05 0.000125
trek 0.000175 0.000175 5e-05 0.000775
impass 0.000725 0.0002 0.000125 0.000125
churn 0.000725 5e-05 0.000175 0.000225
walkman 2.5e-05 2.5e-05 7.5e-05 0.00105
foray 0.000175 5e-05 0.0002 0.00075
bump 0.000125 0.0005 0.000275 0.000275
dispos 0.000125 0.000275 0.00035 0.000425
antarct 5e-05 2.5e-05 2.5e-05 0.001075
ayatollah 0.0011 2.5e-05 2.5e-05 2.5e-05
stunt 0.0002 0.0001 0.000125 0.00075
1991 0.000575 0.000375 0.0001 0.000125
portray 0.000775 5e-05 0.00015 0.0002
bless 0.0003 0.000375 0.000275 0.000225
sharman 2.5e-05 2.5e-05 5e-05 0.001075
creek 7.5e-05 0.00075 0.00015 0.0002
blitz 0.000275 0.0005 0.000175 0.000225
epic 0.00015 0.00055 0.000125 0.00035
prematur 0.0004 0.00045 0.00015 0.000175
seasonopen 5e-05 0.001075 2.5e-05 2.5e-05
gogh 0.0011 2.5e-05 2.5e-05 2.5e-05
101 7.5e-05 0.00055 0.0003 0.00025
ml 2.5e-05 0.001075 2.5e-05 5e-05
aceh 0.0011 2.5e-05 2.5e-05 2.5e-05
disarma 0.0011 2.5e-05 2.5e-05 2.5e-05
baker 0.000125 0.000675 0.000275 0.0001
threepoint 7.5e-05 0.00105 2.5e-05 2.5e-05
18month 0.000175 0.000175 0.00065 0.000175
woolworth 2.5e-05 2.5e-05 0.001075 5e-05
richardson 2.5e-05 0.00085 7.5e-05 0.000225
repay 0.000125 0.00025 0.000775 2.5e-05
baron 0.000125 0.0002 0.000825 2.5e-05
14th 0.00015 0.000825 7.5e-05 0.000125
mel 0.000325 0.00025 0.000425 0.000175
middleweight 2.5e-05 0.0011 2.5e-05 2.5e-05
palestin 0.0011 2.5e-05 2.5e-05 2.5e-05
likelihood 0.000325 0.000125 0.0005 0.000225
dwight 2.5e-05 0.001075 5e-05 2.5e-05
monaco 2.5e-05 0.00095 5e-05 0.00015
malon 7.5e-05 0.00055 0.000525 2.5e-05
fc 2.5e-05 0.001075 2.5e-05 5e-05
earthlink 2.5e-05 2.5e-05 5e-05 0.001075
x43a 2.5e-05 2.5e-05 2.5e-05 0.0011
antenna 0.0001 2.5e-05 0.000125 0.000925
pennant 0.00015 0.000975 2.5e-05 2.5e-05
330 0.000325 0.0006 0.00015 0.0001
quattron 2.5e-05 2.5e-05 0.0011 2.5e-05
veto 0.0009 5e-05 0.0001 0.000125
wei 2.5e-05 0.0011 2.5e-05 2.5e-05
monkey 0.0001 0.000175 5e-05 0.000825
harbor 0.000275 0.0004 7.5e-05 0.0004
jupit 2.5e-05 2.5e-05 7.5e-05 0.001025
transmit 2.5e-05 2.5e-05 0.0002 0.0009
conservationist 0.00015 2.5e-05 2.5e-05 0.00095
79 0.00045 0.0001 0.00045 0.00015
realtim 2.5e-05 2.5e-05 5e-05 0.00105
catalog 2.5e-05 5e-05 0.000375 0.0007
200meter 0.000275 0.000825 2.5e-05 2.5e-05
georgian 0.000825 0.000125 7.5e-05 0.000125
bosnia 0.001 7.5e-05 2.5e-05 5e-05
17yearold 0.00015 0.0006 5e-05 0.00035
tick 0.000175 0.0002 0.000725 5e-05
cabrera 0.00015 0.00095 2.5e-05 2.5e-05
recordhigh 7.5e-05 2.5e-05 0.000975 7.5e-05
quotthi 0.000175 0.00035 0.0002 0.000425
breakaway 0.0009 0.000125 5e-05 7.5e-05
chess 0.000875 0.000125 5e-05 0.0001
swirl 0.000475 0.00025 0.000125 0.0003
warehous 0.0003 7.5e-05 0.0005 0.000275
grade 0.00025 0.0004 0.000175 0.000325
yorkbas 0.000175 2.5e-05 0.000775 0.000175
vatican 0.001025 2.5e-05 5e-05 5e-05
hideout 0.001075 2.5e-05 2.5e-05 2.5e-05
danish 0.0001 0.0003 0.0002 0.00055
compel 0.0002 0.0004 0.0001 0.00045
subdu 0.000225 0.000375 0.00045 0.0001
jboss 2.5e-05 2.5e-05 2.5e-05 0.001075
ofth 0.000275 0.000125 0.000225 0.000525
defus 0.000875 0.000125 0.0001 5e-05
usag 2.5e-05 2.5e-05 5e-05 0.00105
kilometr 0.0004 0.000225 5e-05 0.000475
cream 0.00015 0.0004 0.000275 0.000325
keyword 2.5e-05 2.5e-05 5e-05 0.00105
shout 0.000625 0.00035 7.5e-05 0.0001
mud 0.000875 7.5e-05 7.5e-05 0.000125
beverag 5e-05 0.0001 0.000875 0.000125
stride 0.00015 0.000525 0.000225 0.00025
hung 0.0002 0.000625 0.000175 0.00015
vaughan 7.5e-05 0.001025 2.5e-05 2.5e-05
contradict 0.000575 0.0001 0.00015 0.000325
crumbl 0.000425 0.000325 0.000225 0.000175
unlimit 0.000175 2.5e-05 0.000275 0.000675
matur 2.5e-05 0.000225 0.00025 0.00065
forb 0.0001 0.0002 0.0006 0.00025
rampant 0.000475 7.5e-05 0.000175 0.000425
ransom 0.000975 7.5e-05 2.5e-05 7.5e-05
perez 0.0001 0.0009 0.000125 2.5e-05
unearth 0.00035 0.0001 7.5e-05 0.000625
slay 0.0009 0.00015 7.5e-05 2.5e-05
shirt 0.000175 0.00065 0.0002 0.000125
retali 0.000775 2.5e-05 0.0003 5e-05
liter 0.000175 0.000375 0.0001 0.0005
nottingham 0.0002 0.000775 0.0001 7.5e-05
pavano 5e-05 0.00105 2.5e-05 2.5e-05
safeguard 0.000475 5e-05 0.000125 0.0005
gdp 0.0002 2.5e-05 0.000875 5e-05
bakar 0.001075 2.5e-05 2.5e-05 2.5e-05
exact 0.0003 0.000225 0.000175 0.00045
hamza 0.001075 2.5e-05 2.5e-05 2.5e-05
iaea 0.001075 2.5e-05 2.5e-05 2.5e-05
guillermo 0.00015 0.00095 2.5e-05 2.5e-05
hrefhttpwwwinvestorreuterscomfullquoteaspxtickerorclo 2.5e-05 2.5e-05 0.001075 2.5e-05
targetstocksquickinfofullquotegtorcloltagt 2.5e-05 2.5e-05 0.001075 2.5e-05
delphi 2.5e-05 0.000125 0.000675 0.000325
musicmatch 2.5e-05 2.5e-05 0.000125 0.000975
sanjay 5e-05 2.5e-05 0.000675 0.0004
kellogg 7.5e-05 5e-05 0.001 2.5e-05
wmc 2.5e-05 2.5e-05 0.001075 2.5e-05
mess 0.0002 0.0004 0.000325 0.0002
confidenti 0.000375 7.5e-05 0.0003 0.000375
pin 0.000225 0.000375 0.000175 0.00035
stab 0.000725 0.00015 0.0001 0.00015
werent 0.000175 0.000475 0.000125 0.00035
iss 2.5e-05 2.5e-05 0.00015 0.000925
thu 0.0002 0.00035 0.000175 0.0004
bombard 0.00075 7.5e-05 2.5e-05 0.000275
fallout 0.000225 0.000325 0.0004 0.000175
memor 0.000125 0.000725 2.5e-05 0.00025
hotli 0.0003 0.000125 0.00025 0.00045
merchant 0.0001 2.5e-05 0.0005 0.0005
travi 7.5e-05 0.00095 5e-05 5e-05
kosta 0.00015 0.000925 2.5e-05 2.5e-05
finalist 2.5e-05 0.000975 7.5e-05 5e-05
assam 0.001025 2.5e-05 5e-05 2.5e-05
eagerli 0.0001 0.000125 0.000325 0.000575
dug 0.00065 0.00015 0.00015 0.000175
funk 0.000125 0.00085 0.000125 2.5e-05
himalayan 0.001025 2.5e-05 2.5e-05 5e-05
apiec 0.000125 0.0007 0.000175 0.000125
geograph 0.000125 0.0001 0.000275 0.000625
oak 0.0001 0.00055 0.000275 0.0002
elizabeth 0.000625 0.0002 0.000125 0.000175
mourner 0.0009 0.00015 2.5e-05 5e-05
kurdish 0.00105 2.5e-05 2.5e-05 2.5e-05
script 0.000275 0.00035 5e-05 0.00045
glove 0.0001 0.0009 5e-05 7.5e-05
lethal 0.000525 0.00015 2.5e-05 0.000425
pujol 0.0001 0.00095 2.5e-05 5e-05
dispatch 0.000525 0.000325 0.000125 0.00015
thiev 0.000475 2.5e-05 0.00025 0.000375
entitl 0.000175 0.0002 0.000275 0.000475
aapl 2.5e-05 2.5e-05 0.0002 0.000875
ing 7.5e-05 0.00025 0.0007 0.0001
saga 0.000175 0.00035 0.000525 7.5e-05
hudson 0.00015 0.00075 0.00015 7.5e-05
monster 0.000125 0.0005 0.000125 0.000375
nissan 0.000125 0.000175 0.00075 7.5e-05
canberra 0.000875 5e-05 0.00015 5e-05
cox 2.5e-05 0.000525 0.000525 5e-05
compatriot 7.5e-05 0.000975 2.5e-05 5e-05
jen 0.000175 0.00075 0.00015 5e-05
debri 0.0006 7.5e-05 7.5e-05 0.000375
properli 0.000325 0.0001 0.00035 0.00035
furnitur 0.0003 5e-05 0.0006 0.000175
rhode 0.0001 0.000575 0.0002 0.00025
anfield 7.5e-05 0.001 2.5e-05 2.5e-05
robson 2.5e-05 0.001025 5e-05 2.5e-05
olusegun 0.000975 2.5e-05 0.0001 2.5e-05
ahmad 0.000825 0.00015 0.0001 5e-05
app 2.5e-05 2.5e-05 0.0001 0.000975
tendon 2.5e-05 0.001025 2.5e-05 5e-05
millionair 0.00045 0.000275 0.000225 0.000175
unoffici 0.00035 0.00025 0.00015 0.000375
tend 0.000325 0.00015 0.000275 0.000375
lowerthanexpect 0.0001 2.5e-05 0.00085 0.00015
slot 2.5e-05 0.000325 0.000525 0.00025
jeddah 0.000825 5e-05 0.0002 5e-05
dsl 2.5e-05 2.5e-05 0.000175 0.0009
deduct 0.000125 2.5e-05 0.000925 5e-05
15th 0.0003 0.000525 0.000125 0.000175
primera 2.5e-05 0.001025 2.5e-05 5e-05
bodyguard 0.000975 0.0001 2.5e-05 2.5e-05
spinner 0.0001 0.000975 2.5e-05 2.5e-05
munch 0.000725 2.5e-05 2.5e-05 0.00035
scot 0.0002 0.0008 2.5e-05 0.0001
aeronaut 0.000125 2.5e-05 0.0005 0.000475
middlewar 2.5e-05 2.5e-05 0.00015 0.000925
edmonton 0.0004 0.000475 0.0001 0.00015
contrast 0.00025 0.00035 0.000325 0.0002
tremor 0.0006 0.000125 0.0001 0.0003
bishop 0.000625 0.000325 5e-05 0.000125
unauthor 0.000325 2.5e-05 7.5e-05 0.0007
paradorn 2.5e-05 0.00105 2.5e-05 2.5e-05
tube 0.00025 0.000125 0.000225 0.000525
centrino 2.5e-05 2.5e-05 5e-05 0.001025
capriati 0.0001 0.000975 2.5e-05 2.5e-05
mighti 0.000125 0.00055 0.000125 0.000325
meadow 7.5e-05 0.000925 5e-05 7.5e-05
donor 0.00085 2.5e-05 0.000175 7.5e-05
gutierrez 0.0001 0.0002 0.0008 2.5e-05
punt 2.5e-05 0.001025 2.5e-05 5e-05
camin 2.5e-05 0.00105 2.5e-05 2.5e-05
ati 2.5e-05 2.5e-05 0.000275 0.0008
cereal 0.0001 2.5e-05 0.000925 7.5e-05
sihanouk 0.00105 2.5e-05 2.5e-05 2.5e-05
inventor 7.5e-05 2.5e-05 0.0002 0.0008
pen 0.0001 0.00035 0.00025 0.0004
entic 0.000325 0.000175 0.0002 0.0004
flip 0.000125 0.00035 0.000175 0.00045
manner 0.000275 0.000325 0.0001 0.0004
forth 0.00035 0.00015 0.000175 0.000425
tissu 0.000275 5e-05 0.00015 0.000625
planetari 2.5e-05 2.5e-05 2.5e-05 0.001025
youll 5e-05 0.000125 0.000175 0.00075
influenza 0.000575 2.5e-05 0.000225 0.000275
obes 0.00035 5e-05 0.0002 0.0005
resurg 0.00035 0.000425 0.0002 0.000125
intrus 0.000225 7.5e-05 0.00015 0.00065
homeless 0.000875 7.5e-05 7.5e-05 7.5e-05
burundi 0.001025 2.5e-05 2.5e-05 2.5e-05
vacanc 0.000225 0.000625 0.00015 0.0001
bullish 0.0001 5e-05 0.000825 0.000125
achil 5e-05 0.000925 2.5e-05 0.0001
impair 7.5e-05 0.000125 0.00045 0.00045
plain 0.000125 0.000225 0.00025 0.0005
mardi 2.5e-05 0.001025 2.5e-05 2.5e-05
thumb 0.000125 0.000575 0.00015 0.00025
peruvian 0.000775 0.000225 2.5e-05 7.5e-05
firefight 0.00095 5e-05 5e-05 5e-05
inner 0.000425 0.000125 0.000225 0.000325
ingredi 0.0002 5e-05 0.000575 0.000275
bellsouth 2.5e-05 5e-05 0.000725 0.0003
sql 2.5e-05 2.5e-05 7.5e-05 0.000975
misstep 0.0001 0.0001 0.00065 0.00025
thunderbird 2.5e-05 2.5e-05 2.5e-05 0.001025
groin 5e-05 0.001 2.5e-05 2.5e-05
fabric 0.0002 0.000375 0.000125 0.0004
colgatepalmol 7.5e-05 2.5e-05 0.000975 2.5e-05
vacuum 0.0002 7.5e-05 0.000375 0.00045
richmond 0.0002 0.000675 0.000175 5e-05
chill 0.000425 0.000325 0.0002 0.00015
08 0.00015 0.000125 0.000325 0.0005
zero 0.000325 0.00025 0.000125 0.0004
chunk 0.000175 0.00015 0.000275 0.0005
downhil 5e-05 0.001 2.5e-05 2.5e-05
alsistani 0.001025 2.5e-05 2.5e-05 2.5e-05
96 0.00025 0.000325 0.000325 0.0002
anymor 2.5e-05 0.000375 0.00025 0.00045
runnerup 0.0001 0.0009 2.5e-05 7.5e-05
murphi 0.000175 0.000775 5e-05 0.0001
ricardo 0.00015 0.000825 0.0001 2.5e-05
waziristan 0.001025 2.5e-05 2.5e-05 2.5e-05
ba 0.0004 5e-05 0.000525 0.000125
vera 5e-05 0.001 2.5e-05 2.5e-05
champagn 7.5e-05 0.000775 0.00015 0.0001
20yearold 0.000275 0.000425 5e-05 0.00035
undisput 0.00015 0.0008 2.5e-05 0.000125
mugab 0.000925 0.000125 2.5e-05 2.5e-05
onethird 0.0001 5e-05 0.000525 0.000425
turin 5e-05 0.00095 2.5e-05 7.5e-05
helsinki 0.00015 0.000325 0.00015 0.000475
selloff 5e-05 2.5e-05 0.001 2.5e-05
goosen 2.5e-05 0.001025 2.5e-05 2.5e-05
henrik 2.5e-05 0.001025 2.5e-05 2.5e-05
psft 2.5e-05 2.5e-05 0.0006 0.00045
wander 0.00025 0.000625 7.5e-05 0.00015
dioxid 0.00025 2.5e-05 0.000125 0.0007
potent 0.0002 0.000375 5e-05 0.000475
coliseum 2.5e-05 0.001025 2.5e-05 2.5e-05
worldcom 0.0001 2.5e-05 0.00075 0.000225
leinart 0.0001 0.00095 2.5e-05 2.5e-05
hotmail 2.5e-05 2.5e-05 5e-05 0.001
redknapp 5e-05 0.001 2.5e-05 2.5e-05
walli 5e-05 0.00095 5e-05 5e-05
lynn 7.5e-05 0.00025 0.00025 0.0005
slaughter 0.0007 0.0001 2.5e-05 0.00025
youngster 0.000225 0.000575 5e-05 0.000225
bizarr 0.000175 0.000525 7.5e-05 0.0003
ri 2.5e-05 0.000575 5e-05 0.000425
photographi 7.5e-05 5e-05 0.000475 0.000475
performanceenhanc 7.5e-05 0.0009 2.5e-05 7.5e-05
modul 2.5e-05 2.5e-05 5e-05 0.000975
carv 0.0003 0.000125 0.000175 0.000475
magnet 0.000125 0.0001 7.5e-05 0.000775
gardner 7.5e-05 0.0006 0.000125 0.000275
bandwidth 2.5e-05 2.5e-05 7.5e-05 0.00095
latter 0.00015 0.000325 0.0003 0.0003
snag 0.000175 5e-05 0.000225 0.000625
pink 0.00025 0.0001 0.000175 0.00055
reap 0.000125 0.00015 0.00045 0.00035
ossetia 0.00095 2.5e-05 2.5e-05 7.5e-05
polar 0.000225 7.5e-05 0.000125 0.00065
rico 0.000375 0.000375 0.000175 0.00015
finley 0.0001 0.000925 2.5e-05 2.5e-05
fieri 0.000275 0.000675 5e-05 7.5e-05
70000 0.000625 0.0002 0.0001 0.00015
habit 0.000125 0.0002 0.000175 0.000575
hungri 0.000625 0.00015 0.000125 0.000175
deplet 0.000125 0.000425 0.000175 0.00035
cosmet 5e-05 5e-05 0.00055 0.000425
carli 2.5e-05 0.000525 0.000175 0.00035
oao 5e-05 2.5e-05 0.000975 2.5e-05
newcom 0.0001 0.000525 0.00015 0.0003
medley 0.000225 0.000775 2.5e-05 5e-05
quell 0.000625 0.000175 0.000175 0.0001
denmark 0.00025 0.000325 0.000225 0.000275
wellknown 0.00015 0.00015 0.0004 0.000375
flare 0.000825 0.000125 2.5e-05 0.0001
strongerthanexpect 2.5e-05 2.5e-05 0.0009 0.000125
higherthanexpect 2.5e-05 2.5e-05 0.000925 0.0001
enact 0.000525 5e-05 0.0003 0.0002
refinanc 5e-05 2.5e-05 0.0008 0.0002
helm 0.000275 0.00025 0.0004 0.00015
robertson 0.000225 0.00055 0.000175 0.000125
chest 0.000275 0.000625 0.000125 5e-05
exhaust 0.000325 0.000425 0.000125 0.0002
shaken 0.00055 0.000225 0.0002 0.0001
sergeant 0.00095 5e-05 2.5e-05 5e-05
frenchman 0.0002 0.00075 0.0001 2.5e-05
fiat 5e-05 2.5e-05 0.00095 5e-05
blaze 0.0004 0.0003 0.000225 0.00015
penetr 0.0003 2.5e-05 7.5e-05 0.000675
icahn 2.5e-05 2.5e-05 0.001 2.5e-05
voluntarili 0.0004 5e-05 0.0004 0.000225
grumman 2.5e-05 2.5e-05 0.0004 0.000625
patterson 5e-05 0.000975 2.5e-05 2.5e-05
sammi 7.5e-05 0.000925 5e-05 2.5e-05
lavish 0.000425 0.000225 0.000325 0.0001
wpp 2.5e-05 2.5e-05 0.001 2.5e-05
metropolitan 0.000375 2.5e-05 0.000375 0.0003
morocco 0.0005 0.00045 7.5e-05 5e-05
heathrow 0.00055 7.5e-05 0.0004 5e-05
han 0.00045 0.0004 0.00015 7.5e-05
twoshot 7.5e-05 0.00095 2.5e-05 2.5e-05
taxpay 0.000175 0.0001 0.000625 0.000175
barn 0.0001 0.00035 0.000475 0.00015
zvonareva 2.5e-05 0.001 2.5e-05 2.5e-05
sim 5e-05 7.5e-05 0.000125 0.000825
flown 0.000675 0.0001 0.0001 0.0002
175 7.5e-05 0.0003 0.000625 7.5e-05
randal 2.5e-05 0.000975 2.5e-05 5e-05
facilit 0.0002 2.5e-05 0.00035 0.0005
frighten 0.000725 0.0001 7.5e-05 0.000175
mmo2 5e-05 2.5e-05 0.000125 0.000875
intrud 0.000475 0.000175 7.5e-05 0.00035
7e7 2.5e-05 2.5e-05 0.001 2.5e-05
californian 0.00015 5e-05 0.0003 0.000575
constel 2.5e-05 0.000175 0.0006 0.000275
horror 0.0004 0.00025 0.00015 0.000275
bromwich 2.5e-05 0.000925 0.0001 2.5e-05
ferdinand 0.000125 0.000825 7.5e-05 5e-05
hyperson 2.5e-05 2.5e-05 2.5e-05 0.001
25000 0.000125 5e-05 0.00045 0.00045
alonzo 2.5e-05 0.001 2.5e-05 2.5e-05
wolverin 5e-05 0.0009 5e-05 7.5e-05
greenberg 2.5e-05 0.000125 0.0009 2.5e-05
stuttgart 5e-05 0.00095 5e-05 2.5e-05
talladega 2.5e-05 0.001 2.5e-05 2.5e-05
jungl 0.000675 7.5e-05 7.5e-05 0.000225
smell 0.00025 0.000125 0.000175 0.0005
spaceship 2.5e-05 2.5e-05 2.5e-05 0.000975
lightn 2.5e-05 0.000725 5e-05 0.00025
ceas 0.000375 0.0001 0.000425 0.00015
aspect 0.000175 0.000175 0.00015 0.00055
coral 0.000125 0.000125 2.5e-05 0.000775
outer 0.000175 2.5e-05 0.0001 0.00075
fairli 0.000275 0.000175 0.0004 0.0002
sacrific 0.00015 0.000525 0.0002 0.000175
dusti 0.000275 0.000425 2.5e-05 0.000325
skull 7.5e-05 2.5e-05 2.5e-05 0.000925
otellini 5e-05 2.5e-05 0.000375 0.0006
boxer 0.000125 0.000725 0.0001 0.0001
interrupt 0.000225 0.0004 0.00015 0.000275
lawn 0.0002 7.5e-05 0.0002 0.000575
whenev 0.0001 0.0005 0.000175 0.000275
1992 0.0003 0.00035 0.0003 0.0001
princip 0.000175 0.0004 0.00025 0.000225
recess 5e-05 0.000125 0.000775 0.0001
abrupt 0.00025 0.000275 0.000375 0.00015
09 0.000175 0.0001 0.0003 0.000475
meal 0.000125 0.0001 0.00025 0.000575
x86 2.5e-05 2.5e-05 0.000125 0.000875
macromedia 2.5e-05 2.5e-05 2.5e-05 0.000975
tempt 0.00015 0.000175 0.000325 0.0004
strap 0.000675 0.000175 0.0001 0.0001
faulti 0.0002 5e-05 0.0003 0.0005
drain 0.000225 0.000225 0.0003 0.0003
hurl 0.000475 0.00045 2.5e-05 0.0001
horizon 0.000125 0.000275 0.00025 0.0004
lossmak 5e-05 2.5e-05 0.000925 5e-05
hddvd 2.5e-05 2.5e-05 2.5e-05 0.000975
plasma 5e-05 5e-05 0.0002 0.00075
porn 0.000225 5e-05 5e-05 0.000725
wilkinson 2.5e-05 0.000975 2.5e-05 2.5e-05
obasanjo 0.0009 2.5e-05 0.0001 2.5e-05
hynix 2.5e-05 2.5e-05 0.000625 0.000375
vacant 0.0001 0.000725 0.000125 0.0001
unhappi 0.000175 0.00045 0.00015 0.000275
boo 0.0001 0.00085 2.5e-05 7.5e-05
queri 0.0001 2.5e-05 0.000175 0.00075
disastr 0.0002 0.000525 0.0002 0.000125
edt 7.5e-05 0.000675 2.5e-05 0.000275
stent 5e-05 5e-05 0.00085 0.0001
wrongdo 0.00015 0.0002 0.0006 0.0001
scuffl 0.00075 0.0002 2.5e-05 7.5e-05
weren 5e-05 0.0006 0.000175 0.000225
obscur 0.000125 0.000325 0.000225 0.000375
roh 0.0009 5e-05 7.5e-05 2.5e-05
improperli 0.000225 2.5e-05 0.000625 0.000175
ronaldo 2.5e-05 0.000975 2.5e-05 2.5e-05
socialist 0.0009 5e-05 2.5e-05 7.5e-05
belgrad 0.0007 0.00015 2.5e-05 0.000175
freeli 0.00015 0.0001 0.000225 0.000575
confin 0.0005 0.000275 0.0001 0.000175
canon 5e-05 2.5e-05 0.000425 0.00055
forev 0.000225 0.00035 0.000175 0.0003
erik 7.5e-05 0.000875 2.5e-05 7.5e-05
reed 2.5e-05 0.0007 0.000225 0.0001
miser 7.5e-05 0.000875 7.5e-05 2.5e-05
nephew 0.00085 5e-05 5e-05 0.0001
workplac 0.000125 5e-05 0.000275 0.0006
manageri 5e-05 0.000925 5e-05 2.5e-05
sandi 0.00035 0.00055 0.0001 5e-05
orcl 2.5e-05 2.5e-05 0.000575 0.000425
heap 0.00015 0.00045 0.0001 0.00035
obrien 0.000125 0.000725 0.0001 0.0001
fuell 0.0003 0.0001 0.0005 0.00015
halfyear 5e-05 2.5e-05 0.000825 0.00015
sneak 0.000225 0.0002 7.5e-05 0.00055
minimum 0.0002 0.000225 0.00045 0.000175
retief 2.5e-05 0.000975 2.5e-05 2.5e-05
widerang 0.00035 5e-05 0.00035 0.0003
stamford 0.0001 0.000725 0.0002 2.5e-05
chennai 0.0002 0.000675 2.5e-05 0.00015
91 0.000125 0.00055 0.000325 5e-05
betti 0.0001 0.00085 7.5e-05 2.5e-05
ratif 0.00065 5e-05 7.5e-05 0.000275
bucharest 0.000775 0.0002 5e-05 2.5e-05
void 0.000175 0.000525 0.00025 0.0001
asean 0.000875 2.5e-05 0.000125 2.5e-05
lago 0.0009 5e-05 7.5e-05 2.5e-05
cana 0.00015 0.00085 2.5e-05 2.5e-05
trinidad 0.000225 0.000725 5e-05 5e-05
barroso 0.000975 2.5e-05 2.5e-05 2.5e-05
reactor 0.000675 2.5e-05 5e-05 0.000275
terdiman 2.5e-05 2.5e-05 0.0001 0.000875
refug 0.000475 0.0001 0.000125 0.000325
stellar 2.5e-05 0.0006 7.5e-05 0.000325
wet 0.0001 0.0004 0.00025 0.000275
circumst 0.000275 0.0003 0.000175 0.000275
jacob 0.000175 0.000375 0.000125 0.00035
xray 0.000175 0.000275 7.5e-05 0.0005
mirror 0.0001 0.00035 0.0002 0.000375
juic 2.5e-05 5e-05 0.000775 0.000175
viagra 7.5e-05 2.5e-05 0.000275 0.00065
ms 0.00025 0.000175 0.000225 0.000375
goog 5e-05 2.5e-05 0.0002 0.00075
flatpanel 2.5e-05 2.5e-05 0.000125 0.00085
adword 2.5e-05 2.5e-05 5e-05 0.000925
monument 0.000725 0.0001 5e-05 0.00015
warravag 0.00095 2.5e-05 2.5e-05 2.5e-05
anybodi 5e-05 0.000475 7.5e-05 0.000425
skyrocket 0.0003 2.5e-05 0.00055 0.00015
dunn 5e-05 0.00045 0.0001 0.000425
usher 0.000475 0.00015 0.000225 0.000175
toughest 0.00015 0.000525 0.000125 0.000225
100meter 0.00025 0.000725 2.5e-05 2.5e-05
enorm 0.000325 0.00015 0.0002 0.00035
pipe 0.00015 0.0001 0.0002 0.000575
chronic 0.00025 0.0001 0.0003 0.000375
steadili 0.000175 0.00015 0.00045 0.00025
breez 0.0001 0.000675 7.5e-05 0.000175
twomonth 0.0002 0.000175 0.000475 0.000175
rebellion 0.0009 2.5e-05 5e-05 5e-05
somewher 0.000125 0.000425 0.000175 0.0003
rust 2.5e-05 0.0002 0.000675 0.000125
rumour 0.000225 0.000275 0.0003 0.000225
bread 0.000125 2.5e-05 0.00065 0.000225
12000 0.000225 7.5e-05 0.0006 0.000125
evan 0.000175 0.000225 0.000275 0.00035
taunt 0.000125 0.0007 0.0001 0.0001
tx 2.5e-05 0.00095 2.5e-05 2.5e-05
vincent 0.00015 0.000575 0.00015 0.00015
vanish 0.0003 0.00015 0.0001 0.000475
bust 0.00015 0.000275 0.00025 0.00035
nathan 5e-05 0.000525 0.00035 0.0001
elabor 0.000325 0.000175 0.0001 0.000425
edgar 7.5e-05 0.0008 5e-05 0.0001
twickenham 0.0001 0.000875 2.5e-05 2.5e-05
akron 5e-05 0.0009 5e-05 2.5e-05
dial 2.5e-05 7.5e-05 0.000275 0.00065
uproot 0.000875 2.5e-05 5e-05 7.5e-05
ration 0.0002 0.000175 0.0001 0.00055
vieira 0.00015 0.000825 2.5e-05 2.5e-05
entrylevel 2.5e-05 7.5e-05 0.000125 0.0008
northrop 2.5e-05 2.5e-05 0.000375 0.0006
450 0.00015 0.0001 0.0006 0.000175
romp 0.0001 0.0008 2.5e-05 0.0001
guerrero 2.5e-05 0.00095 2.5e-05 2.5e-05
decept 0.000175 0.000175 0.000475 0.0002
leaderboard 2.5e-05 0.00095 2.5e-05 2.5e-05
dillon 5e-05 0.0009 5e-05 2.5e-05
leverag 0.0001 5e-05 0.00025 0.000625
intact 0.0001 0.000275 0.000175 0.000475
conferenc 2.5e-05 2.5e-05 0.0001 0.000875
fundrais 0.0005 7.5e-05 0.00035 0.0001
jiang 0.00095 2.5e-05 2.5e-05 2.5e-05
136 7.5e-05 0.0002 0.000625 0.000125
bowden 5e-05 0.000925 2.5e-05 2.5e-05
lifetim 0.000275 0.000225 0.000275 0.00025
proven 0.0002 0.000225 0.0004 0.0002
feud 0.000225 0.000325 0.0004 7.5e-05
uni 0.0006 0.000225 0.000125 7.5e-05
harar 0.00065 0.000325 2.5e-05 2.5e-05
gloria 0.000525 2.5e-05 0.00045 2.5e-05
wildcat 5e-05 0.0008 0.00015 2.5e-05
defer 0.000125 0.0001 0.000575 0.000225
skid 0.00015 0.0004 0.000425 5e-05
distil 2.5e-05 0.0002 0.000775 2.5e-05
1986 0.000225 0.0005 0.0002 0.0001
1918 5e-05 0.000825 5e-05 0.0001
pummel 0.0005 0.0003 0.000125 0.0001
bahama 0.00065 0.000275 2.5e-05 7.5e-05
jihad 0.0009 2.5e-05 2.5e-05 7.5e-05
wannstedt 2.5e-05 0.00095 2.5e-05 2.5e-05
tripoli 0.000825 2.5e-05 0.000125 5e-05
unconstitut 0.00035 2.5e-05 0.000325 0.000325
fein 0.00095 2.5e-05 2.5e-05 2.5e-05
karl 0.00015 0.00045 0.00035 7.5e-05
headscarv 0.00095 2.5e-05 2.5e-05 2.5e-05
wari 0.0002 7.5e-05 0.000525 0.000225
waltham 2.5e-05 0.000475 0.000375 0.00015
bp 0.000125 7.5e-05 0.00075 7.5e-05
pure 0.00025 0.000325 0.00015 0.0003
mystic 0.00025 0.000675 2.5e-05 7.5e-05
430 7.5e-05 0.000225 0.000525 0.0002
loeb 2.5e-05 0.00095 2.5e-05 2.5e-05
corps 0.0008 2.5e-05 0.0001 0.0001
fleme 7.5e-05 0.00075 0.000125 7.5e-05
coor 0.0001 0.00025 0.00065 2.5e-05
lazio 2.5e-05 0.00095 2.5e-05 2.5e-05
coma 0.0009 5e-05 2.5e-05 5e-05
chassi 0.0001 0.0001 2.5e-05 0.0008
elbaradei 0.00095 2.5e-05 2.5e-05 2.5e-05
rocco 0.00085 0.000125 2.5e-05 2.5e-05
decapit 0.0009 2.5e-05 2.5e-05 7.5e-05
samuel 2.5e-05 0.000775 0.0001 0.000125
laurent 0.00075 0.0001 0.00015 2.5e-05
unarm 0.000925 2.5e-05 2.5e-05 5e-05
orbitz 2.5e-05 2.5e-05 0.000775 0.0002
wentworth 2.5e-05 0.000925 5e-05 2.5e-05
mcgradi 2.5e-05 0.00095 2.5e-05 2.5e-05
filipino 0.000625 2.5e-05 5e-05 0.0003
dialup 2.5e-05 2.5e-05 0.000175 0.000775
rightw 0.00085 7.5e-05 2.5e-05 5e-05
overtak 7.5e-05 0.000525 0.000125 0.000275
healthday 2.5e-05 2.5e-05 2.5e-05 0.000925
cue 7.5e-05 7.5e-05 0.000225 0.000625
ridicul 0.000275 0.0003 0.000125 0.0003
19yearold 0.000275 0.0005 7.5e-05 0.00015
est 0.0001 0.000475 0.000175 0.00025
ideal 0.000125 0.000425 0.00015 0.0003
wrangl 0.00025 0.000325 0.0002 0.000225
katerina 0.000125 0.000825 2.5e-05 2.5e-05
airlift 0.0009 2.5e-05 2.5e-05 5e-05
wva 0.0004 0.00025 0.0003 5e-05
lineman 2.5e-05 0.000925 2.5e-05 2.5e-05
166 0.000425 0.0003 7.5e-05 0.0002
104 5e-05 0.000625 0.000275 5e-05
psycholog 0.0003 0.000125 0.000325 0.00025
gp 5e-05 0.0005 0.000125 0.000325
1600 0.00015 0.000125 0.00015 0.000575
smb 2.5e-05 2.5e-05 0.000125 0.000825
mat 5e-05 0.0007 7.5e-05 0.000175
standalon 2.5e-05 2.5e-05 0.0001 0.00085
recount 0.00055 2.5e-05 5e-05 0.000375
1st 0.00055 0.000275 5e-05 0.000125
ditch 0.00015 5e-05 0.000325 0.000475
overwhelmingli 0.000525 2.5e-05 0.000375 7.5e-05
550 0.000125 0.0001 0.000525 0.00025
interestr 2.5e-05 2.5e-05 0.000925 2.5e-05
proclaim 0.000325 0.0003 0.00015 0.000225
norton 5e-05 0.000475 0.0001 0.000375
lan 2.5e-05 2.5e-05 7.5e-05 0.000875
trinat 7.5e-05 0.000875 2.5e-05 2.5e-05
lakshmi 5e-05 2.5e-05 0.000725 0.0002
webspher 2.5e-05 2.5e-05 0.0001 0.00085
penni 5e-05 0.000125 0.0005 0.000325
halv 0.0001 0.00025 0.000425 0.000225
secondari 0.00015 0.0007 7.5e-05 7.5e-05
wellington 0.000175 0.00015 0.000575 0.0001
hotspot 0.000275 2.5e-05 5e-05 0.00065
guidelin 0.000275 0.0001 0.000125 0.0005
oilproduc 0.000425 2.5e-05 0.000525 2.5e-05
marxist 0.000875 2.5e-05 5e-05 5e-05
vazquez 0.000225 0.000725 2.5e-05 2.5e-05
1aa 2.5e-05 0.000925 2.5e-05 2.5e-05
fiction 0.000175 5e-05 2.5e-05 0.00075
youngest 0.00015 0.0006 5e-05 0.0002
wouldb 0.00045 0.000175 0.00015 0.000225
onslaught 0.0005 0.00015 0.0001 0.00025
selig 7.5e-05 0.000875 2.5e-05 2.5e-05
clive 7.5e-05 0.0008 0.0001 2.5e-05
wakefield 2.5e-05 0.000925 2.5e-05 2.5e-05
disengag 0.000925 2.5e-05 2.5e-05 2.5e-05
bogu 7.5e-05 0.000125 0.00025 0.00055
kean 0.000125 0.0008 5e-05 2.5e-05
jefferson 7.5e-05 0.00065 7.5e-05 0.0002
107 0.000125 0.00055 0.0003 2.5e-05
homecom 0.00015 0.0008 2.5e-05 2.5e-05
bulletin 0.0001 0.0001 0.00015 0.00065
habitat 7.5e-05 2.5e-05 5e-05 0.00085
mccain 0.0005 0.0002 0.0002 0.0001
demolit 0.00055 0.00035 2.5e-05 7.5e-05
speedi 0.000275 0.000225 0.000125 0.000375
offend 0.0004 0.0002 5e-05 0.00035
carson 7.5e-05 0.00085 5e-05 2.5e-05
seeker 0.000625 5e-05 0.000125 0.0002
qaedalink 0.0009 2.5e-05 2.5e-05 5e-05
gunpoint 0.000775 0.00015 2.5e-05 5e-05
16th 0.000175 0.000425 0.00025 0.00015
predat 0.000125 0.0002 0.000175 0.0005
telemarket 5e-05 2.5e-05 0.00065 0.000275
18yearold 0.000275 0.000475 5e-05 0.0002
prolong 0.0003 0.000125 0.0005 7.5e-05
quotin 0.0003 0.000275 0.00025 0.000175
attribut 0.000325 0.000175 0.00025 0.00025
mouth 0.0003 0.000375 0.000125 0.0002
thrive 0.0002 0.000125 0.000125 0.00055
banknorth 2.5e-05 2.5e-05 0.000925 2.5e-05
230 5e-05 0.0003 0.000425 0.000225
plutonium 0.00085 2.5e-05 2.5e-05 0.0001
rhetor 0.00055 5e-05 0.00025 0.00015
mitchel 0.00015 0.000525 0.000225 0.0001
wachovia 2.5e-05 0.000475 0.00045 5e-05
turbul 0.000375 0.000175 0.0002 0.00025
na 0.0001 0.00015 0.0001 0.00065
raleigh 5e-05 0.000525 0.000175 0.00025
lazard 5e-05 2.5e-05 0.0009 2.5e-05
neil 7.5e-05 0.000825 2.5e-05 7.5e-05
telecast 7.5e-05 0.000875 2.5e-05 2.5e-05
erdogan 0.000825 2.5e-05 0.000125 2.5e-05
jiri 5e-05 0.0009 2.5e-05 2.5e-05
buckey 2.5e-05 0.000925 2.5e-05 2.5e-05
autumn 0.000125 0.000425 0.000275 0.000175
850 0.00035 7.5e-05 0.00055 2.5e-05
explicit 7.5e-05 2.5e-05 7.5e-05 0.000825
kumbl 7.5e-05 0.000875 2.5e-05 2.5e-05
quothalo 2.5e-05 2.5e-05 2.5e-05 0.000925
veerappan 0.000925 2.5e-05 2.5e-05 2.5e-05
temper 0.000225 0.0003 0.00035 0.0001
ea 2.5e-05 0.000275 0.0002 0.000475
spoof 7.5e-05 2.5e-05 0.0001 0.000775
balloon 0.00025 7.5e-05 0.000325 0.000325
olympian 7.5e-05 0.000725 0.0001 7.5e-05
enlarg 0.00065 5e-05 0.00015 0.000125
muchanticip 0.000175 0.000125 0.0001 0.000575
minn 0.000125 0.000425 0.000225 0.0002
sing 0.000275 0.000225 0.00025 0.000225
shia 0.0009 2.5e-05 2.5e-05 2.5e-05
jacket 0.000175 0.00045 0.000175 0.000175
ravag 0.000625 5e-05 0.0002 0.0001
procur 0.0001 2.5e-05 0.000275 0.000575
elus 0.00025 0.00025 0.00015 0.000325
homosexu 0.00085 2.5e-05 2.5e-05 7.5e-05
addon 2.5e-05 2.5e-05 2.5e-05 0.0009
withhold 0.000225 5e-05 0.000675 2.5e-05
li 0.000325 0.00015 0.000375 0.000125
nich 5e-05 7.5e-05 0.0002 0.00065
math 0.000125 0.0002 0.0001 0.00055
abdul 0.00085 2.5e-05 5e-05 5e-05
149 0.0001 0.000225 0.000325 0.000325
girlfriend 0.0002 0.0003 7.5e-05 0.0004
genuin 0.0002 0.000275 0.000125 0.000375
pragu 0.000175 0.000675 2.5e-05 0.0001
mittal 7.5e-05 2.5e-05 0.00085 2.5e-05
incurs 0.000825 2.5e-05 5e-05 7.5e-05
backward 0.000125 0.0003 7.5e-05 0.000475
gb 2.5e-05 0.000575 5e-05 0.000325
sway 0.000425 0.00025 0.00025 5e-05
recordset 5e-05 0.000475 0.000275 0.000175
nowher 0.000225 0.0005 0.0001 0.00015
outspoken 0.0005 0.000225 0.000125 0.000125
qatar 0.000375 0.0005 7.5e-05 2.5e-05
pare 0.0001 2.5e-05 0.0006 0.00025
santo 0.0003 0.000525 7.5e-05 7.5e-05
fret 5e-05 0.00015 0.0006 0.000175
loud 0.000425 0.000325 7.5e-05 0.00015
duo 0.00015 0.000575 2.5e-05 0.000225
fertil 0.000225 5e-05 0.0001 0.0006
chaotic 0.00065 0.00015 7.5e-05 0.0001
raini 0.0003 0.000575 7.5e-05 2.5e-05
vener 0.0001 5e-05 0.000325 0.0005
emphat 0.0002 0.000725 2.5e-05 2.5e-05
155 0.000225 0.0003 0.0003 0.00015
occas 0.000275 0.00035 0.000175 0.000175
ghost 0.000325 0.000425 5e-05 0.000175
woodward 7.5e-05 0.000825 2.5e-05 5e-05
appropri 0.000225 0.000375 0.000175 0.0002
induc 2.5e-05 7.5e-05 0.00015 0.000725
transatlant 0.000275 5e-05 0.00055 0.0001
pasadena 2.5e-05 0.000225 2.5e-05 0.0007
soap 0.000175 0.000125 0.000425 0.00025
tata 5e-05 2.5e-05 0.0007 0.0002
stave 5e-05 0.00015 0.000575 0.0002
wane 0.0002 0.0002 0.0005 7.5e-05
sopho 2.5e-05 2.5e-05 2.5e-05 0.0009
grokster 2.5e-05 2.5e-05 0.000175 0.00075
reinstat 0.000125 0.000525 0.000225 0.0001
carmelo 5e-05 0.000875 2.5e-05 2.5e-05
cinema 0.000325 2.5e-05 0.0002 0.000425
kristen 2.5e-05 5e-05 0.000125 0.000775
thedealcom 5e-05 2.5e-05 0.000125 0.000775
khatami 0.000875 2.5e-05 5e-05 2.5e-05
motogp 5e-05 0.000875 2.5e-05 2.5e-05
lehmann 7.5e-05 0.000825 5e-05 2.5e-05
rewrit 0.0002 0.0001 0.000275 0.0004
milton 2.5e-05 0.00085 7.5e-05 2.5e-05
elder 0.000275 0.0003 0.000275 0.000125
credenti 0.0003 0.000325 0.000125 0.000225
shade 0.000175 0.000225 0.000275 0.0003
juliu 2.5e-05 0.000825 0.0001 2.5e-05
gunship 0.0009 2.5e-05 2.5e-05 2.5e-05
doc 2.5e-05 0.0009 2.5e-05 2.5e-05
nois 0.000125 0.000325 7.5e-05 0.00045
mckenzi 2.5e-05 0.000875 5e-05 2.5e-05
bribe 0.0006 2.5e-05 0.000325 2.5e-05
midsess 2.5e-05 2.5e-05 0.0009 2.5e-05
kirk 5e-05 0.0006 0.00025 7.5e-05
garciaparra 2.5e-05 0.0009 2.5e-05 2.5e-05
surplu 0.000225 2.5e-05 0.00065 7.5e-05
istanbul 0.000725 0.000175 2.5e-05 5e-05
dread 0.0003 0.000425 0.0001 0.00015
vick 2.5e-05 0.0009 2.5e-05 2.5e-05
peek 7.5e-05 7.5e-05 0.00015 0.000675
strict 0.0004 0.000175 0.0002 0.0002
biometr 0.0001 2.5e-05 7.5e-05 0.000775
ashcroft 0.000175 2.5e-05 0.000175 0.0006
niger 0.000825 2.5e-05 0.0001 2.5e-05
scholar 0.000325 2.5e-05 0.000125 0.0005
bae 0.000175 2.5e-05 0.0007 7.5e-05
121 7.5e-05 0.000375 0.000225 0.0003
raft 0.0002 5e-05 0.00025 0.000475
ouster 0.000325 0.0001 0.00045 0.0001
arrington 2.5e-05 0.0009 2.5e-05 2.5e-05
caesar 5e-05 7.5e-05 0.000825 2.5e-05
dish 0.000125 0.0002 0.000125 0.000525
265 7.5e-05 0.00015 0.0007 5e-05
510 2.5e-05 0.000675 0.000125 0.00015
tatiana 2.5e-05 0.0009 2.5e-05 2.5e-05
heaven 0.00015 0.0002 5e-05 0.000575
tayyip 0.0008 2.5e-05 0.000125 2.5e-05
novak 2.5e-05 0.0009 2.5e-05 2.5e-05
bloodiest 0.000875 2.5e-05 5e-05 2.5e-05
bcci 5e-05 0.000875 2.5e-05 2.5e-05
bashir 0.00085 7.5e-05 2.5e-05 2.5e-05
literatur 0.00035 5e-05 0.000175 0.0004
genel 2.5e-05 2.5e-05 0.000125 0.0008
taba 0.0009 2.5e-05 2.5e-05 2.5e-05
halloween 0.00015 0.000175 0.0002 0.00045
marketwatch 2.5e-05 2.5e-05 0.00085 7.5e-05
someday 5e-05 0.00035 0.0001 0.00045
spray 0.000125 0.00015 0.0004 0.000275
unfortun 5e-05 0.0004 0.000125 0.000375
adequ 0.0001 0.0001 0.000475 0.000275
proper 0.000225 0.000225 0.00015 0.00035
max 2.5e-05 0.000725 2.5e-05 0.000175
propuls 2.5e-05 2.5e-05 5e-05 0.00085
remnant 0.00035 0.0002 0.0002 0.0002
diabet 0.000225 2.5e-05 0.000175 0.000525
heir 0.000675 7.5e-05 0.00015 5e-05
outdoor 0.000425 0.000175 0.0001 0.00025
firework 0.0004 0.0004 7.5e-05 7.5e-05
arteri 0.000225 7.5e-05 0.0003 0.00035
nutrit 2.5e-05 0.0001 0.00035 0.000475
prey 0.000175 0.00015 0.0001 0.000525
midmorn 0.0001 2.5e-05 0.000775 5e-05
beg 0.00055 0.00015 5e-05 0.0002
ethiopia 0.0007 0.00015 2.5e-05 7.5e-05
nascent 0.00025 2.5e-05 0.000225 0.00045
welfar 0.000475 5e-05 0.0003 0.000125
uganda 0.000775 2.5e-05 2.5e-05 0.000125
daylight 0.000525 7.5e-05 0.0001 0.00025
infam 0.000225 0.000325 0.0001 0.0003
digest 0.000175 7.5e-05 0.00045 0.00025
lankan 0.0006 0.000275 2.5e-05 5e-05
downer 0.000825 2.5e-05 5e-05 5e-05
irrit 0.00015 0.000325 0.0001 0.000375
victoria 0.000325 0.00035 0.0002 7.5e-05
bang 7.5e-05 0.0003 5e-05 0.000525
legislatur 0.00065 2.5e-05 0.0002 7.5e-05
unnam 0.000175 7.5e-05 0.000475 0.000225
slogan 0.00035 0.0002 0.00015 0.00025
largescal 0.000475 2.5e-05 0.000125 0.000325
imperi 0.00025 7.5e-05 0.000375 0.00025
crusad 0.000375 0.000125 0.000225 0.000225
brook 0.0001 0.0006 0.000125 0.000125
riski 0.00025 0.0001 0.00025 0.00035
quotno 0.000425 0.0002 0.000225 0.0001
cardiovascular 5e-05 2.5e-05 0.000775 0.0001
misconduct 0.0002 0.000325 0.0004 2.5e-05
garner 0.000275 0.00035 0.000125 0.0002
interpret 0.0004 0.0001 0.000225 0.000225
suitor 7.5e-05 0.000175 0.000575 0.000125
wbc 5e-05 0.00085 2.5e-05 2.5e-05
gunbattl 0.000875 2.5e-05 2.5e-05 2.5e-05
106 0.000125 0.000225 0.000325 0.000275
aer 0.00075 2.5e-05 0.00015 2.5e-05
maiden 0.0002 0.0005 7.5e-05 0.000175
multimillion 0.0002 0.000125 0.000425 0.0002
mysql 2.5e-05 2.5e-05 2.5e-05 0.000875
apach 5e-05 2.5e-05 7.5e-05 0.0008
retriev 0.000225 7.5e-05 0.0001 0.00055
funni 7.5e-05 0.000475 0.0001 0.0003
flex 0.0001 0.00015 0.000125 0.000575
feloni 5e-05 5e-05 0.000175 0.000675
730 5e-05 0.00085 2.5e-05 2.5e-05
advisor 0.0002 7.5e-05 0.000625 5e-05
weari 0.000425 0.000375 0.000125 2.5e-05
zemin 0.000875 2.5e-05 2.5e-05 2.5e-05
banco 0.00015 2.5e-05 0.00075 2.5e-05
intrigu 0.0001 0.000325 0.0002 0.000325
ftcom 5e-05 2.5e-05 2.5e-05 0.00085
certifi 0.000125 7.5e-05 0.000175 0.000575
grass 7.5e-05 0.0004 0.000175 0.0003
secondseed 2.5e-05 0.000875 2.5e-05 2.5e-05
340 0.00015 0.000225 0.000475 0.0001
ont 0.000125 0.0002 0.000425 0.0002
bori 0.00055 0.000325 5e-05 2.5e-05
burial 0.00075 2.5e-05 2.5e-05 0.00015
ronald 0.000175 0.000525 0.000175 7.5e-05
flybi 5e-05 2.5e-05 2.5e-05 0.00085
ukbas 0.0001 5e-05 0.000375 0.000425
concuss 5e-05 0.00085 2.5e-05 2.5e-05
brighten 7.5e-05 0.0001 0.0007 7.5e-05
sevenmonth 2.5e-05 0.0002 0.00065 7.5e-05
tesco 2.5e-05 2.5e-05 0.000375 0.000525
no1 5e-05 0.00075 0.000125 2.5e-05
brake 0.00015 0.0001 0.000475 0.000225
releg 0.000125 0.000675 5e-05 0.0001
swede 0.0001 0.000775 5e-05 2.5e-05
underdog 5e-05 0.000575 0.0001 0.000225
180 0.000175 0.000275 0.000325 0.000175
silva 0.0005 0.0003 0.0001 5e-05
netwar 2.5e-05 2.5e-05 0.0002 0.0007
210 7.5e-05 0.0004 0.0004 7.5e-05
thinkpad 2.5e-05 2.5e-05 5e-05 0.00085
bulldog 2.5e-05 0.000875 2.5e-05 2.5e-05
morrison 5e-05 0.000225 0.000625 5e-05
byron 5e-05 0.000825 2.5e-05 5e-05
coventri 7.5e-05 5e-05 0.000775 5e-05
taj 0.00075 0.00015 2.5e-05 2.5e-05
buckingham 0.0008 7.5e-05 2.5e-05 5e-05
nalbandian 2.5e-05 0.000875 2.5e-05 2.5e-05
kettl 2.5e-05 2.5e-05 0.000875 2.5e-05
funai 2.5e-05 0.000875 2.5e-05 2.5e-05
feb 0.00015 0.000325 0.0003 0.00015
parker 0.0001 0.000525 0.000125 0.000175
vari 0.000125 0.000175 0.0001 0.000525
miseri 0.0002 0.0006 5e-05 7.5e-05
aerial 0.000325 0.000125 0.00015 0.000325
yourself 5e-05 0.000175 7.5e-05 0.000625
mogul 2.5e-05 7.5e-05 0.000675 0.00015
multin 0.000525 2.5e-05 0.00015 0.000225
bolt 0.000175 0.0004 0.000175 0.000175
firstplac 7.5e-05 0.0008 2.5e-05 2.5e-05
curti 2.5e-05 0.000825 2.5e-05 5e-05
clog 0.000175 2.5e-05 0.000125 0.0006
wisdom 0.000125 0.000425 0.000175 0.0002
iverson 0.0001 0.000775 2.5e-05 2.5e-05
soul 0.000175 0.000425 0.000125 0.0002
ubiquit 5e-05 7.5e-05 7.5e-05 0.000725
toler 0.000425 0.000225 0.0001 0.000175
methan 0.00015 2.5e-05 7.5e-05 0.000675
twenti 0.000175 0.000275 0.0001 0.000375
revolt 0.00065 7.5e-05 7.5e-05 0.000125
grievanc 0.000225 0.00065 2.5e-05 2.5e-05
133 7.5e-05 0.0003 0.00025 0.0003
background 0.0002 0.00015 0.000225 0.00035
361 0.0002 0.000125 0.000175 0.000425
outweigh 0.0001 5e-05 0.00065 0.000125
diminish 0.000125 0.000125 0.000475 0.0002
greatli 0.0002 0.0002 0.0002 0.000325
alicia 0.00015 0.000675 2.5e-05 7.5e-05
power5 2.5e-05 2.5e-05 0.0001 0.000775
10yearold 0.0004 2.5e-05 7.5e-05 0.000425
radioact 0.00065 2.5e-05 0.0001 0.00015
curtain 0.000175 0.000425 5e-05 0.000275
impoverish 0.000775 5e-05 5e-05 5e-05
leander 7.5e-05 0.000175 0.0001 0.000575
prefectur 0.00075 5e-05 7.5e-05 5e-05
bonu 7.5e-05 0.000325 0.00035 0.000175
grappl 0.000225 5e-05 0.000375 0.000275
verbal 0.0001 0.0005 0.00025 7.5e-05
lao 0.00075 5e-05 7.5e-05 5e-05
anticompetit 2.5e-05 2.5e-05 0.000575 0.0003
everett 2.5e-05 0.00075 7.5e-05 7.5e-05
weeklong 0.000525 0.000125 0.000225 5e-05
brisk 5e-05 5e-05 0.000625 0.0002
kyodo 0.000525 7.5e-05 0.000125 0.0002
hed 0.000175 0.000625 2.5e-05 0.0001
tee 2.5e-05 0.00085 2.5e-05 2.5e-05
improb 0.000125 0.000575 0.0001 0.000125
nail 0.000125 0.000525 0.0001 0.000175
subway 0.00045 0.000325 7.5e-05 7.5e-05
conquer 5e-05 0.00035 7.5e-05 0.00045
specialti 2.5e-05 2.5e-05 0.000725 0.00015
timet 0.00035 0.0001 0.0002 0.000275
burgeon 5e-05 7.5e-05 0.00035 0.00045
24hour 0.000375 0.00015 0.000225 0.000175
inact 0.0001 0.0007 7.5e-05 5e-05
hartford 2.5e-05 0.000325 0.000475 0.0001
yang 0.0001 0.00075 2.5e-05 5e-05
dire 0.00035 0.00015 0.00025 0.000175
marino 2.5e-05 0.00085 2.5e-05 2.5e-05
anxiou 0.0003 0.000175 0.000225 0.000225
1100 0.00025 2.5e-05 0.000575 7.5e-05
scout 7.5e-05 0.000625 2.5e-05 0.0002
satisfact 0.0001 0.000175 0.000325 0.000325
mercenari 0.000825 5e-05 2.5e-05 2.5e-05
bike 7.5e-05 0.0006 0.000175 7.5e-05
nudg 0.000175 5e-05 0.000575 0.000125
mpaa 2.5e-05 2.5e-05 2.5e-05 0.00085
thrust 0.000475 0.000125 0.000125 0.0002
goodby 0.00015 0.000325 0.00015 0.0003
patienc 0.00025 0.0004 7.5e-05 0.0002
havoc 0.00025 0.000125 0.000125 0.000425
safeway 5e-05 0.000275 0.000575 2.5e-05
drunken 0.000175 0.00065 2.5e-05 7.5e-05
oneshot 5e-05 0.000825 2.5e-05 2.5e-05
scorer 2.5e-05 0.00085 2.5e-05 2.5e-05
repurchas 2.5e-05 2.5e-05 0.00075 0.000125
marijuana 0.000325 0.00045 7.5e-05 7.5e-05
matsushita 2.5e-05 2.5e-05 0.0002 0.000675
farreach 0.0003 7.5e-05 0.000325 0.000225
temp 0.000125 0.000625 0.000125 5e-05
cosmonaut 0.0001 2.5e-05 5e-05 0.00075
marriott 0.000475 0.0001 0.000325 2.5e-05
saban 2.5e-05 0.000825 5e-05 2.5e-05
georgetown 5e-05 0.000425 0.0004 5e-05
386 0.000425 0.0003 5e-05 0.00015
thaw 0.000225 5e-05 5e-05 0.0006
keegan 5e-05 0.000825 2.5e-05 2.5e-05
paisley 0.000825 5e-05 2.5e-05 2.5e-05
villeneuv 2.5e-05 0.00085 2.5e-05 2.5e-05
bettman 2.5e-05 0.00085 2.5e-05 2.5e-05
louis 7.5e-05 0.00065 5e-05 0.00015
minaya 2.5e-05 0.00085 2.5e-05 2.5e-05
martinsvil 2.5e-05 0.00085 2.5e-05 2.5e-05
candi 0.0002 0.000125 0.000475 0.000125
pixar 2.5e-05 2.5e-05 0.000725 0.00015
dwindl 2.5e-05 0.0001 0.0003 0.000475
playboy 2.5e-05 5e-05 0.00035 0.000475
dazzl 0.00015 0.00055 0.000125 7.5e-05
kenni 5e-05 0.000725 7.5e-05 5e-05
reconsid 0.00025 0.0002 0.00015 0.0003
shorten 5e-05 0.000375 0.0003 0.000175
ofcom 2.5e-05 2.5e-05 0.000175 0.000675
resel 2.5e-05 2.5e-05 5e-05 0.0008
therapi 0.0001 5e-05 0.000325 0.000425
relev 0.000175 7.5e-05 7.5e-05 0.000575
annoy 0.0001 0.000125 0.0002 0.000475
stark 0.000325 0.000275 0.00015 0.00015
redhot 2.5e-05 0.000575 0.000275 2.5e-05
whistl 0.000225 0.0004 7.5e-05 0.0002
quadrupl 0.0001 0.00015 0.000475 0.000175
rampag 0.00075 5e-05 5e-05 5e-05
pilgrim 0.00055 2.5e-05 0.00025 7.5e-05
98 7.5e-05 0.000475 0.000125 0.000225
alpin 0.0002 0.00045 2.5e-05 0.000225
upscal 0.0003 2.5e-05 0.0005 7.5e-05
endless 0.000175 0.000175 0.00015 0.0004
lisa 0.0002 0.00045 7.5e-05 0.000175
sacr 0.000475 0.0002 7.5e-05 0.00015
tarnish 0.00025 0.0003 0.00025 0.0001
bloodsh 0.000825 2.5e-05 2.5e-05 2.5e-05
antipiraci 2.5e-05 2.5e-05 0.00035 0.0005
sybas 2.5e-05 2.5e-05 2.5e-05 0.000825
tshirt 0.0002 0.000425 7.5e-05 0.0002
lastditch 0.00035 0.000175 0.00035 2.5e-05
umpir 5e-05 0.0008 2.5e-05 2.5e-05
dougla 7.5e-05 0.000375 0.0003 0.00015
sweat 7.5e-05 0.000475 0.0001 0.00025
fleetboston 2.5e-05 2.5e-05 0.000825 2.5e-05
ignit 0.0002 0.000275 0.000175 0.00025
ferrero 7.5e-05 0.000775 2.5e-05 2.5e-05
supplement 7.5e-05 0.0003 0.0001 0.000425
exempt 0.0003 0.0001 0.000275 0.000225
arch 0.00025 0.00035 0.000275 2.5e-05
8000 0.0005 2.5e-05 0.0003 7.5e-05
melvin 0.0001 0.00075 2.5e-05 2.5e-05
whip 0.00035 0.000275 0.0001 0.000175
premarket 2.5e-05 2.5e-05 0.000775 7.5e-05
rs 7.5e-05 5e-05 0.000625 0.00015
stefan 0.0001 0.0007 5e-05 5e-05
hardfought 0.000375 0.00045 5e-05 2.5e-05
phrase 0.00015 0.0003 0.0001 0.00035
percept 0.000325 0.0003 0.00015 0.000125
dare 0.0002 0.00025 0.000225 0.000225
moodi 2.5e-05 0.000275 0.00055 5e-05
capitalist 2.5e-05 2.5e-05 0.0003 0.00055
jewel 0.000175 0.0001 0.0004 0.000225
gerald 0.000125 0.0004 0.000325 5e-05
iceland 0.0003 0.000125 0.0002 0.000275
lincoln 0.00015 0.0005 0.0001 0.00015
167 7.5e-05 0.000275 0.000425 0.000125
random 0.000225 0.0002 0.000175 0.0003
gill 7.5e-05 0.0007 5e-05 7.5e-05
glaxosmithklin 5e-05 2.5e-05 0.000775 5e-05
sprawl 0.000525 7.5e-05 5e-05 0.00025
dixon 5e-05 0.00025 0.000225 0.000375
300000 0.000225 0.000175 0.00035 0.00015
pig 0.000575 2.5e-05 5e-05 0.00025
msfto 2.5e-05 2.5e-05 0.000275 0.000575
gainesvil 0.0001 0.00075 2.5e-05 2.5e-05
chronicl 0.000125 0.000475 0.000125 0.000175
bangladeshi 0.000775 5e-05 5e-05 2.5e-05
spoken 0.000275 0.000175 5e-05 0.0004
sarah 0.0002 0.000575 2.5e-05 0.0001
170 0.0003 0.000375 0.0002 2.5e-05
scenario 0.000125 0.00045 0.000125 0.0002
hampton 2.5e-05 0.0008 2.5e-05 5e-05
amman 0.000825 2.5e-05 2.5e-05 2.5e-05
flower 0.000225 0.0001 0.0001 0.000475
payout 2.5e-05 5e-05 0.00055 0.000275
nomar 2.5e-05 0.000825 2.5e-05 2.5e-05
1960 0.0002 0.00035 2.5e-05 0.000325
ajax 2.5e-05 0.00075 0.0001 2.5e-05
unharm 0.00075 5e-05 2.5e-05 7.5e-05
heinz 0.00015 0.0004 0.000325 2.5e-05
greenback 5e-05 2.5e-05 0.0008 2.5e-05
gloomi 0.00035 0.00015 0.000325 7.5e-05
suntrust 2.5e-05 2.5e-05 0.0008 5e-05
rochest 2.5e-05 0.0002 0.00035 0.000325
sleek 7.5e-05 2.5e-05 0.00015 0.00065
hood 0.000425 5e-05 0.000125 0.0003
brag 5e-05 0.0003 0.000225 0.000325
gamewin 5e-05 0.000725 2.5e-05 0.0001
pardon 0.0007 7.5e-05 2.5e-05 0.0001
joel 0.00015 0.000475 5e-05 0.000225
dakota 0.000225 7.5e-05 0.000425 0.000175
verisign 2.5e-05 2.5e-05 0.000125 0.000725
icann 2.5e-05 2.5e-05 7.5e-05 0.000775
afx 5e-05 2.5e-05 0.000575 0.00025
commonwealth 0.000325 0.0002 0.00025 0.000125
cambodian 0.000825 2.5e-05 2.5e-05 2.5e-05
proud 0.0002 0.0004 0.000125 0.000175
nebraska 5e-05 0.0007 0.0001 5e-05
testfir 0.00075 2.5e-05 7.5e-05 5e-05
eugen 0.0004 0.000125 0.000225 0.00015
kirkuk 0.000825 2.5e-05 2.5e-05 2.5e-05
luca 7.5e-05 0.0006 0.0001 0.000125
byrd 0.0001 0.000625 0.00015 2.5e-05
pdf 2.5e-05 5e-05 7.5e-05 0.00075
quinn 0.00015 0.0007 2.5e-05 2.5e-05
triangl 0.0005 0.0001 0.0001 0.0002
homemad 0.000675 7.5e-05 5e-05 0.0001
tyco 2.5e-05 2.5e-05 0.0008 5e-05
gilchrist 5e-05 0.0008 2.5e-05 2.5e-05
valv 7.5e-05 2.5e-05 0.000125 0.000675
regiment 0.000825 2.5e-05 2.5e-05 2.5e-05
rosenborg 7.5e-05 0.000775 2.5e-05 2.5e-05
molson 2.5e-05 7.5e-05 0.000775 2.5e-05
254 7.5e-05 0.0004 0.0003 0.000125
aggrav 0.000125 0.0007 5e-05 2.5e-05
buttiglion 0.000825 2.5e-05 2.5e-05 2.5e-05
imod 7.5e-05 2.5e-05 5e-05 0.00075
broadli 0.00015 2.5e-05 0.000375 0.000325
geek 2.5e-05 2.5e-05 0.000175 0.00065
rex 2.5e-05 0.000475 2.5e-05 0.00035
pet 0.000225 5e-05 0.00025 0.00035
onboard 0.000125 2.5e-05 0.00015 0.000575
eject 7.5e-05 0.00065 5e-05 0.0001
inbox 5e-05 2.5e-05 5e-05 0.00075
strive 0.000225 0.000125 0.0003 0.000225
ietf 2.5e-05 2.5e-05 2.5e-05 0.0008
trounc 2.5e-05 0.0007 0.0001 5e-05
400meter 0.00025 0.000575 2.5e-05 2.5e-05
enthusiasm 0.0002 0.000125 0.000425 0.000125
unseed 2.5e-05 0.0008 2.5e-05 2.5e-05
shuffl 0.0002 0.000225 0.000375 7.5e-05
holdout 0.0001 0.00065 0.0001 2.5e-05
contentguard 2.5e-05 2.5e-05 0.00045 0.000375
injunct 0.00015 5e-05 0.00035 0.000325
citizenship 0.0007 2.5e-05 5e-05 0.0001
sharper 0.000125 0.000225 0.00015 0.000375
geico 2.5e-05 2.5e-05 0.00055 0.000275
migrant 0.000675 2.5e-05 7.5e-05 0.0001
shun 0.000225 0.0001 0.00025 0.0003
finck 5e-05 2.5e-05 2.5e-05 0.000775
farewel 0.000425 0.000325 2.5e-05 0.0001
drum 0.00015 0.000175 0.0001 0.00045
eightmonth 0.000125 0.0002 0.000525 2.5e-05
undercut 0.0003 2.5e-05 0.00035 0.0002
chiron 0.000125 2.5e-05 0.00065 7.5e-05
aussi 5e-05 0.00075 2.5e-05 5e-05
outpac 0.00015 2.5e-05 0.000425 0.000275
londonbas 0.0003 2.5e-05 0.000275 0.000275
halfcenturi 0.000375 0.0003 5e-05 0.00015
charm 0.000125 0.000325 0.0002 0.000225
terribl 0.00015 0.000475 7.5e-05 0.000175
resumpt 0.00065 5e-05 7.5e-05 0.0001
stump 0.000175 0.000425 7.5e-05 0.0002
racket 0.00015 0.000225 0.000425 7.5e-05
keen 0.000225 0.000425 7.5e-05 0.00015
hamburg 0.00025 0.0003 0.0002 0.000125
francona 2.5e-05 0.0008 2.5e-05 2.5e-05
dugout 2.5e-05 0.0008 2.5e-05 2.5e-05
prostitut 0.00045 0.0003 2.5e-05 0.0001
ministeri 0.000475 2.5e-05 0.000275 0.0001
hrefhttpwwwinvestorreuterscomfullquoteaspxtickerintco 2.5e-05 2.5e-05 0.0008 2.5e-05
targetstocksquickinfofullquotegtintcoltagt 2.5e-05 2.5e-05 0.0008 2.5e-05
marco 5e-05 0.000775 2.5e-05 2.5e-05
thirdround 2.5e-05 0.0008 2.5e-05 2.5e-05
equestrian 0.0001 0.000725 2.5e-05 2.5e-05
zimbabwean 0.000525 0.00025 5e-05 5e-05
bath 0.000175 0.000175 0.000225 0.0003
reid 0.00025 0.000575 2.5e-05 2.5e-05
acclaim 0.00015 0.000125 5e-05 0.00055
bombay 0.000375 0.000275 0.0001 0.000125
repli 0.0003 0.000375 5e-05 0.00015
rode 0.000175 0.0005 0.00015 5e-05
grocer 2.5e-05 2.5e-05 0.0008 2.5e-05
28000 7.5e-05 2.5e-05 7.5e-05 0.0007
spacewalk 7.5e-05 2.5e-05 2.5e-05 0.00075
wealthi 0.000275 5e-05 0.0004 0.00015
salmon 0.000125 0.0002 0.0001 0.00045
moohyun 0.00075 2.5e-05 7.5e-05 2.5e-05
massu 5e-05 0.000775 2.5e-05 2.5e-05
serbia 0.000525 0.000175 7.5e-05 0.0001
119 2.5e-05 0.0006 0.0002 5e-05
diva 7.5e-05 0.000575 0.000175 5e-05
mom 7.5e-05 0.00015 7.5e-05 0.000575
hog 5e-05 5e-05 0.0007 7.5e-05
lightweight 5e-05 0.000525 5e-05 0.00025
grower 0.00045 2.5e-05 0.000275 0.000125
liquor 0.000175 0.0002 0.00045 5e-05
infield 2.5e-05 0.0008 2.5e-05 2.5e-05
newer 7.5e-05 2.5e-05 0.000325 0.00045
counterterror 0.000725 2.5e-05 2.5e-05 0.0001
2017 5e-05 0.000725 5e-05 5e-05
boon 5e-05 0.00045 0.00015 0.000225
hinder 0.0002 0.000175 0.000225 0.000275
foothold 2.5e-05 5e-05 0.000525 0.000275
somalia 0.0008 2.5e-05 2.5e-05 2.5e-05
alqaidalink 0.0008 2.5e-05 2.5e-05 2.5e-05
177 0.000175 0.00035 0.000325 2.5e-05
mull 0.000175 0.000125 0.000325 0.00025
engulf 0.0006 0.00015 0.0001 2.5e-05
unfold 0.0004 0.00025 7.5e-05 0.00015
thunder 0.000275 0.000325 0.0001 0.000175
singleseason 2.5e-05 0.0008 2.5e-05 2.5e-05
glau 2.5e-05 0.0008 2.5e-05 2.5e-05
anthem 0.0001 0.000225 0.0005 5e-05
sedan 5e-05 5e-05 0.000625 0.00015
sunnyval 2.5e-05 2.5e-05 0.000125 0.0007
barg 0.0001 5e-05 0.000675 5e-05
weblog 2.5e-05 2.5e-05 7.5e-05 0.00075
nickel 5e-05 0.0001 0.000625 0.0001
curfew 0.000725 5e-05 2.5e-05 7.5e-05
registri 0.0001 5e-05 0.000375 0.00035
prnewswirefirstcal 2.5e-05 2.5e-05 0.000425 0.0004
indigen 0.0005 2.5e-05 5e-05 0.0003
sooth 0.0001 0.00015 0.0005 0.000125
scoreless 0.000125 0.000675 2.5e-05 5e-05
largerthanexpect 2.5e-05 2.5e-05 0.000775 5e-05
realm 5e-05 7.5e-05 0.00015 0.0006
porter 0.0005 0.000325 2.5e-05 2.5e-05
pepsico 2.5e-05 2.5e-05 0.0008 2.5e-05
leed 0.0003 0.0005 2.5e-05 5e-05
plo 0.0008 2.5e-05 2.5e-05 2.5e-05
disagre 0.0003 0.000125 0.0002 0.00025
taint 0.00035 0.0002 0.0002 0.000125
ondemand 2.5e-05 2.5e-05 0.0001 0.000725
hank 0.000125 0.000675 5e-05 2.5e-05
rogg 0.0001 0.000725 2.5e-05 2.5e-05
di 5e-05 0.000325 0.000275 0.000225
denial 0.00025 0.000125 0.000125 0.000375
bovina 2.5e-05 0.0008 2.5e-05 2.5e-05
applaud 0.000325 0.000175 0.0001 0.000275
rematch 0.000175 0.00065 2.5e-05 2.5e-05
mcdowel 7.5e-05 0.000725 2.5e-05 5e-05
hotspur 2.5e-05 0.0008 2.5e-05 2.5e-05
albion 2.5e-05 0.0008 2.5e-05 2.5e-05
recognis 0.0004 7.5e-05 0.00015 0.00025
multicor 2.5e-05 2.5e-05 2.5e-05 0.0008
lieber 0.000175 0.00065 2.5e-05 2.5e-05
makeshift 0.0006 0.0002 2.5e-05 5e-05
ecuador 0.00025 0.000325 5e-05 0.00025
lava 2.5e-05 2.5e-05 2.5e-05 0.0008
brighton 0.00065 0.0001 7.5e-05 5e-05
claudio 2.5e-05 0.0008 2.5e-05 2.5e-05
backman 2.5e-05 0.0008 2.5e-05 2.5e-05
autonomi 0.000725 7.5e-05 5e-05 2.5e-05
culpepp 5e-05 0.000775 2.5e-05 2.5e-05
hsbc 0.000125 0.000375 0.000275 0.0001
phnom 0.0008 2.5e-05 2.5e-05 2.5e-05
penh 0.0008 2.5e-05 2.5e-05 2.5e-05
gbagbo 0.0008 2.5e-05 2.5e-05 2.5e-05
abdic 0.0008 2.5e-05 2.5e-05 2.5e-05
shrimp 7.5e-05 2.5e-05 0.000675 0.0001
xstrata 2.5e-05 2.5e-05 0.0008 2.5e-05
dispers 0.000425 0.00015 5e-05 0.000225
sierra 0.00035 0.000175 5e-05 0.000275
protein 0.00015 5e-05 7.5e-05 0.000575
240 0.00015 0.0003 0.000275 0.000125
scour 0.0003 7.5e-05 5e-05 0.000425
propon 7.5e-05 0.0001 0.0001 0.000575
microscop 7.5e-05 2.5e-05 5e-05 0.0007
thorp 0.0003 0.0005 2.5e-05 2.5e-05
strait 0.00045 0.000225 5e-05 0.000125
jarno 2.5e-05 0.000775 2.5e-05 2.5e-05
dispel 0.0005 0.0001 0.000175 7.5e-05
wore 0.000275 0.000475 7.5e-05 2.5e-05
145 0.00015 0.0002 0.000325 0.000175
reignit 0.000225 0.000175 0.00025 0.0002
stoppag 0.0001 0.000375 0.00035 2.5e-05
assumpt 7.5e-05 0.000225 0.00045 0.0001
swiftli 0.0005 0.0001 0.000125 0.000125
backpack 0.000525 0.000175 7.5e-05 7.5e-05
fourtim 0.000125 0.000675 2.5e-05 2.5e-05
porsch 7.5e-05 0.00065 0.0001 2.5e-05
fantasi 0.0001 0.000375 0.000125 0.00025
headtohead 0.00015 0.000225 0.0002 0.000275
deflat 0.000175 0.000225 0.00035 0.0001
serviceori 2.5e-05 2.5e-05 7.5e-05 0.000725
3com 2.5e-05 2.5e-05 0.00055 0.00025
reced 0.00035 5e-05 0.0004 5e-05
lieuten 0.000625 5e-05 0.000125 5e-05
comb 0.00035 0.0001 0.000125 0.000275
laureat 0.0005 2.5e-05 5e-05 0.000275
swoop 0.000325 0.000225 0.00015 0.00015
helmet 0.000125 0.000675 2.5e-05 2.5e-05
courtesi 0.0001 0.0003 2.5e-05 0.000425
dull 0.0001 0.0002 0.000325 0.000225
rerun 0.00065 0.0001 2.5e-05 7.5e-05
k 0.000275 0.000225 0.000225 0.000125
olympia 7.5e-05 0.0006 7.5e-05 0.0001
sigh 0.0002 0.0003 0.000275 7.5e-05
postwar 0.000675 7.5e-05 7.5e-05 2.5e-05
rift 0.000525 7.5e-05 0.00015 0.0001
108 2.5e-05 0.000275 0.000425 0.000125
avian 0.000575 2.5e-05 0.0001 0.00015
capitol 0.00035 2.5e-05 0.000325 0.00015
overh 7.5e-05 2.5e-05 0.000375 0.000375
illustr 0.000175 0.000325 0.000125 0.000225
curri 5e-05 0.0006 7.5e-05 0.000125
ashor 0.00045 0.00015 5e-05 0.0002
112 7.5e-05 0.000325 0.0003 0.00015
gilbert 5e-05 0.000625 0.0001 7.5e-05
allpro 2.5e-05 0.000775 2.5e-05 2.5e-05
goodwil 0.000425 5e-05 0.00025 0.000125
finest 7.5e-05 0.000625 5e-05 0.0001
panathinaiko 2.5e-05 0.000775 2.5e-05 2.5e-05
makeov 0.00015 0.00015 0.00025 0.0003
stare 0.000175 0.000425 0.0001 0.00015
cardiac 5e-05 5e-05 0.000525 0.000225
rite 2.5e-05 0.0001 0.00055 0.000175
165 0.00015 0.00025 0.000375 7.5e-05
tepid 0.000175 2.5e-05 0.000575 7.5e-05
xprize 7.5e-05 2.5e-05 2.5e-05 0.000725
smack 0.000125 0.000475 5e-05 0.0002
rap 0.000375 0.0002 0.00015 0.000125
ma 5e-05 0.0005 0.0001 0.0002
123 5e-05 0.00055 0.0001 0.00015
tricki 5e-05 0.00035 7.5e-05 0.000375
20year 0.00025 0.0002 0.0002 0.0002
600000 5e-05 5e-05 0.000375 0.000375
asaravala 2.5e-05 2.5e-05 2.5e-05 0.000775
philipkoski 2.5e-05 2.5e-05 2.5e-05 0.000775
cpu 2.5e-05 2.5e-05 2.5e-05 0.000775
horn 0.00035 0.00035 7.5e-05 7.5e-05
mediocr 2.5e-05 0.000575 0.00015 0.0001
bandit 0.0007 2.5e-05 2.5e-05 0.0001
extract 0.0002 2.5e-05 0.000225 0.0004
2724 7.5e-05 0.000725 2.5e-05 2.5e-05
kashmiri 0.000775 2.5e-05 2.5e-05 2.5e-05
depriv 0.000275 0.00025 0.000125 0.0002
feroci 0.00045 0.0001 0.0001 0.0002
heartbreak 7.5e-05 0.000725 2.5e-05 2.5e-05
grozni 0.000775 2.5e-05 2.5e-05 2.5e-05
alderson 0.0002 5e-05 0.000575 2.5e-05
devis 5e-05 0.00015 0.000125 0.000525
roberto 2.5e-05 0.00075 5e-05 2.5e-05
toledo 0.000375 0.000325 5e-05 0.0001
fenerbahc 5e-05 0.00075 2.5e-05 2.5e-05
oswalt 5e-05 0.00075 2.5e-05 2.5e-05
fever 0.0002 0.0003 0.000175 0.000175
hug 0.00015 0.000525 0.000125 5e-05
qualif 5e-05 0.00065 5e-05 0.0001
guardian 0.00045 5e-05 2.5e-05 0.000325
raceway 2.5e-05 0.000775 2.5e-05 2.5e-05
102 0.000175 0.0003 0.00025 0.000125
anchor 0.000275 0.000275 0.0001 0.0002
inadequ 0.000225 7.5e-05 0.000375 0.000175
diana 0.0005 0.00015 2.5e-05 0.000175
hispan 0.000375 5e-05 0.000375 5e-05
fanfar 5e-05 0.00015 0.0003 0.00035
mudslid 0.000775 2.5e-05 2.5e-05 2.5e-05
clarifi 0.000325 0.000275 0.00015 0.0001
kuwaiti 0.00065 2.5e-05 0.00015 2.5e-05
regularli 0.00015 0.000275 0.00015 0.000275
pablo 0.000225 0.000575 2.5e-05 2.5e-05
ridg 0.000175 0.000175 2.5e-05 0.000475
rid 0.0004 0.0002 0.00015 0.0001
borland 2.5e-05 2.5e-05 2.5e-05 0.000775
murray 0.000125 0.00045 0.000175 0.0001
bristol 2.5e-05 0.00065 7.5e-05 0.0001
sponsorship 0.000275 0.00045 5e-05 7.5e-05
firsttim 5e-05 0.0002 0.0003 0.0003
amr 0.00015 5e-05 0.000625 2.5e-05
kpmg 2.5e-05 2.5e-05 0.000725 7.5e-05
subsequ 0.00015 0.000325 0.000175 0.0002
lahoud 0.000775 2.5e-05 2.5e-05 2.5e-05
joachim 0.0001 0.0007 2.5e-05 2.5e-05
notion 0.000175 0.0003 7.5e-05 0.0003
crane 0.00035 0.000125 7.5e-05 0.0003
clement 7.5e-05 0.0007 5e-05 2.5e-05
tightli 0.00025 0.000175 0.0002 0.000225
multibillion 0.000125 2.5e-05 0.0004 0.0003
pray 0.0006 0.0001 7.5e-05 7.5e-05
traction 0.000175 5e-05 0.0004 0.000225
cazenov 2.5e-05 2.5e-05 0.000775 2.5e-05
rockstar 2.5e-05 2.5e-05 5e-05 0.00075
ruth 0.0001 0.000675 5e-05 2.5e-05
141 0.00025 0.000275 0.00025 7.5e-05
beaver 2.5e-05 0.000725 2.5e-05 7.5e-05
fourthrank 2.5e-05 0.000775 2.5e-05 2.5e-05
booster 2.5e-05 0.000175 0.0001 0.00055
orton 2.5e-05 0.000775 2.5e-05 2.5e-05
confeder 7.5e-05 0.000575 0.00015 5e-05
waiv 5e-05 0.000525 0.000125 0.00015
shamil 0.00075 2.5e-05 2.5e-05 5e-05
basayev 0.00075 2.5e-05 2.5e-05 5e-05
probat 0.0001 0.000675 5e-05 2.5e-05
monarch 0.000525 0.00025 2.5e-05 5e-05
racism 0.0001 0.00065 2.5e-05 7.5e-05
schalk 2.5e-05 0.000775 2.5e-05 2.5e-05
elin 0.0002 0.0006 2.5e-05 2.5e-05
nordegren 0.0002 0.0006 2.5e-05 2.5e-05
kolkata 2.5e-05 0.000775 2.5e-05 2.5e-05
shevchenko 5e-05 0.00075 2.5e-05 2.5e-05
nowitzki 2.5e-05 0.000775 2.5e-05 2.5e-05
1993 0.00015 0.000475 0.00015 5e-05
cartoon 0.00015 0.00025 0.00015 0.000275
expedit 7.5e-05 2.5e-05 5e-05 0.000675
alik 0.000175 0.000125 0.0001 0.000425
valid 0.00015 0.000175 7.5e-05 0.000425
voyag 5e-05 2.5e-05 0.00015 0.0006
default 2.5e-05 7.5e-05 0.0005 0.000225
streamlin 5e-05 5e-05 0.0004 0.000325
cuttingedg 5e-05 2.5e-05 0.00015 0.0006
sailor 0.000575 0.00015 5e-05 5e-05
celesti 2.5e-05 2.5e-05 5e-05 0.000725
boil 0.0001 0.000275 0.000225 0.000225
couch 7.5e-05 0.00045 7.5e-05 0.000225
duck 0.000225 0.00025 0.000125 0.000225
metro 7.5e-05 0.00015 0.000375 0.000225
seo 2.5e-05 5e-05 2.5e-05 0.000725
gannon 5e-05 0.000725 2.5e-05 2.5e-05
1988 0.0002 0.00045 0.0001 7.5e-05
overpow 7.5e-05 0.000525 0.00015 7.5e-05
butterfli 0.000175 0.000425 2.5e-05 0.0002
absolut 0.000225 0.000425 5e-05 0.000125
haunt 0.0002 0.00045 5e-05 0.000125
cart 0.0001 0.00025 0.000125 0.00035
namesak 7.5e-05 7.5e-05 0.000525 0.00015
renounc 0.000675 2.5e-05 5e-05 7.5e-05
casual 0.000125 0.000275 0.000275 0.00015
pac10 2.5e-05 0.00075 2.5e-05 2.5e-05
montana 5e-05 0.000375 0.00025 0.00015
deem 0.0002 0.00015 0.000225 0.00025
constant 0.00015 0.000375 7.5e-05 0.000225
springfield 0.00015 0.000475 0.000125 7.5e-05
herat 0.00075 2.5e-05 2.5e-05 2.5e-05
midrang 2.5e-05 7.5e-05 7.5e-05 0.00065
spit 5e-05 0.000475 5e-05 0.00025
molik 2.5e-05 0.00075 2.5e-05 2.5e-05
sabr 2.5e-05 0.000425 0.00025 0.000125
hurri 7.5e-05 0.0004 0.000225 0.000125
huddl 0.0003 0.000325 7.5e-05 0.000125
ailment 0.0003 0.0002 7.5e-05 0.00025
decent 0.0001 0.000225 0.00025 0.00025
distinct 0.000125 0.000275 5e-05 0.000375
grove 0.000175 0.0003 0.000275 7.5e-05
loyalist 0.00065 2.5e-05 2.5e-05 0.000125
poultri 0.000425 2.5e-05 0.0003 7.5e-05
sour 0.000225 0.00015 0.000375 7.5e-05
sparkl 0.000125 0.000525 0.0001 7.5e-05
redwood 0.0003 2.5e-05 0.00025 0.00025
midland 2.5e-05 0.000475 0.00025 7.5e-05
secondrank 0.0001 0.000625 5e-05 5e-05
episod 0.0002 0.000175 0.0002 0.00025
coleman 0.000225 0.000425 0.0001 7.5e-05
beset 0.00015 5e-05 0.0005 0.000125
cornel 2.5e-05 0.0003 7.5e-05 0.000425
grind 0.00015 0.00045 0.00015 7.5e-05
quotto 0.00025 0.000175 0.000275 0.000125
placement 2.5e-05 2.5e-05 0.00035 0.000425
thump 0.0001 0.000525 7.5e-05 0.000125
lg 2.5e-05 2.5e-05 0.0002 0.000575
overheat 5e-05 2.5e-05 0.000175 0.000575
dwyan 5e-05 0.000725 2.5e-05 2.5e-05
crept 0.000125 0.000225 0.000425 5e-05
technician 0.000325 5e-05 7.5e-05 0.000375
recipi 0.000175 0.00015 7.5e-05 0.000425
quantiti 0.000425 7.5e-05 0.00015 0.000175
midwest 0.0001 7.5e-05 0.00055 0.0001
ryanair 5e-05 2.5e-05 0.000725 2.5e-05
amir 0.0001 0.000675 2.5e-05 2.5e-05
winger 5e-05 0.000725 2.5e-05 2.5e-05
littleknown 0.000125 0.000325 7.5e-05 0.0003
spiritu 0.00055 0.0001 7.5e-05 0.0001
revok 0.000375 0.0001 0.00015 0.0002
pinsent 5e-05 0.000725 2.5e-05 2.5e-05
scoreboard 5e-05 0.000725 2.5e-05 2.5e-05
woburn 2.5e-05 0.0007 7.5e-05 2.5e-05
tallahasse 0.0001 0.00055 5e-05 0.000125
commemor 0.00065 7.5e-05 2.5e-05 7.5e-05
sputter 7.5e-05 0.000425 0.0003 2.5e-05
soup 0.000125 0.0001 0.000525 7.5e-05
documentari 0.0004 2.5e-05 7.5e-05 0.000325
4500 2.5e-05 2.5e-05 0.000625 0.00015
tragic 0.000425 0.00025 2.5e-05 0.000125
fraction 5e-05 7.5e-05 0.000275 0.000425
proxi 5e-05 2.5e-05 0.00035 0.0004
slug 0.000125 0.0006 5e-05 5e-05
dam 0.000375 2.5e-05 0.0001 0.000325
tailor 7.5e-05 5e-05 2.5e-05 0.000675
analog 2.5e-05 5e-05 0.0003 0.00045
wolfsburg 5e-05 0.0007 5e-05 2.5e-05
decor 0.0003 0.000125 0.00025 0.00015
spinoff 5e-05 7.5e-05 0.000475 0.000225
sheep 2.5e-05 5e-05 2.5e-05 0.000725
spokesperson 0.000275 2.5e-05 0.00015 0.000375
admir 0.0002 0.000375 0.0001 0.00015
hydroelectr 0.0006 2.5e-05 2.5e-05 0.000175
longrang 0.0004 0.000125 0.000125 0.000175
buick 2.5e-05 0.000725 2.5e-05 5e-05
mit 2.5e-05 0.0002 0.0002 0.0004
150000 0.000325 0.000125 0.000325 5e-05
newton 2.5e-05 0.0004 0.000175 0.000225
shearer 2.5e-05 0.00075 2.5e-05 2.5e-05
sage 5e-05 0.000175 0.00015 0.00045
emil 0.000725 5e-05 2.5e-05 2.5e-05
ici 0.0001 7.5e-05 5e-05 0.0006
irv 2.5e-05 0.000675 0.0001 2.5e-05
rutger 2.5e-05 0.00065 2.5e-05 0.000125
solberg 2.5e-05 0.00075 2.5e-05 2.5e-05
multan 0.000725 5e-05 2.5e-05 2.5e-05
276 5e-05 0.0006 5e-05 0.000125
accommod 0.0001 0.000175 0.000125 0.000425
perspect 0.0001 0.000275 0.00015 0.0003
forgiv 0.000325 0.00015 0.000275 7.5e-05
yum 2.5e-05 2.5e-05 0.000725 5e-05
montoya 0.00015 0.000625 2.5e-05 2.5e-05
deportivo 2.5e-05 0.00075 2.5e-05 2.5e-05
smart1 2.5e-05 2.5e-05 2.5e-05 0.00075
filderstadt 2.5e-05 0.00075 2.5e-05 2.5e-05
dirk 2.5e-05 0.000725 2.5e-05 5e-05
menac 0.000275 0.00015 7.5e-05 0.0003
ant 0.0001 0.000125 7.5e-05 0.0005
antiqu 0.00025 5e-05 7.5e-05 0.000425
croatia 0.000225 0.000475 2.5e-05 7.5e-05
exagger 0.0002 7.5e-05 0.000275 0.00025
physicist 0.000275 5e-05 2.5e-05 0.00045
heartbeat 0.0004 0.0001 0.000225 7.5e-05
taught 0.000125 0.000275 7.5e-05 0.000325
distinguish 0.000125 0.000225 0.000125 0.000325
esa 2.5e-05 2.5e-05 2.5e-05 0.000725
hormon 7.5e-05 0.00025 0.0001 0.000375
snack 5e-05 2.5e-05 0.00055 0.000175
franco 0.00045 0.0003 2.5e-05 2.5e-05
handicap 0.000175 0.000475 7.5e-05 7.5e-05
salli 2.5e-05 0.00045 0.0003 2.5e-05
barbara 0.000275 0.00015 0.00025 0.000125
partisan 0.00045 0.000125 5e-05 0.000175
utter 0.000225 0.000425 5e-05 0.0001
turnout 0.000625 5e-05 7.5e-05 5e-05
floridian 0.00035 2.5e-05 0.000275 0.00015
surcharg 7.5e-05 2.5e-05 0.000675 2.5e-05
dictatorship 0.000725 2.5e-05 2.5e-05 2.5e-05
fullback 2.5e-05 0.000725 2.5e-05 2.5e-05
tutsi 0.000725 2.5e-05 2.5e-05 2.5e-05
mcgahe 2.5e-05 0.000725 2.5e-05 2.5e-05
stranger 0.0003 0.000225 5e-05 0.000225
caller 0.000175 7.5e-05 5e-05 0.0005
sevenyear 0.0001 0.000225 5e-05 0.000425
claw 7.5e-05 0.00015 0.00045 0.000125
courtney 0.00015 0.0006 2.5e-05 2.5e-05
tungsten 2.5e-05 2.5e-05 2.5e-05 0.000725
holiest 0.00065 0.0001 2.5e-05 2.5e-05
homeown 0.000125 2.5e-05 0.0005 0.00015
sd 2.5e-05 2.5e-05 2.5e-05 0.000725
supposedli 0.000125 0.000275 0.0001 0.0003
transpar 0.000475 5e-05 0.00025 2.5e-05
sander 2.5e-05 0.0007 5e-05 2.5e-05
elli 2.5e-05 0.0006 0.0001 7.5e-05
insult 0.0003 0.000175 0.00025 7.5e-05
ftc 2.5e-05 2.5e-05 7.5e-05 0.000675
merci 0.00045 0.0002 0.0001 5e-05
galleri 0.000125 0.00025 0.0002 0.000225
culmin 0.0002 0.000275 0.00015 0.000175
confess 0.00035 0.0001 0.0002 0.00015
rebuf 0.000475 7.5e-05 0.0002 5e-05
overthrow 0.000725 2.5e-05 2.5e-05 2.5e-05
retire 5e-05 2.5e-05 0.000625 0.0001
23yearold 0.0001 0.000575 2.5e-05 0.0001
aw 7.5e-05 0.00045 7.5e-05 0.0002
fourthlargest 0.000125 2.5e-05 0.00055 0.0001
consent 0.000175 0.0001 0.00035 0.000175
recycl 0.000175 5e-05 0.000225 0.00035
jewelri 0.0001 0.00015 0.000425 0.000125
busiest 7.5e-05 2.5e-05 0.000625 7.5e-05
jew 0.00055 0.0001 7.5e-05 7.5e-05
preemptiv 0.000575 5e-05 2.5e-05 0.00015
rehabilit 0.00015 0.000375 0.000225 5e-05
sullivan 2.5e-05 0.0003 0.0001 0.000375
hutchison 2.5e-05 2.5e-05 0.000675 7.5e-05
40000 0.0001 0.0001 0.000175 0.000425
disguis 0.0001 0.00015 0.0002 0.00035
reunit 0.0003 0.000225 5e-05 0.000225
tumor 7.5e-05 0.0002 0.0001 0.000425
strategist 0.000225 2.5e-05 0.000375 0.000175
116 7.5e-05 0.000375 0.0003 5e-05
behemoth 5e-05 2.5e-05 0.000325 0.0004
fanci 5e-05 0.00025 0.0002 0.0003
reckon 0.00015 0.000225 7.5e-05 0.00035
contempl 0.0001 0.000325 0.00015 0.000225
exam 0.000275 0.00035 7.5e-05 0.0001
raul 0.000175 0.000475 5e-05 0.0001
extent 0.00025 0.000175 0.00015 0.000225
bulli 0.000225 0.000325 5e-05 0.0002
monthlong 0.00035 0.00015 0.00025 5e-05
jorg 0.00025 0.00045 5e-05 5e-05
hick 0.000475 0.00015 0.00015 2.5e-05
howe 2.5e-05 0.0007 2.5e-05 5e-05
martial 0.0007 2.5e-05 2.5e-05 5e-05
fray 0.000225 0.000125 0.000125 0.000325
bonus 2.5e-05 7.5e-05 0.000475 0.000225
har 0.000125 5e-05 0.00015 0.000475
ordeal 0.000525 7.5e-05 0.0001 0.0001
anytim 7.5e-05 0.0002 0.00015 0.000375
succe 0.000225 5e-05 0.000275 0.00025
linksi 2.5e-05 2.5e-05 5e-05 0.0007
21yearold 0.000325 0.000375 2.5e-05 7.5e-05
adelphia 2.5e-05 2.5e-05 0.000675 7.5e-05
davidson 7.5e-05 0.000625 5e-05 5e-05
hart 2.5e-05 0.0007 2.5e-05 5e-05
portrait 0.00045 7.5e-05 7.5e-05 0.0002
crazi 0.0001 0.0004 7.5e-05 0.000225
arbor 0.0001 0.000375 0.00015 0.000175
discontinu 5e-05 5e-05 0.000375 0.000325
woodi 5e-05 0.0006 2.5e-05 0.000125
julian 7.5e-05 0.000525 0.00015 5e-05
pork 7.5e-05 2.5e-05 0.000625 7.5e-05
usb 2.5e-05 2.5e-05 2.5e-05 0.000725
ammunit 0.000375 7.5e-05 0.000225 0.000125
3677 2.5e-05 2.5e-05 7.5e-05 0.000675
bean 0.00015 0.000275 0.0002 0.000175
nhlpa 2.5e-05 0.000725 2.5e-05 2.5e-05
queensland 0.0005 0.0002 7.5e-05 2.5e-05
bellami 5e-05 0.0007 2.5e-05 2.5e-05
jock 0.0001 5e-05 0.00045 0.0002
nonetheless 0.000175 0.00015 0.000275 0.0002
inclus 0.00015 0.00015 0.000125 0.000375
waterford 2.5e-05 0.000325 0.000425 2.5e-05
graviti 2.5e-05 5e-05 5e-05 0.000675
15yearold 0.0004 0.000175 0.000125 0.0001
trent 7.5e-05 0.000575 0.000125 2.5e-05
nicknam 0.000125 0.000425 7.5e-05 0.000175
bennett 0.000175 0.0005 7.5e-05 5e-05
longdelay 0.000425 2.5e-05 0.000125 0.000225
snoop 2.5e-05 0.000125 5e-05 0.0006
softbank 7.5e-05 2.5e-05 0.0004 0.0003
harvest 0.000225 2.5e-05 0.0003 0.00025
jenin 0.000725 2.5e-05 2.5e-05 2.5e-05
copern 2.5e-05 2.5e-05 7.5e-05 0.000675
mubarak 0.000725 2.5e-05 2.5e-05 2.5e-05
marvin 5e-05 0.000625 5e-05 7.5e-05
indec 0.0003 0.000225 0.0001 0.000175
rojo 2.5e-05 2.5e-05 2.5e-05 0.000725
spite 0.000275 0.0001 0.000275 0.00015
babe 7.5e-05 0.000675 2.5e-05 2.5e-05
adulteri 0.0007 5e-05 2.5e-05 2.5e-05
rodger 2.5e-05 0.000725 2.5e-05 2.5e-05
motorsportcom 2.5e-05 0.000725 2.5e-05 2.5e-05
monti 2.5e-05 0.000125 0.000525 0.000125
greensboro 5e-05 0.000675 5e-05 2.5e-05
accident 0.00035 0.000125 7.5e-05 0.00025
vcr 2.5e-05 5e-05 5e-05 0.000675
furcal 2.5e-05 0.000725 2.5e-05 2.5e-05
porti 2.5e-05 0.000725 2.5e-05 2.5e-05
edgbaston 0.0001 0.00065 2.5e-05 2.5e-05
barber 5e-05 0.00065 2.5e-05 7.5e-05
antarctica 2.5e-05 2.5e-05 5e-05 0.0007
ce 2.5e-05 2.5e-05 0.0002 0.00055
garnett 2.5e-05 0.000725 2.5e-05 2.5e-05
khin 0.000725 2.5e-05 2.5e-05 2.5e-05
nyunt 0.000725 2.5e-05 2.5e-05 2.5e-05
ibook 2.5e-05 2.5e-05 5e-05 0.0007
chittagong 2.5e-05 0.000725 2.5e-05 2.5e-05
mukesh 2.5e-05 2.5e-05 0.000725 2.5e-05
riley 7.5e-05 0.000525 0.00015 2.5e-05
artisan 2.5e-05 2.5e-05 0.0006 0.000125
accessori 2.5e-05 2.5e-05 0.00035 0.000375
photoshop 2.5e-05 2.5e-05 0.00015 0.000575
3610 5e-05 0.0001 0.00015 0.000475
cave 0.0002 7.5e-05 7.5e-05 0.000425
malfunct 0.000175 0.0001 0.0002 0.0003
masterpiec 0.0004 0.000125 2.5e-05 0.000225
judiciari 0.00035 5e-05 2.5e-05 0.00035
fist 0.0002 0.000425 5e-05 0.0001
alzheim 0.00015 2.5e-05 0.000125 0.000475
huygen 5e-05 2.5e-05 2.5e-05 0.000675
13yearold 0.00055 2.5e-05 7.5e-05 0.000125
crossbord 0.000225 2.5e-05 0.000375 0.00015
nag 2.5e-05 0.00015 0.000375 0.000225
understood 0.00015 0.0003 0.000225 0.0001
proport 0.00015 0.0002 0.0001 0.000325
cannon 0.000375 0.0003 2.5e-05 7.5e-05
sporad 0.0006 7.5e-05 2.5e-05 7.5e-05
mock 0.000325 0.00015 5e-05 0.00025
jeopardi 0.000175 0.00035 7.5e-05 0.000175
117 7.5e-05 0.0003 0.00035 5e-05
serbian 0.000625 7.5e-05 2.5e-05 5e-05
magnific 7.5e-05 0.00055 7.5e-05 7.5e-05
caterpillar 5e-05 2.5e-05 0.0006 0.0001
religion 0.000475 7.5e-05 2.5e-05 0.0002
prudenti 7.5e-05 2.5e-05 0.00055 0.000125
cling 0.00025 0.0004 5e-05 7.5e-05
1972 0.00025 0.0003 7.5e-05 0.00015
bicycl 0.000275 0.00015 0.000175 0.000175
neutral 0.000125 0.0002 0.000325 0.000125
clearanc 7.5e-05 0.000125 0.000475 0.0001
easyjet 0.0001 2.5e-05 0.000425 0.000225
moroccan 0.000325 0.0004 2.5e-05 2.5e-05
bj 5e-05 0.00045 0.00025 2.5e-05
sergey 0.000125 2.5e-05 0.000275 0.00035
tighter 0.000275 0.00015 0.000225 0.000125
erad 0.000475 7.5e-05 2.5e-05 0.0002
deriv 2.5e-05 2.5e-05 0.000475 0.00025
quotveri 0.000475 0.0001 0.00015 5e-05
punter 2.5e-05 0.000525 7.5e-05 0.00015
highfli 5e-05 0.00015 0.00045 0.000125
yearold 0.000175 0.00015 5e-05 0.0004
backdrop 0.0003 0.00015 0.00015 0.000175
rington 5e-05 2.5e-05 7.5e-05 0.000625
rug 0.000275 0.0002 0.00015 0.00015
harddriv 2.5e-05 2.5e-05 7.5e-05 0.00065
prolif 7.5e-05 0.000425 5e-05 0.000225
blister 0.0002 0.00035 0.000175 5e-05
gmt 0.000175 0.000125 0.000275 0.0002
slick 5e-05 0.00015 7.5e-05 0.0005
terrifi 0.000525 7.5e-05 2.5e-05 0.00015
exxon 2.5e-05 2.5e-05 0.00065 7.5e-05
thirdbiggest 2.5e-05 2.5e-05 0.0006 0.000125
perk 2.5e-05 7.5e-05 0.000525 0.00015
astonish 0.00025 0.000325 5e-05 0.00015
ho 0.000225 0.000125 0.0004 2.5e-05
07 7.5e-05 5e-05 0.000275 0.000375
sock 7.5e-05 0.000275 0.00015 0.000275
rebuk 0.00055 7.5e-05 0.0001 5e-05
foley 5e-05 0.0004 0.0001 0.000225
yasir 0.0007 2.5e-05 2.5e-05 2.5e-05
cooler 5e-05 0.000125 0.00025 0.00035
overcharg 0.0001 2.5e-05 0.000325 0.000325
samesex 0.000625 5e-05 5e-05 5e-05
miniatur 5e-05 2.5e-05 5e-05 0.00065
3500 0.00015 5e-05 0.0004 0.000175
stint 0.000125 0.0005 7.5e-05 7.5e-05
neglect 0.0005 5e-05 0.000125 0.0001
panic 0.0003 0.000225 0.0002 5e-05
coat 0.0001 0.00015 0.000225 0.0003
marburi 0.000125 0.0006 2.5e-05 2.5e-05
arthroscop 2.5e-05 0.0007 2.5e-05 2.5e-05
matsui 0.000125 0.0006 2.5e-05 2.5e-05
norman 0.0001 0.00055 0.0001 2.5e-05
paragraph 0.000225 0.0001 0.000375 7.5e-05
shrek 7.5e-05 2.5e-05 0.000525 0.00015
smoothli 0.000175 0.000125 0.0001 0.000375
colon 5e-05 0.000375 0.000225 0.000125
loophol 5e-05 7.5e-05 0.0003 0.00035
rebat 2.5e-05 2.5e-05 0.0004 0.000325
chicagobas 5e-05 2.5e-05 0.00065 5e-05
ir 0.0001 2.5e-05 0.0005 0.00015
stormi 0.0002 0.000375 7.5e-05 0.000125
emphas 0.00035 0.000125 0.000125 0.000175
22yearold 0.00015 0.0005 2.5e-05 0.0001
noah 7.5e-05 0.0003 7.5e-05 0.000325
brigham 2.5e-05 0.0006 0.0001 5e-05
quotther 0.00015 0.000225 7.5e-05 0.000325
fivetim 2.5e-05 0.0007 2.5e-05 2.5e-05
defianc 0.00055 0.000175 2.5e-05 2.5e-05
escort 0.0006 0.000125 2.5e-05 2.5e-05
trucker 0.000225 2.5e-05 0.000425 0.0001
supremaci 5e-05 0.000425 5e-05 0.00025
paramount 7.5e-05 5e-05 0.000175 0.000475
fastfood 5e-05 5e-05 0.0006 7.5e-05
buddi 2.5e-05 0.0005 7.5e-05 0.000175
pierr 0.0002 0.00045 0.0001 2.5e-05
toe 0.000125 0.000425 5e-05 0.000175
multimilliondollar 5e-05 0.0001 0.00035 0.000275
somehow 5e-05 0.000475 7.5e-05 0.000175
laps 0.000325 0.000275 0.00015 2.5e-05
zach 2.5e-05 0.0007 2.5e-05 2.5e-05
occasion 0.00015 0.000275 0.0001 0.00025
jonesaustralian 2.5e-05 2.5e-05 0.0007 2.5e-05
embroil 0.0002 0.000125 0.00035 0.0001
delio 2.5e-05 7.5e-05 5e-05 0.000625
renown 0.000225 0.000175 0.000175 0.0002
pundit 0.0002 0.000225 7.5e-05 0.000275
batman 0.000575 7.5e-05 2.5e-05 0.0001
hoki 2.5e-05 0.0007 2.5e-05 2.5e-05
blank 7.5e-05 0.000525 5e-05 0.000125
firmer 0.000225 2.5e-05 0.0004 0.000125
leonid 0.00045 5e-05 5e-05 0.000225
susan 5e-05 0.00015 0.000425 0.00015
puzzl 0.000125 0.000175 2.5e-05 0.00045
seizur 0.00045 2.5e-05 0.000125 0.000175
vicepresid 0.0004 5e-05 0.000125 0.0002
prolifer 0.000275 5e-05 0.00015 0.0003
touchscreen 0.000125 2.5e-05 2.5e-05 0.0006
0 2.5e-05 0.000525 0.00015 7.5e-05
hrefhttpwwwinvestorreuterscomfullquoteaspxtickerdaln 2.5e-05 2.5e-05 0.0007 2.5e-05
targetstocksquickinfofullquotegtdalnltagt 2.5e-05 2.5e-05 0.0007 2.5e-05
emi 5e-05 2.5e-05 0.00045 0.00025
pregnant 0.00055 2.5e-05 5e-05 0.00015
guru 0.000125 7.5e-05 0.00045 0.000125
israelipalestinian 0.000675 5e-05 2.5e-05 2.5e-05
quentin 5e-05 0.00065 2.5e-05 5e-05
alloc 7.5e-05 2.5e-05 0.00025 0.000425
sober 0.00015 0.00015 0.000175 0.0003
shortrang 0.0002 2.5e-05 7.5e-05 0.000475
mammal 0.0001 2.5e-05 2.5e-05 0.000625
pepper 2.5e-05 0.000225 0.0003 0.000225
ghazi 0.0007 2.5e-05 2.5e-05 2.5e-05
186 0.000125 0.00035 0.000225 7.5e-05
leverkusen 2.5e-05 0.0007 2.5e-05 2.5e-05
twostrok 2.5e-05 0.000675 2.5e-05 5e-05
sixtim 2.5e-05 0.000675 5e-05 2.5e-05
mallorca 2.5e-05 0.0007 2.5e-05 2.5e-05
preelect 0.0004 2.5e-05 0.0002 0.00015
apprentic 2.5e-05 0.00015 0.000375 0.000225
shutdown 0.000125 0.0001 0.000475 7.5e-05
mcgrath 0.00015 0.00055 2.5e-05 5e-05
adwar 2.5e-05 2.5e-05 7.5e-05 0.00065
bladecent 2.5e-05 2.5e-05 2.5e-05 0.0007
olympiqu 2.5e-05 0.0007 2.5e-05 2.5e-05
maxim 0.0001 0.0001 0.000275 0.0003
petter 2.5e-05 0.0007 2.5e-05 2.5e-05
yangon 0.0007 2.5e-05 2.5e-05 2.5e-05
spartan 2.5e-05 0.00065 5e-05 5e-05
keyhol 7.5e-05 2.5e-05 0.0002 0.000475
cologn 0.00035 0.000325 2.5e-05 7.5e-05
zombi 5e-05 5e-05 2.5e-05 0.00065
allan 5e-05 0.0005 0.000175 5e-05
holtz 2.5e-05 0.0007 2.5e-05 2.5e-05
fiberopt 2.5e-05 2.5e-05 0.000375 0.00035
cotton 0.00015 0.0002 0.000375 5e-05
jaschan 2.5e-05 2.5e-05 2.5e-05 0.0007
thirdrank 2.5e-05 0.000675 5e-05 2.5e-05
netski 2.5e-05 2.5e-05 2.5e-05 0.0007
mydoom 2.5e-05 2.5e-05 2.5e-05 0.0007
scuttl 0.000375 5e-05 0.000225 0.000125
gore 0.000225 0.000425 5e-05 7.5e-05
manpow 2.5e-05 5e-05 0.000575 0.000125
sandisk 2.5e-05 2.5e-05 5e-05 0.000675
reynold 5e-05 0.0001 0.00055 7.5e-05
dram 2.5e-05 2.5e-05 0.000275 0.00045
omnimedia 2.5e-05 2.5e-05 0.0007 2.5e-05
megson 2.5e-05 0.0007 2.5e-05 2.5e-05
alc 0.000125 0.0006 2.5e-05 2.5e-05
chicoutimi 0.0007 2.5e-05 2.5e-05 2.5e-05
suzuka 5e-05 0.000675 2.5e-05 2.5e-05
bhopal 0.0007 2.5e-05 2.5e-05 2.5e-05
phenomenon 7.5e-05 2.5e-05 0.000125 0.000525
hiphop 0.0002 0.00015 0.000175 0.000225
wrest 0.00035 0.00015 0.0001 0.00015
exposur 0.0001 0.00015 0.000175 0.000325
geologist 2.5e-05 2.5e-05 2.5e-05 0.000675
trash 0.000125 0.000125 0.000175 0.000325
gut 0.00015 0.000325 5e-05 0.000225
manual 0.000125 5e-05 2.5e-05 0.00055
ltstronggtlettersltstronggt 2.5e-05 2.5e-05 2.5e-05 0.000675
russel 5e-05 0.00045 0.000125 0.000125
veget 0.00015 2.5e-05 0.000275 0.0003
disturb 0.0002 0.00015 0.0001 0.0003
commonli 5e-05 7.5e-05 0.000225 0.0004
encrypt 2.5e-05 2.5e-05 2.5e-05 0.000675
paperwork 0.00015 5e-05 0.000275 0.000275
expertis 7.5e-05 7.5e-05 0.0001 0.0005
den 0.000225 0.000375 5e-05 0.0001
tenth 0.000125 0.000325 0.000125 0.000175
watson 5e-05 0.00055 2.5e-05 0.000125
actress 0.000375 0.000175 0.0001 0.0001
peski 5e-05 0.0004 2.5e-05 0.000275
sizzl 0.000225 0.000225 0.00015 0.00015
rica 0.0004 0.000275 2.5e-05 5e-05
freelanc 0.000325 0.000125 0.000175 0.000125
secondplac 2.5e-05 0.000575 5e-05 0.0001
fiji 0.000125 0.000525 2.5e-05 7.5e-05
stung 0.0002 0.000175 0.000325 5e-05
glen 2.5e-05 0.00055 5e-05 0.000125
adjourn 0.000425 0.000225 7.5e-05 2.5e-05
tame 7.5e-05 0.0003 0.0003 7.5e-05
princeton 5e-05 0.000525 7.5e-05 0.0001
wreak 0.0002 2.5e-05 0.000175 0.00035
dictionari 5e-05 5e-05 0.0001 0.00055
cfo 2.5e-05 2.5e-05 0.000225 0.000475
vicent 0.000425 0.00025 5e-05 2.5e-05
menu 2.5e-05 0.0001 0.0003 0.000325
vigor 0.00025 0.0001 0.0002 0.0002
minim 0.00025 2.5e-05 0.00015 0.000325
merit 0.0001 0.000225 0.0002 0.000225
pci 2.5e-05 2.5e-05 5e-05 0.00065
renov 0.000175 0.00015 0.0003 0.000125
nm 0.000175 0.0001 0.0002 0.000275
suv 5e-05 0.000125 0.00045 0.000125
wr 2.5e-05 0.0003 0.0004 2.5e-05
uphold 0.0004 0.000125 0.00015 7.5e-05
mire 0.000225 0.00015 0.000225 0.00015
costco 2.5e-05 2.5e-05 0.000625 7.5e-05
misl 0.0002 0.000125 0.00035 7.5e-05
primetim 0.00025 0.000325 0.00015 2.5e-05
tablet 0.00015 7.5e-05 0.00015 0.000375
rower 5e-05 0.0006 2.5e-05 7.5e-05
subsid 7.5e-05 0.00015 0.0003 0.000225
swath 0.0005 5e-05 5e-05 0.00015
spat 0.0002 0.000325 0.000125 0.0001
blunt 0.0002 0.000175 0.00025 0.000125
prosper 0.000325 7.5e-05 0.00015 0.0002
buildup 0.000175 0.000275 0.00025 5e-05
jonni 5e-05 0.00065 2.5e-05 2.5e-05
powershar 0.000625 7.5e-05 2.5e-05 2.5e-05
align 0.0001 0.00015 0.000125 0.000375
compuwar 2.5e-05 2.5e-05 0.000125 0.000575
fightback 5e-05 0.00065 2.5e-05 2.5e-05
workout 2.5e-05 0.000575 2.5e-05 0.000125
unspecifi 0.0003 7.5e-05 0.000175 0.0002
unseat 0.0004 5e-05 2.5e-05 0.000275
loosen 0.000125 0.000125 0.0004 0.0001
diplomaci 0.00055 7.5e-05 0.0001 2.5e-05
demis 0.00035 0.000225 0.000125 5e-05
deion 2.5e-05 0.000675 2.5e-05 2.5e-05
nonstop 0.0001 0.000175 0.000175 0.0003
hindu 0.0006 7.5e-05 2.5e-05 5e-05
paso 2.5e-05 0.00035 0.00035 2.5e-05
cram 0.0002 0.000175 0.0001 0.000275
recharg 5e-05 5e-05 7.5e-05 0.000575
revit 0.000125 0.00015 0.000325 0.00015
okla 7.5e-05 0.000525 5e-05 0.0001
kri 5e-05 0.000625 5e-05 2.5e-05
3650 0.00015 5e-05 0.000425 0.000125
barney 7.5e-05 7.5e-05 0.00055 5e-05
laud 0.0003 0.0001 0.0001 0.00025
syndic 0.000175 0.000125 0.0001 0.00035
sgt 0.000625 7.5e-05 2.5e-05 2.5e-05
flirt 0.00015 0.000125 0.00025 0.000225
fm 7.5e-05 7.5e-05 0.0002 0.0004
cio 2.5e-05 2.5e-05 0.0001 0.0006
salvo 0.000175 0.0002 0.0001 0.000275
comic 0.00025 0.000125 2.5e-05 0.00035
keeper 2.5e-05 0.000575 5e-05 0.0001
distant 0.00015 0.0001 7.5e-05 0.000425
logo 2.5e-05 0.0003 0.000125 0.0003
hicham 5e-05 0.00065 2.5e-05 2.5e-05
2500 0.0002 5e-05 0.000175 0.000325
1989 0.0002 0.00035 5e-05 0.00015
unilater 0.0006 2.5e-05 0.0001 2.5e-05
trulli 2.5e-05 0.000675 2.5e-05 2.5e-05
calori 5e-05 2.5e-05 0.00015 0.000525
render 0.000125 0.0001 7.5e-05 0.00045
kickstart 0.00015 0.000225 0.000225 0.00015
richter 0.000625 5e-05 2.5e-05 5e-05
setup 7.5e-05 0.000375 2.5e-05 0.000275
seventim 2.5e-05 0.000675 2.5e-05 2.5e-05
anglodutch 0.0002 2.5e-05 0.0005 2.5e-05
armour 0.000525 0.000125 5e-05 5e-05
185 2.5e-05 0.00035 0.000175 0.0002
brasilia 0.0006 2.5e-05 5e-05 7.5e-05
3m 0.0001 0.00015 0.00045 5e-05
collector 2.5e-05 7.5e-05 0.000325 0.000325
jaw 0.000175 0.000125 7.5e-05 0.000375
opel 0.00015 2.5e-05 0.00055 2.5e-05
bagwel 7.5e-05 0.000625 2.5e-05 2.5e-05
129 0.000125 0.00035 0.000125 0.00015
sixweek 0.000125 0.0001 0.000475 5e-05
hrefhttpwwwinvestorreuterscomfullquoteaspxtickermsfto 2.5e-05 2.5e-05 0.000675 2.5e-05
mclaren 5e-05 0.00065 2.5e-05 2.5e-05
vigil 0.00045 0.0001 7.5e-05 0.000125
landov 2.5e-05 0.000675 2.5e-05 2.5e-05
fume 0.000275 0.00035 5e-05 7.5e-05
warhead 0.0006 2.5e-05 2.5e-05 0.0001
15year 7.5e-05 0.00015 0.000425 0.0001
fleetcent 2.5e-05 0.00055 0.00015 2.5e-05
replay 7.5e-05 0.000425 2.5e-05 0.000225
fiedler 7.5e-05 0.000625 2.5e-05 2.5e-05
loyalti 0.0001 0.0002 0.0002 0.00025
epstein 2.5e-05 0.00065 5e-05 2.5e-05
jpmorgan 2.5e-05 2.5e-05 0.0006 0.0001
jj 2.5e-05 0.000675 2.5e-05 2.5e-05
renteria 7.5e-05 0.000625 2.5e-05 2.5e-05
openworld 2.5e-05 2.5e-05 5e-05 0.00065
michelin 7.5e-05 0.00055 5e-05 7.5e-05
feeley 2.5e-05 0.000675 2.5e-05 2.5e-05
gavin 5e-05 0.000125 0.000125 0.00045
mahal 0.000675 2.5e-05 2.5e-05 2.5e-05
ole 5e-05 0.0004 2.5e-05 0.000275
homestead 2.5e-05 0.000625 5e-05 5e-05
andriy 2.5e-05 0.000675 2.5e-05 2.5e-05
sialkot 0.000675 2.5e-05 2.5e-05 2.5e-05
nlc 0.000225 0.000475 2.5e-05 2.5e-05
sihamoni 0.000675 2.5e-05 2.5e-05 2.5e-05
clarett 2.5e-05 0.000675 2.5e-05 2.5e-05
planner 0.000225 2.5e-05 0.000225 0.00025
licenc 5e-05 5e-05 0.000225 0.0004
mammoth 0.0001 7.5e-05 0.000275 0.000275
rat 0.000175 2.5e-05 2.5e-05 0.0005
bestknown 0.000175 0.000125 0.000275 0.00015
hanoi 0.00055 2.5e-05 0.0001 5e-05
refuel 2.5e-05 2.5e-05 0.00055 0.000125
onemonth 0.0001 5e-05 0.0005 7.5e-05
belov 0.0001 0.0004 0.0001 0.000125
fairfax 5e-05 0.0001 0.000175 0.0004
penal 0.000425 5e-05 0.000125 0.000125
attende 2.5e-05 2.5e-05 0.0001 0.000575
sunk 5e-05 0.0003 0.0002 0.000175
perch 0.00025 0.00025 5e-05 0.000175
schoolgirl 0.00055 0.000125 2.5e-05 2.5e-05
drench 0.00045 0.00015 5e-05 7.5e-05
kan 5e-05 0.00045 0.000125 0.0001
nova 0.000225 5e-05 0.00025 0.0002
disloc 2.5e-05 0.000575 2.5e-05 0.0001
twogam 5e-05 0.000625 2.5e-05 2.5e-05
futil 7.5e-05 0.0006 2.5e-05 2.5e-05
arguabl 0.0001 0.0004 5e-05 0.000175
stagger 0.000175 0.00015 0.000225 0.000175
clout 0.0003 7.5e-05 0.0002 0.00015
188 7.5e-05 0.00025 0.0003 0.0001
griev 0.000325 0.00035 2.5e-05 2.5e-05
benjamin 0.0002 0.0003 7.5e-05 0.00015
reschedul 2.5e-05 0.000475 0.000125 0.0001
congest 5e-05 5e-05 0.00045 0.000175
stringent 0.00015 0.0002 0.00015 0.000225
fivegam 5e-05 0.000625 2.5e-05 2.5e-05
boycot 0.0005 0.000125 5e-05 5e-05
rooftop 0.00065 2.5e-05 2.5e-05 2.5e-05
ritual 0.0002 0.000275 7.5e-05 0.000175
frantic 0.000275 0.000175 0.000175 0.0001
jeopard 0.000175 0.0002 0.00015 0.0002
hatr 0.000625 5e-05 2.5e-05 2.5e-05
bhutto 0.00065 2.5e-05 2.5e-05 2.5e-05
sak 2.5e-05 5e-05 0.000625 2.5e-05
quoth 0.0001 0.000575 2.5e-05 2.5e-05
wildli 5e-05 0.00015 7.5e-05 0.00045
qb 2.5e-05 0.00065 2.5e-05 2.5e-05
servant 0.000375 2.5e-05 5e-05 0.000275
battlefield 0.00025 5e-05 7.5e-05 0.00035
envis 0.00015 0.000175 0.00015 0.00025
commenc 0.0001 0.0003 0.000125 0.0002
fourmonth 0.0001 2.5e-05 0.000575 2.5e-05
nd 2.5e-05 0.00035 7.5e-05 0.000275
cedric 5e-05 0.000625 2.5e-05 2.5e-05
antiwar 0.000525 7.5e-05 7.5e-05 5e-05
smarter 2.5e-05 5e-05 7.5e-05 0.000575
ranch 0.000325 5e-05 0.0001 0.00025
bellhorn 2.5e-05 0.00065 2.5e-05 2.5e-05
hutu 0.00065 2.5e-05 2.5e-05 2.5e-05
oakvil 5e-05 0.0004 0.00025 2.5e-05
kahney 2.5e-05 2.5e-05 0.0001 0.000575
swisscom 5e-05 0.000425 0.000175 7.5e-05
kinshasa 0.00055 0.000125 2.5e-05 2.5e-05
taser 7.5e-05 2.5e-05 0.000575 5e-05
standstil 0.000475 2.5e-05 0.000175 5e-05
theyll 0.0001 0.000275 2.5e-05 0.000325
pornograph 7.5e-05 2.5e-05 2.5e-05 0.0006
instanc 5e-05 0.000125 0.000275 0.000275
lighter 7.5e-05 0.000125 0.000125 0.0004
darl 5e-05 0.000125 0.000275 0.000275
mediterranean 0.000475 7.5e-05 5e-05 0.000125
windfal 7.5e-05 5e-05 0.00045 0.00015
10g 2.5e-05 2.5e-05 7.5e-05 0.0006
feather 0.0001 5e-05 0.00015 0.000425
angrili 0.000425 0.0002 7.5e-05 2.5e-05
suffoc 0.00055 0.0001 5e-05 2.5e-05
millar 7.5e-05 0.0006 2.5e-05 2.5e-05
sorri 0.000175 0.000325 7.5e-05 0.00015
ltstronggtanalysisltstronggt 2.5e-05 2.5e-05 2.5e-05 0.00065
seagat 5e-05 2.5e-05 0.0002 0.00045
whoever 0.0002 0.0001 0.000125 0.0003
thirdparti 0.0001 2.5e-05 0.00025 0.00035
jukebox 2.5e-05 2.5e-05 7.5e-05 0.0006
instantli 7.5e-05 7.5e-05 5e-05 0.000525
16yearold 0.000375 0.0003 2.5e-05 2.5e-05
dynamo 5e-05 0.000625 2.5e-05 2.5e-05
panda 0.0001 2.5e-05 2.5e-05 0.000575
midair 0.000275 2.5e-05 7.5e-05 0.00035
schmidt 2.5e-05 0.000325 0.0001 0.000275
punit 0.0002 2.5e-05 0.000475 2.5e-05
telco 2.5e-05 2.5e-05 0.000275 0.0004
steinbrenn 2.5e-05 0.00065 2.5e-05 2.5e-05
sectarian 0.0006 5e-05 5e-05 2.5e-05
statecontrol 0.000125 2.5e-05 0.000525 5e-05
norwich 5e-05 0.000475 0.000175 2.5e-05
stockhold 5e-05 2.5e-05 0.000375 0.000275
downplay 0.000225 0.000175 0.000125 0.0002
synonym 7.5e-05 7.5e-05 0.00025 0.000325
nod 7.5e-05 0.0003 7.5e-05 0.000275
wendi 2.5e-05 0.0001 0.00035 0.00025
arthur 0.0001 0.00045 5e-05 0.000125
250000 0.0001 0.00015 0.00025 0.000225
highstak 0.000225 0.000125 0.000175 0.0002
mideast 0.0006 2.5e-05 7.5e-05 2.5e-05
varitek 5e-05 0.000625 2.5e-05 2.5e-05
batsman 5e-05 0.000625 2.5e-05 2.5e-05
dole 0.0002 0.0001 0.00025 0.000175
depict 0.000325 0.0001 0.000125 0.000175
leon 0.000125 0.0005 2.5e-05 7.5e-05
regardless 0.000175 0.0002 0.0001 0.00025
breakfast 0.00015 0.0002 0.0003 7.5e-05
soa 2.5e-05 2.5e-05 5e-05 0.000625
insuffici 0.0003 0.0001 0.000275 5e-05
altitud 5e-05 0.00015 5e-05 0.000475
bogota 0.000625 2.5e-05 5e-05 2.5e-05
hiv 0.0005 2.5e-05 0.000125 7.5e-05
shea 2.5e-05 0.00065 2.5e-05 2.5e-05
mia 0.0001 0.000575 2.5e-05 2.5e-05
stemcel 7.5e-05 2.5e-05 0.000125 0.0005
necessarili 7.5e-05 0.0002 0.000275 0.000175
blowout 2.5e-05 0.00055 0.000125 2.5e-05
sumitomo 0.0001 7.5e-05 0.000525 2.5e-05
breweri 2.5e-05 5e-05 0.000625 2.5e-05
allay 0.000175 0.000125 0.000275 0.00015
roadmap 0.0003 2.5e-05 0.0001 0.0003
mri 7.5e-05 0.00055 5e-05 5e-05
californiabas 2.5e-05 5e-05 0.0003 0.00035
herman 5e-05 0.00055 5e-05 7.5e-05
pad 5e-05 0.000225 5e-05 0.0004
scope 0.00015 7.5e-05 0.000225 0.000275
runaway 0.0001 0.000275 0.00025 0.0001
billboard 0.000275 0.000125 5e-05 0.000275
weaponsgrad 0.0006 2.5e-05 2.5e-05 7.5e-05
saboteur 0.0005 2.5e-05 0.000175 2.5e-05
freight 0.00015 2.5e-05 0.0005 5e-05
restrain 0.0001 0.0001 0.000425 0.0001
mtv 0.000275 2.5e-05 0.00015 0.000275
bleak 0.0001 0.0002 0.000275 0.00015
threestrok 2.5e-05 0.00065 2.5e-05 2.5e-05
minivan 0.000225 5e-05 0.000375 7.5e-05
newman 2.5e-05 0.000625 2.5e-05 5e-05
belmont 2.5e-05 0.00065 2.5e-05 2.5e-05
finalis 0.0003 0.0002 0.000175 5e-05
tuck 0.000125 0.00025 0.000175 0.000175
undertak 0.00025 0.000125 0.00015 0.0002
liver 0.000275 0.000125 0.000225 0.0001
lull 0.000175 7.5e-05 0.0004 7.5e-05
carrol 5e-05 0.0005 0.0001 7.5e-05
134 0.0001 0.000125 0.0004 0.0001
equalis 7.5e-05 0.0006 2.5e-05 2.5e-05
earnest 0.0001 0.00035 0.000125 0.00015
dj 0.000125 0.0002 0.0001 0.0003
compris 0.0001 0.000225 0.0001 0.0003
writedown 2.5e-05 2.5e-05 0.000575 0.0001
martnez 5e-05 0.000625 2.5e-05 2.5e-05
axa 0.000125 2.5e-05 0.00055 2.5e-05
libel 0.00045 7.5e-05 0.00015 5e-05
kickback 0.0001 2.5e-05 0.000575 2.5e-05
nextwav 2.5e-05 2.5e-05 0.000425 0.00025
fifthrank 5e-05 0.0006 5e-05 2.5e-05
retak 0.0006 2.5e-05 5e-05 5e-05
hmc 0.000625 2.5e-05 2.5e-05 5e-05
hesit 0.000375 0.00015 0.0001 0.0001
castl 0.0005 7.5e-05 0.000125 2.5e-05
bison 2.5e-05 0.000175 2.5e-05 0.0005
fresno 2.5e-05 0.00055 0.0001 5e-05
meaning 0.0002 0.00035 7.5e-05 0.0001
camcord 2.5e-05 2.5e-05 2.5e-05 0.00065
diebold 2.5e-05 2.5e-05 0.00015 0.000525
multiplay 2.5e-05 2.5e-05 2.5e-05 0.00065
gamehigh 2.5e-05 0.00065 2.5e-05 2.5e-05
jacki 5e-05 0.0006 5e-05 2.5e-05
santini 7.5e-05 0.0006 2.5e-05 2.5e-05
rbc 0.000175 0.000125 0.000375 5e-05
snapshot 2.5e-05 7.5e-05 0.0004 0.000225
leftwich 2.5e-05 0.00065 2.5e-05 2.5e-05
knesset 0.00065 2.5e-05 2.5e-05 2.5e-05
multiplex 7.5e-05 2.5e-05 0.000525 0.0001
catalyst 5e-05 0.0001 0.0001 0.000475
skg 2.5e-05 2.5e-05 0.00065 2.5e-05
sgi 2.5e-05 2.5e-05 2.5e-05 0.00065
yuganskneftegaz 5e-05 2.5e-05 0.000625 2.5e-05
usrussian 0.0001 2.5e-05 2.5e-05 0.000575
wm 2.5e-05 2.5e-05 0.00065 2.5e-05
quotgrand 2.5e-05 5e-05 5e-05 0.0006
auxerr 2.5e-05 0.00065 2.5e-05 2.5e-05
ctia 2.5e-05 2.5e-05 5e-05 0.000625
saver 2.5e-05 5e-05 0.0004 0.00025
ringer 2.5e-05 2.5e-05 0.00065 2.5e-05
electionyear 0.0004 2.5e-05 0.00015 0.000125
perenni 2.5e-05 0.000375 0.0002 0.0001
tab 0.0001 0.00015 0.000125 0.000325
sunset 0.0003 0.0002 2.5e-05 0.000175
suffici 0.000175 0.000125 0.000125 0.000275
youd 7.5e-05 0.000275 0.00015 0.0002
sloppi 0.0001 0.0005 7.5e-05 2.5e-05
200m 0.0001 0.000325 0.000125 0.00015
meltdown 2.5e-05 0.00025 0.000125 0.0003
beltr 7.5e-05 0.000575 2.5e-05 2.5e-05
kosovo 0.0006 2.5e-05 5e-05 2.5e-05
outlast 7.5e-05 0.00055 5e-05 2.5e-05
lama 0.000625 2.5e-05 2.5e-05 2.5e-05
legg 2.5e-05 0.0005 0.00015 2.5e-05
rolen 5e-05 0.0006 2.5e-05 2.5e-05
emit 7.5e-05 5e-05 0.0001 0.000475
swatch 7.5e-05 2.5e-05 0.0001 0.0005
penguin 2.5e-05 0.000175 2.5e-05 0.000475
ebusi 2.5e-05 2.5e-05 2.5e-05 0.000625
flesh 0.000175 7.5e-05 5e-05 0.0004
torri 2.5e-05 0.000625 2.5e-05 2.5e-05
tabloid 0.0002 0.0001 0.0001 0.0003
lawless 0.00055 0.0001 2.5e-05 2.5e-05
lit 0.00025 0.000225 0.0001 0.000125
147 0.000125 0.0003 0.000225 5e-05
362 0.0001 0.00015 0.000225 0.000225
realign 0.0002 0.000125 0.000225 0.00015
assail 0.00055 2.5e-05 5e-05 7.5e-05
shave 0.0001 0.000175 0.000275 0.00015
kerr 2.5e-05 0.000525 2.5e-05 0.000125
gloriou 2.5e-05 0.000525 2.5e-05 0.000125
riddl 0.000325 0.000125 0.00015 0.0001
uzbekistan 0.00035 0.0001 2.5e-05 0.000225
213 7.5e-05 0.000425 0.000175 2.5e-05
cemeteri 0.000575 2.5e-05 2.5e-05 7.5e-05
darrel 5e-05 0.000325 0.0001 0.000225
swallow 0.000225 5e-05 0.00025 0.000175
deer 7.5e-05 0.00015 0.000225 0.00025
brin 2.5e-05 2.5e-05 0.0003 0.00035
wooden 0.000325 0.00025 7.5e-05 5e-05
unaccept 0.00015 0.00025 0.000125 0.000175
analyt 2.5e-05 7.5e-05 2.5e-05 0.000575
obsess 0.000175 0.0002 0.000125 0.0002
unherald 2.5e-05 0.000625 2.5e-05 2.5e-05
underestim 0.00025 0.0002 5e-05 0.0002
googo 2.5e-05 2.5e-05 0.000475 0.000175
revolution 5e-05 2.5e-05 0.00015 0.000475
fishermen 0.0002 2.5e-05 7.5e-05 0.0004
ghz 2.5e-05 2.5e-05 0.000125 0.000525
npr 0.000225 0.000125 0.000175 0.000175
courag 0.000375 0.000275 2.5e-05 2.5e-05
baffl 0.0001 0.0002 0.0001 0.0003
billiondollar 0.00015 2.5e-05 0.000325 0.0002
underpin 5e-05 5e-05 0.000475 0.000125
idl 0.000175 0.00015 0.000225 0.00015
coffin 0.000475 5e-05 5e-05 0.000125
guzman 0.00045 0.0002 2.5e-05 2.5e-05
dismay 0.000275 0.000225 0.0001 0.0001
pinpoint 0.000125 0.0001 2.5e-05 0.00045
tilt 0.0001 0.000325 0.000225 5e-05
physician 0.00015 0.000175 0.000225 0.00015
advers 0.0001 0.000175 0.000225 0.0002
mandatori 0.0001 0.0002 0.00025 0.00015
slack 5e-05 0.000175 0.000425 5e-05
ahern 0.0006 5e-05 2.5e-05 2.5e-05
dilemma 0.0002 0.000175 0.000125 0.0002
gainer 2.5e-05 2.5e-05 0.000625 2.5e-05
ratchet 0.000175 2.5e-05 0.00025 0.00025
lore 2.5e-05 0.000275 7.5e-05 0.000325
businessweek 0.0001 2.5e-05 0.000125 0.00045
torch 0.0004 0.000175 2.5e-05 0.0001
insolv 7.5e-05 2.5e-05 0.000575 2.5e-05
poweredg 2.5e-05 2.5e-05 2.5e-05 0.000625
redefin 7.5e-05 0.00015 0.000125 0.00035
nasd 2.5e-05 2.5e-05 0.000625 2.5e-05
stalem 0.000375 0.00015 0.000125 5e-05
dirt 0.000275 0.0001 7.5e-05 0.00025
welsh 2.5e-05 0.00045 5e-05 0.000175
144 0.00015 0.0004 7.5e-05 7.5e-05
disband 0.000525 2.5e-05 2.5e-05 0.000125
mussina 0.00015 0.0005 2.5e-05 2.5e-05
gsm 5e-05 2.5e-05 0.0001 0.000525
resili 7.5e-05 0.000225 0.0003 0.0001
allevi 0.000175 2.5e-05 0.000325 0.000175
briberi 0.000425 2.5e-05 0.000225 2.5e-05
warsaw 0.000575 2.5e-05 5e-05 5e-05
flatscreen 5e-05 5e-05 0.0002 0.0004
choke 0.0002 0.0002 0.000125 0.000175
15inch 2.5e-05 2.5e-05 7.5e-05 0.000575
anxieti 0.00015 0.000125 0.000275 0.00015
unravel 0.0002 0.0001 0.00015 0.00025
aggreg 2.5e-05 0.000225 5e-05 0.0004
christ 0.0005 5e-05 5e-05 0.0001
stephon 7.5e-05 0.000575 2.5e-05 2.5e-05
afterhour 5e-05 2.5e-05 0.000525 0.0001
eleg 0.000175 0.000125 0.0001 0.0003
serial 0.00015 0.0001 7.5e-05 0.000375
purg 0.00045 7.5e-05 7.5e-05 0.0001
rodrigo 5e-05 0.0001 0.000525 2.5e-05
brooklyn 0.000125 0.000325 0.00015 0.0001
cocoa 0.00035 5e-05 0.000225 7.5e-05
proce 5e-05 2.5e-05 0.00055 7.5e-05
fugit 0.000625 2.5e-05 2.5e-05 2.5e-05
acr 0.0002 5e-05 0.000175 0.000275
1965 0.000325 0.0001 0.00015 0.000125
crosbi 5e-05 0.000525 0.0001 2.5e-05
ramon 7.5e-05 0.000525 5e-05 5e-05
irna 0.00055 2.5e-05 7.5e-05 5e-05
tomb 0.000325 5e-05 5e-05 0.000275
demolish 0.00025 0.00035 5e-05 5e-05
rahul 0.0001 0.00055 2.5e-05 2.5e-05
onsaturday 0.00035 2.5e-05 0.0002 0.000125
brunel 2.5e-05 0.000625 2.5e-05 2.5e-05
holland 0.00015 0.0004 7.5e-05 7.5e-05
sellout 2.5e-05 0.0006 2.5e-05 5e-05
baquba 0.000625 2.5e-05 2.5e-05 2.5e-05
yale 2.5e-05 0.000475 7.5e-05 0.000125
overtaken 7.5e-05 0.000175 0.0002 0.00025
rash 0.00025 7.5e-05 0.00015 0.000225
tonn 0.00045 2.5e-05 0.00015 7.5e-05
fragment 0.0001 5e-05 0.0001 0.00045
24yearold 0.00025 0.0003 2.5e-05 0.000125
sequenc 0.0001 0.00015 7.5e-05 0.000375
herd 0.00015 0.00015 0.00015 0.00025
ramsey 2.5e-05 0.00055 2.5e-05 0.0001
allinon 2.5e-05 2.5e-05 0.0001 0.00055
savvi 2.5e-05 2.5e-05 0.000225 0.000425
inflight 5e-05 2.5e-05 0.00015 0.000475
nobl 7.5e-05 7.5e-05 0.0004 0.00015
chuck 0.0001 0.000325 0.0001 0.000175
reservist 0.0006 2.5e-05 2.5e-05 5e-05
redesign 7.5e-05 2.5e-05 0.000125 0.000475
farther 5e-05 0.000125 0.00025 0.000275
commando 0.0006 2.5e-05 2.5e-05 5e-05
fisher 5e-05 0.000425 0.000125 0.0001
bloat 0.00015 5e-05 0.00035 0.00015
beagl 2.5e-05 2.5e-05 2.5e-05 0.000625
rachel 7.5e-05 7.5e-05 7.5e-05 0.000475
scourg 0.000225 2.5e-05 5e-05 0.0004
atla 0.0001 7.5e-05 0.000175 0.00035
altria 2.5e-05 2.5e-05 0.000625 2.5e-05
sweeten 5e-05 5e-05 0.0005 0.0001
380 0.000425 0.00015 0.0001 2.5e-05
almasri 0.000625 2.5e-05 2.5e-05 2.5e-05
fullscal 0.000325 2.5e-05 0.0001 0.00025
staf 7.5e-05 5e-05 0.000325 0.00025
procter 2.5e-05 2.5e-05 0.000625 2.5e-05
targetstocksquickinfofullquotegtmsftoltagt 2.5e-05 2.5e-05 0.000625 2.5e-05
secondterm 0.000475 2.5e-05 0.000175 2.5e-05
deaf 0.00015 2.5e-05 0.000175 0.00035
nanni 0.00045 0.0001 2.5e-05 0.000125
payoff 0.0001 5e-05 0.000475 7.5e-05
unionist 0.000625 2.5e-05 2.5e-05 2.5e-05
rodney 0.000125 0.000525 2.5e-05 2.5e-05
lip 0.000325 0.00025 7.5e-05 5e-05
straightset 2.5e-05 0.000625 2.5e-05 2.5e-05
sclerosi 7.5e-05 5e-05 0.0005 7.5e-05
twinki 5e-05 2.5e-05 0.0006 2.5e-05
fixedlin 5e-05 2.5e-05 0.0003 0.000325
brom 2.5e-05 0.000625 2.5e-05 2.5e-05
restraint 0.0002 5e-05 0.000275 0.000175
eden 2.5e-05 0.0006 5e-05 2.5e-05
ashley 5e-05 0.0006 2.5e-05 2.5e-05
pizza 0.000125 0.0002 0.000225 0.00015
hilfig 2.5e-05 2.5e-05 0.000625 2.5e-05
41st 7.5e-05 0.000225 2.5e-05 0.000375
monza 2.5e-05 0.000625 2.5e-05 2.5e-05
143 0.0001 0.0003 0.000225 7.5e-05
cosmic 5e-05 0.000125 5e-05 0.000475
marseil 2.5e-05 0.0006 2.5e-05 5e-05
leicest 0.0001 0.000475 2.5e-05 0.0001
blake 5e-05 0.00045 5e-05 0.00015
apec 0.000525 2.5e-05 0.0001 5e-05
harvey 0.000125 0.000125 0.000175 0.000275
skeleton 0.00015 5e-05 0.0001 0.0004
citroen 5e-05 0.00055 5e-05 5e-05
137 5e-05 0.00035 0.0002 0.0001
tieup 7.5e-05 2.5e-05 0.000475 0.000125
aragon 5e-05 0.0006 2.5e-05 2.5e-05
froogl 2.5e-05 2.5e-05 2.5e-05 0.000625
galact 2.5e-05 2.5e-05 2.5e-05 0.000625
knife 0.0004 0.000125 5e-05 0.000125
ky 0.0001 0.000425 7.5e-05 0.0001
quarterpoint 2.5e-05 2.5e-05 0.000625 2.5e-05
10race 2.5e-05 0.000625 2.5e-05 2.5e-05
ge 2.5e-05 2.5e-05 0.00055 0.0001
delray 2.5e-05 0.00055 0.0001 2.5e-05
headon 0.000325 0.000175 2.5e-05 0.000175
defam 0.000175 0.000325 0.0001 0.0001
mcneali 2.5e-05 2.5e-05 7.5e-05 0.000575
nit 2.5e-05 0.000625 2.5e-05 2.5e-05
cemex 5e-05 2.5e-05 0.0006 2.5e-05
hrefhttpwwwinvestorreuterscomfullquoteaspxtickermrkn 2.5e-05 2.5e-05 0.000625 2.5e-05
targetstocksquickinfofullquotegtmrknltagt 2.5e-05 2.5e-05 0.000625 2.5e-05
crate 5e-05 2.5e-05 7.5e-05 0.00055
superspeedway 2.5e-05 0.000625 2.5e-05 2.5e-05
wilmington 2.5e-05 0.0003 0.0003 7.5e-05
stelco 2.5e-05 2.5e-05 0.000625 2.5e-05
stata 2.5e-05 2.5e-05 2.5e-05 0.000625
postelect 0.000125 2.5e-05 0.0005 5e-05
rand 0.000125 5e-05 0.000375 0.000125
uae 0.0004 0.0001 0.00015 2.5e-05
rollin 2.5e-05 7.5e-05 5e-05 0.000525
canal 0.0002 7.5e-05 0.000125 0.000275
okeef 5e-05 2.5e-05 2.5e-05 0.000575
weed 0.0001 5e-05 0.000125 0.0004
tail 7.5e-05 0.0002 0.000175 0.000225
spaceflight 2.5e-05 2.5e-05 2.5e-05 0.0006
frog 5e-05 0.000125 2.5e-05 0.000475
autonom 0.000125 2.5e-05 2.5e-05 0.0005
queue 0.00015 0.00015 0.0001 0.000275
arabian 0.00045 2.5e-05 0.000125 7.5e-05
curtail 0.0001 7.5e-05 0.00025 0.00025
reef 0.0001 2.5e-05 2.5e-05 0.000525
fascin 7.5e-05 0.00015 7.5e-05 0.000375
teeth 0.000225 0.0002 2.5e-05 0.000225
bagl 2.5e-05 2.5e-05 2.5e-05 0.0006
p5 2.5e-05 2.5e-05 2.5e-05 0.0006
cybercrim 2.5e-05 2.5e-05 2.5e-05 0.0006
raucou 0.000125 0.000425 2.5e-05 0.0001
leftw 0.0004 0.0001 0.00015 2.5e-05
elementari 0.00035 0.00015 2.5e-05 0.00015
fantast 5e-05 0.0004 5e-05 0.000175
nadal 5e-05 0.000575 2.5e-05 2.5e-05
softbal 7.5e-05 0.000525 2.5e-05 5e-05
orient 7.5e-05 0.0001 0.0002 0.0003
fernandez 7.5e-05 0.00055 2.5e-05 2.5e-05
worthi 0.0001 0.000375 5e-05 0.00015
simmer 0.000175 0.000175 0.000275 5e-05
yearoveryear 2.5e-05 2.5e-05 0.00045 0.000175
stray 0.0002 0.000225 0.000125 0.000125
shutter 0.000175 2.5e-05 0.00035 0.000125
poster 0.000125 0.000225 0.00015 0.000175
pronounc 0.0001 0.000225 7.5e-05 0.000275
splinter 0.000475 5e-05 5e-05 0.0001
synchron 7.5e-05 0.000125 2.5e-05 0.00045
benazir 0.0006 2.5e-05 2.5e-05 2.5e-05
inflationari 2.5e-05 2.5e-05 0.0006 2.5e-05
lowpow 2.5e-05 2.5e-05 7.5e-05 0.00055
homebuild 2.5e-05 2.5e-05 0.0006 2.5e-05
ieee 2.5e-05 2.5e-05 2.5e-05 0.0006
hrefhttpwwwinvestorreuterscomfullquoteaspxtickerfn 2.5e-05 2.5e-05 0.0006 2.5e-05
targetstocksquickinfofullquotegtfnltagt 2.5e-05 2.5e-05 0.0006 2.5e-05
railroad 0.0003 5e-05 0.00025 7.5e-05
126 2.5e-05 0.0002 0.00035 0.0001
magna 2.5e-05 2.5e-05 0.000525 0.0001
cruciat 5e-05 0.000575 2.5e-05 2.5e-05
ethernet 2.5e-05 2.5e-05 7.5e-05 0.00055
companion 0.00015 7.5e-05 7.5e-05 0.000375
surgeon 0.00015 0.0001 7.5e-05 0.00035
kingston 0.000275 0.000325 2.5e-05 5e-05
jt 5e-05 0.00055 2.5e-05 5e-05
warfar 0.0004 5e-05 5e-05 0.000175
mathemat 2.5e-05 0.0001 2.5e-05 0.000525
cliff 7.5e-05 0.0003 2.5e-05 0.000275
pearl 0.00035 5e-05 0.0002 7.5e-05
sewag 0.0005 2.5e-05 2.5e-05 0.000125
tsb 2.5e-05 2.5e-05 0.000225 0.0004
skirt 0.000225 0.000175 0.000175 0.0001
hrefhttpwwwinvestorreuterscomfullquoteaspxtickergoogo 2.5e-05 2.5e-05 0.0006 2.5e-05
targetstocksquickinfofullquotegtgoogoltagt 2.5e-05 2.5e-05 0.0006 2.5e-05
bulgaria 0.000225 0.00015 0.0002 0.0001
editori 0.0002 2.5e-05 0.000175 0.000275
geforc 2.5e-05 2.5e-05 2.5e-05 0.0006
12year 0.000125 0.000275 0.000225 5e-05
humbl 0.000125 0.00035 5e-05 0.00015
sterl 0.000175 0.0001 0.000275 0.000125
sovereignti 0.00055 2.5e-05 2.5e-05 7.5e-05
inexperienc 0.000125 0.00045 2.5e-05 7.5e-05
immers 7.5e-05 5e-05 2.5e-05 0.000525
denialofservic 2.5e-05 2.5e-05 2.5e-05 0.0006
bumpi 0.000125 0.000125 0.000225 0.0002
inabl 0.00015 0.00025 0.00015 0.000125
unbeat 5e-05 0.000575 2.5e-05 2.5e-05
cashstrap 0.000125 0.0001 0.000375 7.5e-05
entiti 7.5e-05 2.5e-05 0.00025 0.000325
kendal 2.5e-05 0.000575 2.5e-05 5e-05
vanguard 5e-05 2.5e-05 0.000425 0.000175
shelf 0.0001 7.5e-05 0.00025 0.00025
vpn 2.5e-05 2.5e-05 0.0001 0.000525
quoton 0.000275 0.000125 0.0001 0.000175
spun 7.5e-05 0.000225 0.00015 0.000225
recoup 5e-05 7.5e-05 0.000425 0.000125
hideki 7.5e-05 0.00055 2.5e-05 2.5e-05
walkout 0.00015 2.5e-05 0.000475 2.5e-05
baggag 0.000225 7.5e-05 0.000325 5e-05
unpaid 0.0002 0.0001 0.000325 5e-05
jonesap 2.5e-05 2.5e-05 0.0006 2.5e-05
inherit 0.000225 0.0001 0.00015 0.0002
coo 2.5e-05 2.5e-05 0.0001 0.000525
1300 0.000275 5e-05 0.000225 0.000125
leaguelead 2.5e-05 0.0006 2.5e-05 2.5e-05
nab 0.000175 5e-05 0.00015 0.0003
singel 2.5e-05 2.5e-05 5e-05 0.000575
midweek 0.000125 0.0004 0.000125 2.5e-05
crawl 0.000225 0.000125 0.0001 0.000225
mid 5e-05 7.5e-05 0.000325 0.000225
kiss 0.000225 0.000175 0.0001 0.000175
bree 2.5e-05 0.0006 2.5e-05 2.5e-05
accuraci 7.5e-05 0.00015 7.5e-05 0.000375
strife 0.000325 0.0001 0.0002 5e-05
ty 5e-05 0.000575 2.5e-05 2.5e-05
snare 7.5e-05 0.000175 7.5e-05 0.00035
mi 2.5e-05 0.000575 5e-05 2.5e-05
twelv 0.0003 0.000175 0.000125 7.5e-05
arraign 0.0002 0.0002 0.0001 0.000175
sonic 5e-05 0.000325 0.000175 0.000125
atbat 2.5e-05 0.0006 2.5e-05 2.5e-05
realist 0.00015 0.0002 0.000125 0.0002
cattl 0.0002 2.5e-05 0.000275 0.000175
canyon 2.5e-05 7.5e-05 0.0001 0.000475
perfectli 0.000125 0.00035 7.5e-05 0.000125
division 2.5e-05 0.000575 5e-05 2.5e-05
pcube 2.5e-05 2.5e-05 2.5e-05 0.0006
brazen 0.00045 5e-05 5e-05 0.000125
takeoff 0.0004 0.0001 7.5e-05 0.0001
odyssey 7.5e-05 2.5e-05 0.0002 0.000375
wheaton 2.5e-05 0.000225 0.000325 0.0001
yemeni 0.0006 2.5e-05 2.5e-05 2.5e-05
withstand 7.5e-05 0.000225 0.000175 0.0002
217 2.5e-05 0.000475 0.0001 7.5e-05
amass 0.000125 0.000275 0.00015 0.000125
crise 0.000375 5e-05 0.000175 7.5e-05
ham 7.5e-05 0.000475 5e-05 7.5e-05
limp 0.0001 0.00035 0.000175 5e-05
citibank 0.000375 2.5e-05 0.000225 5e-05
prep 2.5e-05 0.000475 2.5e-05 0.00015
elud 0.00025 0.000325 2.5e-05 7.5e-05
cbsap 0.000275 2.5e-05 0.000175 0.0002
iv 2.5e-05 5e-05 7.5e-05 0.000525
156 5e-05 0.000325 0.0002 0.0001
triathlon 2.5e-05 0.0006 2.5e-05 2.5e-05
staley 5e-05 0.000575 2.5e-05 2.5e-05
color666666gtltbgtapltbgtltfontgt 2.5e-05 2.5e-05 2.5e-05 0.0006
jetlin 0.000375 2.5e-05 0.00025 2.5e-05
frontrunn 0.000175 0.000325 0.00015 2.5e-05
janet 0.00015 0.0002 0.00015 0.000175
accustom 5e-05 0.000325 0.00015 0.00015
demon 7.5e-05 0.000475 5e-05 7.5e-05
behaviour 0.000125 0.00025 0.0001 0.0002
courthous 0.00015 0.0003 0.000125 0.0001
cnnfn 2.5e-05 2.5e-05 0.0006 2.5e-05
1950 0.00015 0.0002 0.00015 0.000175
cian 5e-05 0.000575 2.5e-05 2.5e-05
thoroughbr 2.5e-05 0.000525 0.0001 2.5e-05
grossman 2.5e-05 0.000375 5e-05 0.000225
azerbaijan 5e-05 0.000575 2.5e-05 2.5e-05
marcelo 0.0001 0.000525 2.5e-05 2.5e-05
scarv 0.0006 2.5e-05 2.5e-05 2.5e-05
vastli 7.5e-05 0.000225 7.5e-05 0.0003
lofti 0.0001 0.000175 0.000225 0.000175
addi 0.00055 2.5e-05 2.5e-05 7.5e-05
ababa 0.00055 2.5e-05 2.5e-05 7.5e-05
ligu 2.5e-05 0.0006 2.5e-05 2.5e-05
basel 5e-05 0.00055 5e-05 2.5e-05
antidump 7.5e-05 2.5e-05 0.00055 2.5e-05
182 0.000275 0.000175 0.0001 0.000125
natwest 7.5e-05 0.000375 0.000175 5e-05
sticker 7.5e-05 7.5e-05 7.5e-05 0.00045
meddl 0.00055 5e-05 5e-05 2.5e-05
liberia 0.00055 7.5e-05 2.5e-05 2.5e-05
bastion 0.000575 5e-05 2.5e-05 2.5e-05
darlington 2.5e-05 0.0006 2.5e-05 2.5e-05
midoctob 7.5e-05 0.0001 5e-05 0.00045
dravid 7.5e-05 0.00055 2.5e-05 2.5e-05
elton 0.0001 0.000525 2.5e-05 2.5e-05
1981 5e-05 0.000125 0.000325 0.000175
italia 2.5e-05 7.5e-05 0.0004 0.000175
secondhighest 7.5e-05 0.000125 0.000375 0.0001
jeanclaud 7.5e-05 2.5e-05 0.00055 2.5e-05
battalion 0.000575 5e-05 2.5e-05 2.5e-05
staunch 0.0003 7.5e-05 0.0001 0.0002
recep 0.000525 2.5e-05 0.0001 2.5e-05
8217 2.5e-05 2.5e-05 2.5e-05 0.0006
betrust 2.5e-05 2.5e-05 2.5e-05 0.0006
fletcher 7.5e-05 0.000275 0.000275 5e-05
lopsid 0.000125 0.00045 7.5e-05 2.5e-05
mosley 2.5e-05 0.0006 2.5e-05 2.5e-05
merriamwebst 2.5e-05 2.5e-05 0.000125 0.0005
srchttpaddoubleclicknetadidgusifwgeneralsbcspotrssfeedsz1x1ord200301151450 2.5e-05 2.5e-05 7.5e-05 0.00055
vientian 0.00055 2.5e-05 7.5e-05 2.5e-05
damien 0.000125 0.0005 2.5e-05 2.5e-05
nedbank 2.5e-05 0.0006 2.5e-05 2.5e-05
hubi 2.5e-05 0.0006 2.5e-05 2.5e-05
t5 2.5e-05 2.5e-05 2.5e-05 0.0006
phonograph 2.5e-05 2.5e-05 2.5e-05 0.0006
hrefhttpwwwinvestorreuterscomfullquoteaspxtickermmcn 2.5e-05 2.5e-05 0.0006 2.5e-05
targetstocksquickinfofullquotegtmmcnltagt 2.5e-05 2.5e-05 0.0006 2.5e-05
calper 7.5e-05 2.5e-05 0.000475 0.0001
niigata 0.00055 2.5e-05 5e-05 5e-05
closeup 7.5e-05 2.5e-05 2.5e-05 0.00055
mccaw 2.5e-05 0.0001 5e-05 0.0005
rashard 2.5e-05 0.0006 2.5e-05 2.5e-05
geniu 7.5e-05 0.000275 7.5e-05 0.000225
bailey 0.000175 0.000325 0.0001 5e-05
brighter 0.000125 0.000175 0.00025 0.0001
character 0.00015 7.5e-05 0.0002 0.000225
broadcom 7.5e-05 2.5e-05 0.000125 0.000425
uneasi 0.000275 7.5e-05 0.000125 0.000175
presum 0.0003 0.0001 5e-05 0.0002
purs 2.5e-05 0.00025 0.0002 0.000175
outdat 0.0001 2.5e-05 0.0001 0.000425
choru 0.000225 0.000225 0.000125 7.5e-05
owl 2.5e-05 0.000125 2.5e-05 0.000475
afraid 0.000225 0.00015 0.000175 0.0001
wield 0.0002 2.5e-05 0.00015 0.000275
bacteria 5e-05 2.5e-05 0.000125 0.00045
acut 0.00015 0.0001 0.0003 0.0001
chemistri 0.000125 0.0001 5e-05 0.000375
tucson 5e-05 0.000375 5e-05 0.000175
contrari 0.00015 0.000175 7.5e-05 0.00025
forrest 2.5e-05 2.5e-05 0.000125 0.000475
williamson 2.5e-05 0.0004 0.0002 2.5e-05
bogey 2.5e-05 0.000575 2.5e-05 2.5e-05
ninegam 0.0001 0.0005 2.5e-05 2.5e-05
bitterli 0.0003 5e-05 0.0001 0.0002
deck 0.000225 0.00015 0.0001 0.000175
tremend 7.5e-05 0.000125 0.0002 0.00025
predawn 0.000425 2.5e-05 7.5e-05 0.000125
repriev 7.5e-05 0.0002 0.0003 7.5e-05
footstep 7.5e-05 0.000175 0.0001 0.0003
mode 0.000125 0.0001 7.5e-05 0.00035
dine 0.0001 0.0001 0.000225 0.000225
pepsi 5e-05 0.0002 0.000375 2.5e-05
paralyz 0.00035 5e-05 7.5e-05 0.000175
paycheck 0.000125 7.5e-05 0.000375 7.5e-05
emul 7.5e-05 0.0002 2.5e-05 0.00035
acid 5e-05 2.5e-05 5e-05 0.000525
advocaci 0.0001 2.5e-05 0.000225 0.0003
simm 2.5e-05 0.000575 2.5e-05 2.5e-05
164 0.0001 0.0004 0.000125 2.5e-05
uncl 0.0003 0.00015 0.0001 0.0001
oprah 0.000275 5e-05 0.0001 0.000225
stroll 5e-05 0.0003 7.5e-05 0.000225
colvin 0.000275 0.00015 0.00015 7.5e-05
shooter 5e-05 0.000175 2.5e-05 0.0004
prop 7.5e-05 0.00015 0.000375 5e-05
dancer 0.0004 0.000125 5e-05 7.5e-05
oldfashion 0.0001 0.000175 7.5e-05 0.0003
siberian 0.00025 0.000125 0.00025 2.5e-05
reimburs 5e-05 5e-05 0.0004 0.00015
undecid 0.000275 0.000125 0.0001 0.00015
beard 0.0001 0.000475 2.5e-05 5e-05
16year 5e-05 0.000125 0.0004 7.5e-05
paradis 0.0002 0.000225 2.5e-05 0.0002
goldmed 0.0001 0.0005 2.5e-05 2.5e-05
365 5e-05 5e-05 0.0003 0.00025
fortnight 0.000125 0.000325 0.000125 7.5e-05
frederick 0.000375 0.0001 2.5e-05 0.00015
beck 5e-05 0.0005 5e-05 5e-05
flatten 0.0004 0.0001 0.0001 5e-05
erickson 2.5e-05 0.0005 2.5e-05 0.0001
stimul 7.5e-05 0.000175 0.0002 0.0002
trot 5e-05 0.000475 2.5e-05 0.0001
roadblock 0.000375 5e-05 7.5e-05 0.00015
yank 7.5e-05 0.000325 0.000125 0.000125
nestl 7.5e-05 2.5e-05 0.000325 0.000225
meteorolog 0.0004 2.5e-05 2.5e-05 0.0002
475 7.5e-05 7.5e-05 0.000475 2.5e-05
poach 0.000125 7.5e-05 2.5e-05 0.000425
mmc 2.5e-05 7.5e-05 0.000325 0.000225
astronomi 2.5e-05 2.5e-05 2.5e-05 0.000575
scrape 0.000125 0.0003 0.000125 0.0001
wen 0.0004 2.5e-05 0.0002 2.5e-05
suck 5e-05 0.00015 0.00015 0.0003
popularli 0.000575 2.5e-05 2.5e-05 2.5e-05
info 2.5e-05 2.5e-05 7.5e-05 0.000525
klinsmann 2.5e-05 0.000575 2.5e-05 2.5e-05
baylor 2.5e-05 0.000575 2.5e-05 2.5e-05
warmup 5e-05 0.00055 2.5e-05 2.5e-05
deter 0.000225 0.000125 0.00025 5e-05
eastley 0.000475 7.5e-05 7.5e-05 2.5e-05
calf 2.5e-05 0.000575 2.5e-05 2.5e-05
instabl 0.00045 2.5e-05 0.000125 5e-05
martian 2.5e-05 2.5e-05 2.5e-05 0.000575
lenni 7.5e-05 0.000525 2.5e-05 2.5e-05
tumultu 0.00015 0.000125 0.00015 0.000225
brigad 0.00045 0.0001 2.5e-05 7.5e-05
xml 2.5e-05 2.5e-05 2.5e-05 0.000575
ps2 2.5e-05 2.5e-05 5e-05 0.00055
reshap 0.0002 0.0001 0.00025 0.0001
garag 0.0001 0.00015 0.000175 0.000225
fri 5e-05 5e-05 0.0002 0.00035
unfairli 0.000125 5e-05 0.000225 0.00025
wartim 0.000575 2.5e-05 2.5e-05 2.5e-05
till 0.0001 5e-05 0.0002 0.0003
wise 7.5e-05 0.000225 0.0001 0.00025
ion 0.000125 2.5e-05 0.000125 0.000375
emphasi 0.000125 0.000175 0.0001 0.00025
lotteri 0.0001 0.000225 0.000225 0.0001
fulltim 5e-05 0.000275 0.0001 0.000225
distort 0.00015 2.5e-05 0.00035 0.000125
enlist 0.000275 0.000125 0.0001 0.00015
emperor 0.000525 5e-05 2.5e-05 5e-05
entrench 0.000125 0.000125 0.0001 0.0003
omin 0.000175 0.000275 7.5e-05 0.000125
lopez 0.0001 0.000425 2.5e-05 0.0001
somebodi 7.5e-05 0.00035 2.5e-05 0.0002
100m 2.5e-05 0.00035 0.0001 0.000175
vna 0.0005 2.5e-05 5e-05 7.5e-05
startl 0.000125 0.000175 0.000175 0.000175
snub 0.000225 0.000125 0.000175 0.000125
charleston 0.0002 0.000375 5e-05 2.5e-05
robberi 0.0002 0.000125 0.0001 0.000225
besieg 0.000475 7.5e-05 2.5e-05 7.5e-05
30yearold 0.000125 0.000375 7.5e-05 7.5e-05
quantum 2.5e-05 5e-05 7.5e-05 0.0005
pradesh 0.0004 2.5e-05 5e-05 0.000175
sete 2.5e-05 0.000575 2.5e-05 2.5e-05
gibernau 2.5e-05 0.000575 2.5e-05 2.5e-05
resurrect 0.0001 0.0002 7.5e-05 0.000275
disgruntl 7.5e-05 0.000425 7.5e-05 7.5e-05
discard 0.00015 0.000225 5e-05 0.000225
somali 0.00055 2.5e-05 2.5e-05 5e-05
ark 0.000275 0.000125 0.0002 5e-05
renam 0.0001 0.000375 0.0001 7.5e-05
gigabit 2.5e-05 2.5e-05 5e-05 0.00055
jami 0.000125 0.0004 5e-05 7.5e-05
inappropri 0.0002 0.000125 0.00025 7.5e-05
cameroon 0.00025 0.00035 2.5e-05 2.5e-05
supremo 7.5e-05 0.00045 2.5e-05 0.0001
dilut 7.5e-05 2.5e-05 0.000475 7.5e-05
rsa 2.5e-05 2.5e-05 0.0001 0.0005
191 0.000225 0.00015 0.0002 7.5e-05
smoker 7.5e-05 2.5e-05 0.000325 0.000225
adsens 2.5e-05 2.5e-05 2.5e-05 0.000575
chilli 7.5e-05 0.000275 0.000125 0.000175
hrefhttpwwwinvestorreuterscomfullquoteaspxtickerkon 2.5e-05 2.5e-05 0.000575 2.5e-05
targetstocksquickinfofullquotegtkonltagt 2.5e-05 2.5e-05 0.000575 2.5e-05
colonel 0.00055 2.5e-05 2.5e-05 5e-05
802 2.5e-05 2.5e-05 5e-05 0.00055
smithfield 2.5e-05 2.5e-05 0.000575 2.5e-05
unlock 7.5e-05 5e-05 0.000175 0.00035
janeiro 0.000325 0.000175 0.000125 2.5e-05
famer 2.5e-05 0.000575 2.5e-05 2.5e-05
threeshot 2.5e-05 0.000575 2.5e-05 2.5e-05
diari 0.000175 0.00025 7.5e-05 0.00015
longlast 2.5e-05 2.5e-05 0.0004 0.0002
larsson 2.5e-05 0.00055 2.5e-05 5e-05
fiveday 0.0003 5e-05 0.00015 0.00015
winf 2.5e-05 2.5e-05 2.5e-05 0.000575
unpopular 0.000425 2.5e-05 7.5e-05 0.000125
rhythm 0.000125 0.0002 7.5e-05 0.00025
solidifi 0.000225 0.00025 2.5e-05 0.00015
nuclearcap 0.000575 2.5e-05 2.5e-05 2.5e-05
gaston 0.000225 0.000325 5e-05 5e-05
jackpot 0.0001 0.0002 0.000125 0.000225
us1 5e-05 0.0001 0.0004 0.0001
chore 5e-05 5e-05 7.5e-05 0.000475
scramjet 2.5e-05 2.5e-05 2.5e-05 0.000575
vinni 2.5e-05 0.000575 2.5e-05 2.5e-05
balkan 0.000525 5e-05 5e-05 2.5e-05
carr 2.5e-05 0.00045 0.0001 7.5e-05
henn 5e-05 0.0004 0.000175 2.5e-05
spar 0.00025 0.00015 0.0002 5e-05
scanner 2.5e-05 2.5e-05 0.000125 0.000475
reptil 2.5e-05 2.5e-05 2.5e-05 0.000575
christina 7.5e-05 0.000475 5e-05 5e-05
144000 7.5e-05 2.5e-05 0.000525 2.5e-05
6under 2.5e-05 0.000575 2.5e-05 2.5e-05
urib 0.000475 0.000125 2.5e-05 2.5e-05
standout 2.5e-05 0.00055 5e-05 2.5e-05
worcest 2.5e-05 0.000475 0.0001 5e-05
alessandro 2.5e-05 0.000575 2.5e-05 2.5e-05
directv 5e-05 5e-05 0.0004 0.00015
warrick 2.5e-05 0.000575 2.5e-05 2.5e-05
pregam 2.5e-05 0.000575 2.5e-05 2.5e-05
peg 0.0001 0.000175 0.000325 5e-05
alto 2.5e-05 2.5e-05 0.0002 0.0004
fourbal 0.0001 0.0005 2.5e-05 2.5e-05
skater 7.5e-05 0.000425 2.5e-05 0.000125
bro 5e-05 2.5e-05 7.5e-05 0.0005
wagner 5e-05 0.00055 2.5e-05 2.5e-05
didier 5e-05 0.00055 2.5e-05 2.5e-05
batsmen 2.5e-05 0.000575 2.5e-05 2.5e-05
bye 2.5e-05 0.000575 2.5e-05 2.5e-05
coruna 2.5e-05 0.000575 2.5e-05 2.5e-05
processorbas 2.5e-05 2.5e-05 5e-05 0.00055
webber 0.0001 0.0005 2.5e-05 2.5e-05
spadea 2.5e-05 0.000575 2.5e-05 2.5e-05
hosni 0.000575 2.5e-05 2.5e-05 2.5e-05
siro 2.5e-05 0.000575 2.5e-05 2.5e-05
homemak 7.5e-05 2.5e-05 0.000525 2.5e-05
dover 5e-05 0.000525 2.5e-05 5e-05
yusuf 0.00055 2.5e-05 2.5e-05 5e-05
fork 5e-05 0.0001 0.0002 0.0003
950 5e-05 2.5e-05 0.000475 0.0001
fdi 2.5e-05 2.5e-05 0.00055 5e-05
netegr 2.5e-05 2.5e-05 0.0003 0.0003
solana 0.000575 2.5e-05 2.5e-05 2.5e-05
anglican 0.000575 2.5e-05 2.5e-05 2.5e-05
leiter 5e-05 0.00055 2.5e-05 2.5e-05
plummer 2.5e-05 0.000575 2.5e-05 2.5e-05
tallest 0.0004 0.000125 5e-05 7.5e-05
mutin 0.00055 2.5e-05 2.5e-05 5e-05
westfield 7.5e-05 0.0001 0.00045 2.5e-05
hyatt 2.5e-05 5e-05 0.00055 2.5e-05
wilkin 2.5e-05 7.5e-05 2.5e-05 0.000525
statehood 0.000575 2.5e-05 2.5e-05 2.5e-05
regent 2.5e-05 5e-05 0.0001 0.000475
bextra 2.5e-05 2.5e-05 0.000575 2.5e-05
536 2.5e-05 2.5e-05 0.00045 0.00015
henan 0.00055 2.5e-05 2.5e-05 5e-05
diouf 5e-05 0.00055 2.5e-05 2.5e-05
jol 2.5e-05 0.000575 2.5e-05 2.5e-05
kanpur 2.5e-05 0.000575 2.5e-05 2.5e-05
swainson 2.5e-05 2.5e-05 0.000375 0.000225
purnomo 2.5e-05 2.5e-05 0.00055 2.5e-05
yusgiantoro 2.5e-05 2.5e-05 0.00055 2.5e-05
classroom 0.000225 5e-05 7.5e-05 0.000275
rethink 0.00015 0.000125 0.0001 0.00025
turtl 7.5e-05 2.5e-05 2.5e-05 0.0005
fax 5e-05 0.0001 0.000175 0.0003
sunshin 7.5e-05 0.000325 0.0001 0.000125
tester 2.5e-05 0.0001 2.5e-05 0.000475
widow 0.00045 5e-05 7.5e-05 5e-05
apollo 2.5e-05 7.5e-05 0.00015 0.000375
angl 5e-05 0.0002 5e-05 0.000325
windowsbas 2.5e-05 2.5e-05 5e-05 0.000525
multifunct 2.5e-05 5e-05 2.5e-05 0.000525
tweak 2.5e-05 0.000125 0.0001 0.000375
packet 7.5e-05 5e-05 7.5e-05 0.000425
judo 2.5e-05 0.00055 2.5e-05 2.5e-05
chipper 2.5e-05 0.000525 2.5e-05 5e-05
interf 0.00025 0.000175 0.000125 7.5e-05
climax 0.000175 0.000225 0.0001 0.000125
dalai 0.00055 2.5e-05 2.5e-05 2.5e-05
incarn 0.000125 7.5e-05 2.5e-05 0.0004
decidedli 0.0001 0.0002 0.000175 0.00015
croatian 0.00015 0.000425 2.5e-05 2.5e-05
rope 0.00015 0.0003 7.5e-05 0.0001
searcher 0.0002 2.5e-05 2.5e-05 0.000375
amus 5e-05 0.000125 0.000275 0.000175
ogden 2.5e-05 0.000475 7.5e-05 5e-05
spinal 7.5e-05 0.0001 0.000175 0.000275
exodu 0.00025 0.000175 7.5e-05 0.000125
1984 0.000175 0.000275 5e-05 0.000125
muchneed 0.000175 0.00015 0.000175 0.000125
pretend 7.5e-05 0.0002 5e-05 0.0003
burk 5e-05 0.00045 2.5e-05 0.0001
stubbornli 7.5e-05 2.5e-05 0.00045 7.5e-05
hardest 0.000125 0.000225 0.00015 0.000125
camden 2.5e-05 0.000225 0.00035 2.5e-05
treason 0.00055 2.5e-05 2.5e-05 2.5e-05
jc 2.5e-05 5e-05 0.000525 2.5e-05
penney 2.5e-05 2.5e-05 0.00055 2.5e-05
renegad 0.000425 7.5e-05 2.5e-05 0.0001
intc 2.5e-05 2.5e-05 0.000175 0.0004
durban 0.00025 0.000325 2.5e-05 2.5e-05
toma 7.5e-05 0.0005 2.5e-05 2.5e-05
flop 0.000125 0.000275 0.00015 7.5e-05
grasp 0.0002 0.000175 7.5e-05 0.000175
horrif 0.0004 0.000125 5e-05 5e-05
homegrown 0.000225 7.5e-05 0.0001 0.000225
anterior 5e-05 0.000525 2.5e-05 2.5e-05
lamar 5e-05 0.000525 2.5e-05 2.5e-05
evad 0.000325 0.000125 7.5e-05 0.0001
disagr 0.000275 0.00015 0.0001 0.0001
moktada 0.00055 2.5e-05 2.5e-05 2.5e-05
trumpet 0.0001 5e-05 0.000175 0.0003
conjunct 2.5e-05 5e-05 7.5e-05 0.000475
overs 0.000175 5e-05 0.0001 0.0003
dhabi 0.00035 5e-05 0.0002 2.5e-05
21year 0.000375 5e-05 0.000175 2.5e-05
interrog 0.00045 5e-05 7.5e-05 5e-05
nadia 7.5e-05 0.0005 2.5e-05 2.5e-05
protract 0.000275 0.000125 0.000175 5e-05
epson 2.5e-05 5e-05 5e-05 0.0005
messier 2.5e-05 5e-05 0.0005 5e-05
lisbon 0.00015 0.000275 5e-05 0.00015
cop 0.000175 0.000125 5e-05 0.000275
savag 0.00015 0.00035 5e-05 7.5e-05
gonzalez 2.5e-05 0.00055 2.5e-05 2.5e-05
atari 2.5e-05 2.5e-05 7.5e-05 0.0005
peacemak 0.000525 5e-05 2.5e-05 2.5e-05
criteria 0.0002 7.5e-05 0.000125 0.000225
ghana 0.000475 2.5e-05 2.5e-05 0.0001
trichet 7.5e-05 2.5e-05 0.0005 2.5e-05
sixnat 0.000525 5e-05 2.5e-05 2.5e-05
enrol 7.5e-05 0.0001 0.0002 0.00025
pinch 0.0001 0.00035 0.00015 2.5e-05
305 5e-05 0.00015 0.000375 5e-05
midatlant 5e-05 5e-05 0.0004 0.000125
eightyear 0.000175 0.00025 0.0001 0.0001
buffett 2.5e-05 2.5e-05 0.000525 5e-05
albani 5e-05 0.000125 0.000325 0.000125
patriarch 0.00045 0.0001 2.5e-05 5e-05
198 7.5e-05 0.000375 0.000125 5e-05
geolog 7.5e-05 2.5e-05 2.5e-05 0.0005
nepali 0.00055 2.5e-05 2.5e-05 2.5e-05
rato 5e-05 2.5e-05 0.000525 2.5e-05
invok 0.000325 5e-05 0.0001 0.00015
marque 2.5e-05 0.00035 0.000175 7.5e-05
inzamamulhaq 7.5e-05 0.0005 2.5e-05 2.5e-05
shoaib 5e-05 0.000525 2.5e-05 2.5e-05
anxious 0.000175 0.000175 0.00015 0.000125
hing 0.0002 0.000175 7.5e-05 0.000175
edinburgh 0.00015 0.00025 7.5e-05 0.00015
hamish 0.000175 0.0003 0.0001 5e-05
mustafa 0.00045 0.000125 2.5e-05 2.5e-05
evok 0.00025 0.000125 0.0001 0.00015
chew 7.5e-05 0.0001 0.0004 5e-05
kitchen 0.0002 2.5e-05 0.000175 0.000225
exot 0.0001 0.0001 0.0001 0.000325
francoi 0.000325 0.000175 0.0001 2.5e-05
39neill 2.5e-05 0.0005 7.5e-05 2.5e-05
allamerican 5e-05 0.000475 7.5e-05 2.5e-05
hurtl 5e-05 0.000125 5e-05 0.0004
bigtim 2.5e-05 0.00035 7.5e-05 0.000175
shortliv 0.000175 0.000125 0.000225 0.0001
neglig 0.0005 2.5e-05 5e-05 5e-05
racer 5e-05 0.0004 2.5e-05 0.00015
ibrox 5e-05 0.000525 2.5e-05 2.5e-05
que 0.0002 0.000225 2.5e-05 0.000175
polio 0.000525 2.5e-05 2.5e-05 5e-05
certainti 5e-05 0.000275 0.0002 0.0001
mcleish 2.5e-05 0.00055 2.5e-05 2.5e-05
gibson 0.000275 0.000225 7.5e-05 5e-05
agi 0.000175 2.5e-05 0.000375 5e-05
dens 0.000325 5e-05 5e-05 0.0002
putnam 2.5e-05 7.5e-05 0.000475 5e-05
constantli 7.5e-05 0.000125 0.000125 0.0003
pesticid 0.0001 2.5e-05 0.0001 0.0004
len 7.5e-05 0.00015 0.00015 0.00025
8212 0.000525 2.5e-05 2.5e-05 5e-05
doj 2.5e-05 2.5e-05 0.00025 0.000325
harass 0.0002 0.000125 0.000175 0.000125
sneaker 0.000175 5e-05 0.00025 0.00015
jubil 0.0002 0.000325 2.5e-05 7.5e-05
xavier 7.5e-05 0.0005 2.5e-05 2.5e-05
anew 0.000225 5e-05 0.00015 0.0002
andrei 0.000125 0.00045 2.5e-05 2.5e-05
highrank 0.000375 0.0001 0.0001 5e-05
hasselbeck 2.5e-05 0.00055 2.5e-05 2.5e-05
crudeoil 2.5e-05 2.5e-05 0.000525 5e-05
moy 2.5e-05 0.00055 2.5e-05 2.5e-05
raikkonen 5e-05 0.000525 2.5e-05 2.5e-05
motherboard 2.5e-05 2.5e-05 2.5e-05 0.00055
hadn 5e-05 0.000375 7.5e-05 0.000125
1400 0.00015 7.5e-05 0.000275 0.000125
forfeit 0.0001 0.00035 0.00015 2.5e-05
azeri 2.5e-05 0.00055 2.5e-05 2.5e-05
warmer 0.0001 2.5e-05 0.000275 0.000225
jo 0.0003 0.0002 0.0001 2.5e-05
decadelong 0.00025 0.0001 0.00015 0.000125
incompet 0.0003 0.00015 0.000125 5e-05
cater 0.0001 5e-05 0.0002 0.000275
benign 0.0001 0.000175 0.0001 0.00025
angelo 2.5e-05 0.000525 5e-05 2.5e-05
depos 0.0004 0.0001 7.5e-05 5e-05
solomon 2.5e-05 0.000525 2.5e-05 5e-05
wasserstein 5e-05 2.5e-05 0.000525 2.5e-05
infonet 2.5e-05 2.5e-05 0.00045 0.000125
terrapin 2.5e-05 0.000525 2.5e-05 5e-05
lula 0.000475 2.5e-05 0.0001 2.5e-05
acer 5e-05 2.5e-05 7.5e-05 0.000475
weakest 2.5e-05 0.0001 0.000475 2.5e-05
biomed 2.5e-05 2.5e-05 0.000475 0.0001
afar 0.000475 2.5e-05 2.5e-05 0.0001
nader 0.000475 2.5e-05 2.5e-05 0.0001
280 7.5e-05 0.0001 0.0004 5e-05
berkshir 0.000225 2.5e-05 0.000325 5e-05
concord 0.0002 0.000275 7.5e-05 7.5e-05
alsoran 2.5e-05 0.000425 7.5e-05 0.0001
zee 7.5e-05 0.0005 2.5e-05 2.5e-05
spice 0.0002 0.00015 0.000125 0.00015
adolph 2.5e-05 2.5e-05 0.00055 2.5e-05
nt 2.5e-05 2.5e-05 7.5e-05 0.0005
122 0.0001 0.000275 0.000125 0.000125
sarkozi 0.000325 2.5e-05 0.00025 2.5e-05
firstyear 5e-05 0.00045 2.5e-05 0.0001
genentech 2.5e-05 2.5e-05 0.000525 5e-05
palo 2.5e-05 2.5e-05 0.000175 0.0004
unlaw 0.0003 0.0001 0.000125 0.0001
madra 0.0001 0.000475 2.5e-05 2.5e-05
luiz 0.000475 2.5e-05 0.0001 2.5e-05
cultiv 0.000375 2.5e-05 7.5e-05 0.00015
fastestgrow 0.000175 2.5e-05 0.00025 0.000175
crimson 5e-05 0.0005 2.5e-05 5e-05
alberto 0.000425 0.00015 2.5e-05 2.5e-05
sternum 2.5e-05 0.00055 2.5e-05 2.5e-05
macedonia 0.0005 5e-05 2.5e-05 5e-05
suborbit 2.5e-05 2.5e-05 2.5e-05 0.00055
sparta 2.5e-05 0.00055 2.5e-05 2.5e-05
jebaliya 0.00055 2.5e-05 2.5e-05 2.5e-05
landmin 0.00055 2.5e-05 2.5e-05 2.5e-05
hyderabad 0.000125 2.5e-05 0.00035 0.000125
secunia 2.5e-05 2.5e-05 2.5e-05 0.00055
bambino 2.5e-05 0.000525 5e-05 2.5e-05
elan 2.5e-05 2.5e-05 0.00055 2.5e-05
newsom 5e-05 2.5e-05 0.0001 0.00045
fungu 2.5e-05 2.5e-05 0.000425 0.00015
valderrama 2.5e-05 0.00055 2.5e-05 2.5e-05
advanta 2.5e-05 0.00055 2.5e-05 2.5e-05
turnpik 2.5e-05 2.5e-05 0.00055 2.5e-05
madden 2.5e-05 5e-05 0.000125 0.0004
nest 5e-05 2.5e-05 2.5e-05 0.0005
alvin 2.5e-05 0.000475 2.5e-05 7.5e-05
vent 0.000225 0.00015 2.5e-05 0.0002
ecosystem 5e-05 2.5e-05 2.5e-05 0.0005
scarc 0.00015 7.5e-05 0.000175 0.0002
static 2.5e-05 2.5e-05 5e-05 0.0005
overst 7.5e-05 5e-05 0.0003 0.000175
jessica 0.0001 0.00025 5e-05 0.0002
30th 0.00015 0.000175 0.000175 0.0001
nake 0.000175 0.0002 2.5e-05 0.0002
clever 7.5e-05 7.5e-05 7.5e-05 0.000375
volcan 0.0001 7.5e-05 2.5e-05 0.0004
uc 2.5e-05 7.5e-05 7.5e-05 0.000425
abid 0.000225 0.0001 0.000125 0.00015
wong 7.5e-05 5e-05 0.000125 0.00035
257 2.5e-05 0.0004 0.000125 5e-05
leonard 5e-05 0.0004 5e-05 0.0001
rfk 5e-05 0.0005 2.5e-05 2.5e-05
buffet 0.0002 0.00015 0.00015 0.0001
nanotechnolog 2.5e-05 2.5e-05 7.5e-05 0.000475
heed 0.000375 0.000125 5e-05 5e-05
koski 5e-05 0.0005 2.5e-05 2.5e-05
contributor 0.000125 0.0002 7.5e-05 0.0002
dialysi 7.5e-05 2.5e-05 0.000475 2.5e-05
header 2.5e-05 0.000475 2.5e-05 7.5e-05
fourweek 5e-05 5e-05 0.0004 0.0001
friendship 0.000325 0.000175 5e-05 5e-05
2011 7.5e-05 0.000325 0.00015 5e-05
brendan 5e-05 0.0004 7.5e-05 7.5e-05
mclean 7.5e-05 0.000125 0.00015 0.00025
darwin 7.5e-05 5e-05 5e-05 0.000425
con 5e-05 7.5e-05 0.0001 0.000375
kernel 2.5e-05 2.5e-05 7.5e-05 0.000475
cassinihuygen 2.5e-05 2.5e-05 2.5e-05 0.000525
fifthlargest 7.5e-05 2.5e-05 0.00045 5e-05
tack 0.000125 0.000175 0.0001 0.0002
winfrey 0.000275 7.5e-05 7.5e-05 0.000175
self 0.00015 0.0003 7.5e-05 7.5e-05
algorithm 5e-05 2.5e-05 2.5e-05 0.0005
rippl 7.5e-05 0.00015 0.000225 0.00015
inhabit 0.000125 7.5e-05 7.5e-05 0.000325
disqualifi 0.0001 0.000425 5e-05 2.5e-05
400000 0.0001 7.5e-05 0.00025 0.000175
insert 5e-05 0.000125 0.00015 0.000275
irvin 2.5e-05 0.00025 0.0001 0.000225
yell 0.000125 0.000325 2.5e-05 0.000125
classmat 0.00025 5e-05 0.00015 0.00015
lavrov 0.000475 2.5e-05 5e-05 5e-05
symptom 0.00025 7.5e-05 5e-05 0.000225
flourish 0.0001 0.000175 7.5e-05 0.00025
nielsen 7.5e-05 5e-05 0.000325 0.00015
refrain 0.000275 0.000125 0.000175 2.5e-05
gail 0.0002 0.0003 7.5e-05 2.5e-05
sheer 0.000225 0.0002 5e-05 0.000125
mute 0.000125 0.0001 0.00025 0.000125
trudg 0.000225 0.000225 5e-05 0.0001
framingham 2.5e-05 0.0003 0.000175 0.0001
obvious 7.5e-05 0.0003 7.5e-05 0.00015
swipe 7.5e-05 0.0002 0.00015 0.000175
nixon 0.0002 0.0003 7.5e-05 2.5e-05
thornton 5e-05 0.000275 0.000225 5e-05
drc 0.0005 2.5e-05 2.5e-05 5e-05
willing 0.000275 0.000175 0.0001 5e-05
junip 2.5e-05 2.5e-05 0.000175 0.000375
wobbl 0.00015 0.0002 0.000125 0.000125
muster 0.00015 0.000175 0.00015 0.000125
chalk 0.0001 0.000225 0.0001 0.000175
ching 2.5e-05 0.000525 2.5e-05 2.5e-05
fetch 0.0001 5e-05 0.000175 0.000275
roadway 0.000275 2.5e-05 0.000275 2.5e-05
bowa 2.5e-05 0.000525 2.5e-05 2.5e-05
190 7.5e-05 0.0004 5e-05 7.5e-05
val 2.5e-05 0.000525 2.5e-05 2.5e-05
alejandro 0.000325 0.000225 2.5e-05 2.5e-05
skyhigh 5e-05 2.5e-05 0.00045 7.5e-05
plume 0.000425 2.5e-05 2.5e-05 0.000125
kroger 2.5e-05 5e-05 0.000475 5e-05
burger 7.5e-05 0.0002 0.000125 0.0002
beneficiari 0.00015 0.0001 0.000175 0.000175
peshawar 0.000525 2.5e-05 2.5e-05 2.5e-05
simmon 2.5e-05 0.0004 7.5e-05 0.0001
basement 0.000175 7.5e-05 0.000175 0.000175
infant 0.000275 0.0001 7.5e-05 0.00015
uruguay 0.000375 0.00015 2.5e-05 5e-05
maddux 2.5e-05 0.000525 2.5e-05 2.5e-05
shimon 0.000525 2.5e-05 2.5e-05 2.5e-05
gloom 7.5e-05 0.0003 0.00015 7.5e-05
restitut 2.5e-05 2.5e-05 0.000425 0.000125
spearhead 0.0002 0.00015 0.000125 0.000125
woodgat 2.5e-05 0.000525 2.5e-05 2.5e-05
propaganda 0.000425 2.5e-05 5e-05 0.0001
h5n1 0.00045 2.5e-05 2.5e-05 0.0001
leapt 0.0001 0.0002 0.000275 2.5e-05
espn2 2.5e-05 0.000525 2.5e-05 2.5e-05
parttim 0.0001 0.00025 0.000125 0.000125
archbishop 0.000425 0.000125 2.5e-05 2.5e-05
prehistor 5e-05 2.5e-05 2.5e-05 0.0005
unsur 0.00015 0.000325 2.5e-05 0.0001
handler 0.000125 7.5e-05 0.00025 0.00015
anna 0.000175 0.000275 7.5e-05 7.5e-05
airfar 2.5e-05 2.5e-05 0.000425 0.000125
malwar 2.5e-05 2.5e-05 5e-05 0.0005
bulgarian 0.000225 0.000125 5e-05 0.0002
centrifug 0.000475 2.5e-05 7.5e-05 2.5e-05
17year 0.00035 0.0001 2.5e-05 0.000125
everyday 0.000125 5e-05 7.5e-05 0.00035
sevengam 7.5e-05 0.000475 2.5e-05 2.5e-05
rigg 0.0001 7.5e-05 0.0004 2.5e-05
smoltz 5e-05 0.0005 2.5e-05 2.5e-05
alou 7.5e-05 0.000475 2.5e-05 2.5e-05
winnipeg 0.00025 0.0002 0.000125 2.5e-05
taeyoung 0.0001 0.00045 2.5e-05 2.5e-05
gandhi 0.000475 2.5e-05 5e-05 5e-05
unsuccess 7.5e-05 0.0002 0.00025 7.5e-05
woke 0.00015 0.00025 0.0001 0.0001
patti 7.5e-05 0.000425 7.5e-05 2.5e-05
edvard 0.00045 2.5e-05 2.5e-05 0.0001
fiber 2.5e-05 5e-05 0.000125 0.0004
throng 0.0003 0.0002 5e-05 5e-05
shouldn 0.0001 0.0001 0.0002 0.0002
guerrouj 5e-05 0.0005 2.5e-05 2.5e-05
mortal 0.0002 0.0001 7.5e-05 0.000225
vernon 5e-05 0.00045 2.5e-05 7.5e-05
waterhous 2.5e-05 0.00045 0.0001 2.5e-05
wrongli 0.00015 5e-05 0.000275 0.000125
damp 0.000125 5e-05 0.000375 5e-05
cushion 7.5e-05 0.000175 0.0003 5e-05
enewslett 2.5e-05 2.5e-05 0.00045 0.0001
weep 0.000475 5e-05 5e-05 2.5e-05
rear 0.0001 0.0001 0.000225 0.000175
moldova 7.5e-05 0.00045 2.5e-05 5e-05
caretak 0.00015 0.000375 2.5e-05 5e-05
goaltend 2.5e-05 0.000525 2.5e-05 2.5e-05
aris 0.00015 0.000125 0.0002 0.000125
cruz 7.5e-05 0.000475 2.5e-05 2.5e-05
215 5e-05 0.0003 7.5e-05 0.000175
norm 0.000225 7.5e-05 0.00015 0.00015
specter 0.000325 5e-05 0.0001 0.000125
mont 7.5e-05 0.00025 0.000225 5e-05
wolv 7.5e-05 0.00025 7.5e-05 0.0002
lukashenko 0.000475 2.5e-05 7.5e-05 2.5e-05
127 7.5e-05 0.0002 0.0003 2.5e-05
sisler 5e-05 0.0005 2.5e-05 2.5e-05
creep 0.000175 0.00015 0.000125 0.00015
buckl 0.000125 7.5e-05 0.000225 0.000175
oilfield 0.0001 2.5e-05 0.000425 5e-05
vista 5e-05 0.000225 5e-05 0.000275
perceiv 0.00015 0.0001 0.00015 0.0002
simpson 7.5e-05 0.000125 7.5e-05 0.000325
transcript 7.5e-05 0.0001 0.0003 0.000125
crocodil 0.000375 2.5e-05 2.5e-05 0.000175
tn 2.5e-05 0.0004 0.0001 7.5e-05
ahold 5e-05 2.5e-05 0.0005 2.5e-05
xserv 2.5e-05 2.5e-05 2.5e-05 0.000525
censu 0.000175 2.5e-05 0.000275 0.000125
canuck 2.5e-05 0.0005 5e-05 2.5e-05
aborigin 0.00045 2.5e-05 2.5e-05 0.0001
onetwo 0.00015 0.000325 2.5e-05 0.0001
steami 5e-05 0.00045 5e-05 5e-05
guwahati 0.000525 2.5e-05 2.5e-05 2.5e-05
surgic 5e-05 0.0002 0.00025 0.0001
prescrib 0.000125 5e-05 0.000225 0.0002
harrow 0.00025 0.00015 2.5e-05 0.000175
howel 2.5e-05 0.000525 2.5e-05 2.5e-05
anheuserbusch 0.0001 7.5e-05 0.0004 2.5e-05
kimi 5e-05 0.000475 5e-05 2.5e-05
veil 0.000225 2.5e-05 7.5e-05 0.000275
lateseason 2.5e-05 0.000525 2.5e-05 2.5e-05
vy 0.000125 0.00025 2.5e-05 0.0002
235 2.5e-05 0.000375 0.000125 7.5e-05
countdown 7.5e-05 0.00015 2.5e-05 0.00035
amar 7.5e-05 0.0004 7.5e-05 5e-05
poulter 2.5e-05 0.000525 2.5e-05 2.5e-05
shah 0.000525 2.5e-05 2.5e-05 2.5e-05
goalless 2.5e-05 0.000525 2.5e-05 2.5e-05
newmont 0.0002 2.5e-05 0.000325 5e-05
lt 0.0004 2.5e-05 0.0001 7.5e-05
buffer 0.000125 5e-05 0.000175 0.00025
macedonian 0.000525 2.5e-05 2.5e-05 2.5e-05
511 2.5e-05 0.0005 2.5e-05 5e-05
decadesold 0.00035 5e-05 0.000125 7.5e-05
ute 2.5e-05 0.000525 2.5e-05 2.5e-05
fixtur 5e-05 0.0003 0.000125 0.000125
rosi 0.000125 0.000175 0.000175 0.000125
convey 0.000275 0.000175 7.5e-05 7.5e-05
nou 2.5e-05 0.000525 2.5e-05 2.5e-05
nonconfer 2.5e-05 0.000525 2.5e-05 2.5e-05
181 2.5e-05 0.000125 0.0004 5e-05
sanford 2.5e-05 0.0003 2.5e-05 0.00025
adriano 2.5e-05 0.000525 2.5e-05 2.5e-05
pavel 2.5e-05 0.000525 2.5e-05 2.5e-05
aka 2.5e-05 0.000125 5e-05 0.0004
imbal 0.0001 2.5e-05 0.000425 5e-05
seminol 2.5e-05 0.0005 2.5e-05 5e-05
burnett 2.5e-05 0.00025 0.00025 7.5e-05
intermitt 7.5e-05 2.5e-05 5e-05 0.00045
edgerrin 2.5e-05 0.000525 2.5e-05 2.5e-05
jabalya 0.000525 2.5e-05 2.5e-05 2.5e-05
filetrad 5e-05 2.5e-05 2.5e-05 0.0005
newsday 2.5e-05 0.0001 0.00035 0.000125
ultrasparc 2.5e-05 2.5e-05 2.5e-05 0.000525
audiotap 0.000525 2.5e-05 2.5e-05 2.5e-05
drogba 2.5e-05 0.000525 2.5e-05 2.5e-05
recaptur 0.00035 7.5e-05 7.5e-05 0.0001
floodwat 0.0005 5e-05 2.5e-05 2.5e-05
unconfirm 0.000425 5e-05 7.5e-05 5e-05
nemesi 7.5e-05 0.000275 5e-05 0.0002
quotan 0.000225 0.0001 7.5e-05 0.0002
sylvania 2.5e-05 0.000525 2.5e-05 2.5e-05
tressel 2.5e-05 0.000525 2.5e-05 2.5e-05
camacho 2.5e-05 0.000525 2.5e-05 2.5e-05
kluivert 2.5e-05 0.000525 2.5e-05 2.5e-05
infertil 0.000175 2.5e-05 2.5e-05 0.000375
holyfield 2.5e-05 0.000525 2.5e-05 2.5e-05
youzhni 2.5e-05 0.000525 2.5e-05 2.5e-05
sebastian 0.000125 0.000425 2.5e-05 2.5e-05
clough 7.5e-05 0.00045 5e-05 2.5e-05
quotbest 7.5e-05 7.5e-05 0.000425 2.5e-05
oecd 5e-05 2.5e-05 0.0005 2.5e-05
nordic 0.000275 7.5e-05 0.0002 5e-05
rekindl 2.5e-05 7.5e-05 0.000325 0.000175
url 2.5e-05 2.5e-05 2.5e-05 0.000525
baikonur 0.000125 2.5e-05 2.5e-05 0.000425
villanova 2.5e-05 0.000525 2.5e-05 2.5e-05
stanst 0.000525 2.5e-05 2.5e-05 2.5e-05
ingram 0.00015 7.5e-05 0.00035 2.5e-05
gaz 2.5e-05 0.000525 2.5e-05 2.5e-05
luka 0.000125 0.0004 2.5e-05 5e-05
nicotin 2.5e-05 2.5e-05 0.000125 0.000425
ecb 2.5e-05 0.00015 0.0004 2.5e-05
pippen 5e-05 0.0005 2.5e-05 2.5e-05
mandalay 5e-05 0.000425 0.0001 2.5e-05
a350 2.5e-05 2.5e-05 0.000525 2.5e-05
twotest 5e-05 0.0005 2.5e-05 2.5e-05
ltmeta 2.5e-05 2.5e-05 0.000525 2.5e-05
middecemb 5e-05 2.5e-05 0.000475 5e-05
mele 5e-05 0.000475 2.5e-05 5e-05
g20 7.5e-05 2.5e-05 0.000475 2.5e-05
bpd 2.5e-05 2.5e-05 0.0005 2.5e-05
trevor 0.0001 0.0003 0.00015 2.5e-05
sidewalk 0.000225 7.5e-05 0.000125 0.00015
facto 0.00015 7.5e-05 7.5e-05 0.000275
lowpric 2.5e-05 2.5e-05 5e-05 0.000475
pensacola 0.000375 2.5e-05 5e-05 0.000125
poet 0.000375 2.5e-05 5e-05 0.000125
color666666gtltbgtlesli 2.5e-05 2.5e-05 5e-05 0.000475
walkerltbgtltfontgt 2.5e-05 2.5e-05 5e-05 0.000475
historian 0.000275 2.5e-05 5e-05 0.000225
scrimmag 2.5e-05 0.000475 2.5e-05 5e-05
alamo 7.5e-05 7.5e-05 2.5e-05 0.0004
stuf 0.00025 0.0001 0.00015 7.5e-05
yuri 0.0002 0.0001 7.5e-05 0.0002
pest 7.5e-05 5e-05 0.00015 0.0003
schoolchildren 0.000375 0.0001 2.5e-05 7.5e-05
punta 0.000375 2.5e-05 0.000125 5e-05
gorda 0.000375 2.5e-05 0.000125 5e-05
slept 0.000425 2.5e-05 2.5e-05 0.0001
ai 2.5e-05 0.000375 5e-05 0.000125
yorker 0.000175 0.000175 0.000175 5e-05
launder 0.000125 0.0001 0.0003 5e-05
spitz 0.0002 0.000325 2.5e-05 2.5e-05
curiou 5e-05 0.0002 7.5e-05 0.00025
kayak 2.5e-05 0.00035 0.000125 7.5e-05
malaria 0.00025 2.5e-05 5e-05 0.00025
anthrax 0.000225 2.5e-05 2.5e-05 0.0003
buzzer 2.5e-05 0.000475 2.5e-05 5e-05
wmtn 2.5e-05 2.5e-05 0.0005 2.5e-05
knot 0.000125 0.00025 0.00015 5e-05
whistleblow 0.0003 2.5e-05 0.000175 7.5e-05
privileg 0.000175 0.00015 7.5e-05 0.000175
macworld 2.5e-05 2.5e-05 7.5e-05 0.00045
distress 0.00025 5e-05 0.000175 0.0001
lans 5e-05 0.000275 7.5e-05 0.000175
regina 0.000225 0.0001 5e-05 0.0002
secondyear 2.5e-05 0.0005 2.5e-05 2.5e-05
brunei 0.000475 2.5e-05 5e-05 2.5e-05
alga 2.5e-05 2.5e-05 2.5e-05 0.0005
carpet 0.0002 0.00015 5e-05 0.000175
gigabyt 2.5e-05 2.5e-05 5e-05 0.000475
trilog 0.00015 0.000175 7.5e-05 0.000175
pleasant 0.000125 0.00025 2.5e-05 0.000175
fiorina 2.5e-05 2.5e-05 0.000175 0.00035
shipper 5e-05 2.5e-05 0.00045 5e-05
downturn 5e-05 2.5e-05 0.0004 0.0001
threshold 7.5e-05 0.000125 0.000275 0.0001
blagojevich 5e-05 2.5e-05 7.5e-05 0.000425
syndrom 0.0002 5e-05 0.000175 0.00015
nablu 0.0005 2.5e-05 2.5e-05 2.5e-05
morgu 0.00045 7.5e-05 2.5e-05 2.5e-05
derrick 2.5e-05 0.000475 2.5e-05 5e-05
sardinia 0.000325 0.0002 2.5e-05 2.5e-05
abund 5e-05 0.00015 5e-05 0.000325
wheat 0.00015 7.5e-05 0.000275 7.5e-05
searchengin 2.5e-05 2.5e-05 0.000125 0.0004
dominion 0.0001 5e-05 0.000375 5e-05
228 7.5e-05 7.5e-05 0.00025 0.000175
14000 0.000125 5e-05 0.000175 0.000225
backlash 0.000325 0.0001 0.0001 5e-05
uncondit 0.00025 0.000125 0.0001 0.0001
reconcili 0.0004 5e-05 7.5e-05 5e-05
nearer 0.000175 7.5e-05 0.000125 0.0002
kate 0.000125 0.000275 5e-05 0.000125
megapixel 2.5e-05 2.5e-05 5e-05 0.000475
pessimist 0.000125 0.000125 0.000225 0.0001
scholarship 5e-05 0.000275 2.5e-05 0.000225
mend 0.000375 2.5e-05 7.5e-05 0.0001
valuat 2.5e-05 7.5e-05 0.0004 7.5e-05
danforth 0.0005 2.5e-05 2.5e-05 2.5e-05
virtu 0.000125 0.000125 0.0001 0.000225
39hare 2.5e-05 2.5e-05 0.0005 2.5e-05
piper 2.5e-05 5e-05 0.000375 0.000125
congressman 0.00035 5e-05 7.5e-05 0.0001
shouldnt 0.0001 0.0001 0.0001 0.000275
mongolia 0.00035 2.5e-05 2.5e-05 0.000175
nevil 2.5e-05 0.0003 0.000225 2.5e-05
parallel 0.000175 5e-05 0.000125 0.000225
burlington 2.5e-05 0.00035 0.000125 7.5e-05
weird 0.0001 0.00015 2.5e-05 0.0003
winemak 5e-05 2.5e-05 0.00045 5e-05
finn 5e-05 0.000375 0.000125 2.5e-05
inn 0.000125 5e-05 0.000125 0.000275
compos 0.000225 0.0001 7.5e-05 0.000175
supervis 0.00025 2.5e-05 0.000225 7.5e-05
upsid 2.5e-05 0.000175 0.000225 0.00015
bred 7.5e-05 7.5e-05 5e-05 0.000375
unprofit 2.5e-05 2.5e-05 0.000475 5e-05
gambro 2.5e-05 2.5e-05 0.0005 2.5e-05
mann 0.000325 5e-05 0.00015 5e-05
suppress 0.00035 5e-05 7.5e-05 0.0001
17month 2.5e-05 5e-05 0.00035 0.00015
theunit 0.000275 2.5e-05 0.000175 0.0001
durham 5e-05 0.000325 2.5e-05 0.000175
purveyor 2.5e-05 2.5e-05 0.000125 0.0004
parma 5e-05 0.00045 5e-05 2.5e-05
dunk 2.5e-05 0.0005 2.5e-05 2.5e-05
der 5e-05 0.00025 0.000175 0.0001
thecompani 2.5e-05 2.5e-05 0.0003 0.000225
unab 0.00015 7.5e-05 0.0003 5e-05
sift 0.000275 2.5e-05 0.0001 0.000175
leukemia 0.00035 7.5e-05 0.0001 5e-05
dad 5e-05 0.0003 7.5e-05 0.00015
kewel 2.5e-05 0.000475 5e-05 2.5e-05
cleaner 0.000125 2.5e-05 0.000325 0.0001
webb 2.5e-05 0.00035 5e-05 0.00015
clamp 0.0001 0.0001 0.000225 0.00015
11000 7.5e-05 5e-05 0.0002 0.00025
villarr 2.5e-05 0.0005 2.5e-05 2.5e-05
crisp 0.0001 0.00015 7.5e-05 0.00025
gerard 0.0002 0.000275 7.5e-05 2.5e-05
mahmud 0.0005 2.5e-05 2.5e-05 2.5e-05
squander 0.0001 0.0004 2.5e-05 5e-05
butt 0.0001 0.000325 0.0001 5e-05
ipass 2.5e-05 2.5e-05 5e-05 0.000475
anguish 0.000375 0.00015 2.5e-05 2.5e-05
fatigu 5e-05 0.000375 5e-05 0.0001
eaten 0.00015 2.5e-05 0.00015 0.00025
messina 2.5e-05 0.0005 2.5e-05 2.5e-05
alta 0.0002 0.000275 5e-05 5e-05
tori 0.00035 7.5e-05 7.5e-05 7.5e-05
souvenir 5e-05 0.0003 5e-05 0.000175
hatch 0.000175 0.0001 5e-05 0.00025
westbrook 2.5e-05 0.0005 2.5e-05 2.5e-05
reload 2.5e-05 0.0001 5e-05 0.0004
recip 7.5e-05 0.0001 0.0001 0.0003
hitech 0.0001 2.5e-05 7.5e-05 0.000375
stereo 7.5e-05 2.5e-05 0.0001 0.000375
magnat 5e-05 0.000125 0.00025 0.00015
intco 2.5e-05 2.5e-05 0.000225 0.0003
holmgren 2.5e-05 0.0005 2.5e-05 2.5e-05
alexei 7.5e-05 0.000325 0.00015 2.5e-05
jelena 2.5e-05 0.0005 2.5e-05 2.5e-05
breakdown 0.0001 0.0003 7.5e-05 0.0001
tornado 0.000325 7.5e-05 5e-05 0.000125
kazmir 0.0001 0.000425 2.5e-05 2.5e-05
intercontinent 0.000125 0.0001 0.0003 5e-05
weir 2.5e-05 0.000375 5e-05 0.000125
guardsmen 0.0005 2.5e-05 2.5e-05 2.5e-05
bashar 0.0005 2.5e-05 2.5e-05 2.5e-05
oneweek 7.5e-05 5e-05 0.000425 2.5e-05
inclta 2.5e-05 2.5e-05 0.000425 0.0001
memorabilia 7.5e-05 0.0002 5e-05 0.00025
joanna 2.5e-05 0.0002 0.0002 0.00015
se 7.5e-05 0.00015 5e-05 0.0003
jurisdict 5e-05 0.000125 0.000225 0.000175
machineri 0.000175 2.5e-05 0.000325 5e-05
multimillionair 0.0001 0.0002 0.0002 7.5e-05
yemen 0.0005 2.5e-05 2.5e-05 2.5e-05
goss 0.0005 2.5e-05 2.5e-05 2.5e-05
compress 2.5e-05 2.5e-05 7.5e-05 0.00045
db2 2.5e-05 2.5e-05 2.5e-05 0.0005
fiverun 5e-05 0.000475 2.5e-05 2.5e-05
badger 2.5e-05 0.00045 2.5e-05 7.5e-05
5underpar 2.5e-05 0.0005 2.5e-05 2.5e-05
5under 2.5e-05 0.0005 2.5e-05 2.5e-05
scath 0.0002 0.0001 0.0002 7.5e-05
128 0.000125 0.000175 0.00015 0.000125
rubberstamp 0.000125 7.5e-05 0.00035 2.5e-05
ideolog 0.0004 2.5e-05 5e-05 0.0001
merced 0.0001 0.00015 0.00025 7.5e-05
harrah 2.5e-05 2.5e-05 0.0005 2.5e-05
stade 2.5e-05 0.0005 2.5e-05 2.5e-05
39connor 2.5e-05 0.0005 2.5e-05 2.5e-05
diaz 7.5e-05 0.000425 5e-05 2.5e-05
1710 2.5e-05 0.000475 5e-05 2.5e-05
delug 0.00015 0.0001 5e-05 0.000275
armitag 0.0005 2.5e-05 2.5e-05 2.5e-05
ventura 2.5e-05 0.000175 2.5e-05 0.00035
germain 2.5e-05 0.0005 2.5e-05 2.5e-05
inexpens 2.5e-05 7.5e-05 0.0001 0.000375
suntim 5e-05 5e-05 0.0004 7.5e-05
111 0.0001 0.000375 5e-05 5e-05
bentley 5e-05 0.00045 5e-05 2.5e-05
vizquel 2.5e-05 0.0005 2.5e-05 2.5e-05
viabl 0.0001 2.5e-05 7.5e-05 0.000375
tow 0.0003 7.5e-05 5e-05 0.00015
padalka 5e-05 2.5e-05 2.5e-05 0.000475
sixteen 0.00015 0.000275 2.5e-05 0.000125
shrank 2.5e-05 2.5e-05 0.0005 2.5e-05
petrocanada 2.5e-05 2.5e-05 0.0005 2.5e-05
ladder 0.000225 0.000175 5e-05 0.000125
000 0.0001 0.000225 0.000125 0.000125
larkin 2.5e-05 0.0005 2.5e-05 2.5e-05
natwar 0.000475 2.5e-05 5e-05 2.5e-05
hrefhttpwwwinvestorreuterscomfullquoteaspxtickerpfen 2.5e-05 2.5e-05 0.0005 2.5e-05
targetstocksquickinfofullquotegtpfenltagt 2.5e-05 2.5e-05 0.0005 2.5e-05
absent 0.000225 0.000225 0.0001 2.5e-05
destini 0.0001 0.000275 0.000125 7.5e-05
lid 0.0001 7.5e-05 0.0002 0.0002
lafayett 2.5e-05 0.0004 5e-05 0.0001
undercov 0.000275 7.5e-05 2.5e-05 0.0002
elliott 0.0001 0.0004 5e-05 2.5e-05
corn 5e-05 2.5e-05 0.000325 0.000175
formid 0.000125 0.0002 0.00015 0.0001
linz 2.5e-05 0.00045 2.5e-05 7.5e-05
schwartz 2.5e-05 2.5e-05 5e-05 0.000475
karol 7.5e-05 0.00045 2.5e-05 2.5e-05
unisi 2.5e-05 2.5e-05 0.0001 0.000425
illicit 0.000225 2.5e-05 7.5e-05 0.00025
jitter 7.5e-05 0.0001 0.000375 2.5e-05
tongu 0.000125 0.000225 0.000125 0.0001
quotmak 2.5e-05 2.5e-05 5e-05 0.000475
radioshack 2.5e-05 2.5e-05 0.000475 5e-05
sultan 0.0005 2.5e-05 2.5e-05 2.5e-05
colder 5e-05 2.5e-05 0.00045 5e-05
169 0.00015 0.00015 0.00025 2.5e-05
exanta 7.5e-05 2.5e-05 0.00045 2.5e-05
wwf 2.5e-05 2.5e-05 2.5e-05 0.0005
bancorp 2.5e-05 2.5e-05 0.000475 5e-05
allrussian 5e-05 0.000475 2.5e-05 2.5e-05
foodland 2.5e-05 2.5e-05 0.0005 2.5e-05
fia 2.5e-05 0.000475 5e-05 2.5e-05
dragon 7.5e-05 0.00015 5e-05 0.0003
ame 5e-05 0.00025 5e-05 0.000225
orchard 5e-05 0.00045 5e-05 2.5e-05
rusedski 5e-05 0.000475 2.5e-05 2.5e-05
butch 2.5e-05 0.0005 2.5e-05 2.5e-05
bnei 2.5e-05 0.0005 2.5e-05 2.5e-05
wismilak 2.5e-05 0.0005 2.5e-05 2.5e-05
donetsk 5e-05 0.000475 2.5e-05 2.5e-05
a9 5e-05 2.5e-05 5e-05 0.00045
allegi 0.00045 5e-05 2.5e-05 5e-05
hoon 0.0005 2.5e-05 2.5e-05 2.5e-05
evand 2.5e-05 0.0005 2.5e-05 2.5e-05
inacio 0.00045 2.5e-05 7.5e-05 2.5e-05
trusecur 2.5e-05 2.5e-05 2.5e-05 0.0005
wgcamerican 2.5e-05 0.0005 2.5e-05 2.5e-05
perciv 2.5e-05 0.0005 2.5e-05 2.5e-05
239 2.5e-05 0.00025 0.000175 0.000125
azzam 0.0005 2.5e-05 2.5e-05 2.5e-05
hrefhttpaddoubleclicknetclk92289759651165ahttpwwwinfoworldcomspotlightssbcmainhtmllpid0103035400730000idlpgtsbc 2.5e-05 2.5e-05 5e-05 0.000475
barrelltagtltbrgtwhat 2.5e-05 2.5e-05 5e-05 0.000475
getgo 2.5e-05 2.5e-05 5e-05 0.000475
moreltpgt 2.5e-05 2.5e-05 5e-05 0.000475
gucci 2.5e-05 2.5e-05 0.0005 2.5e-05
thomastown 0.0001 0.000425 2.5e-05 2.5e-05
textbook 5e-05 5e-05 2.5e-05 0.00045
socceroo 2.5e-05 0.0005 2.5e-05 2.5e-05
clorox 2.5e-05 2.5e-05 0.0005 2.5e-05
maui 2.5e-05 0.00045 2.5e-05 7.5e-05
biogen 2.5e-05 2.5e-05 0.0005 2.5e-05
bono 0.0001 2.5e-05 2.5e-05 0.000425
harrigan 0.000125 2.5e-05 0.0004 2.5e-05
765 2.5e-05 5e-05 2.5e-05 0.000475
tszyu 5e-05 0.000475 2.5e-05 2.5e-05
shwe 0.0005 2.5e-05 2.5e-05 2.5e-05
vh 2.5e-05 5e-05 2.5e-05 0.000475
zay 0.0005 2.5e-05 2.5e-05 2.5e-05
karmazin 2.5e-05 2.5e-05 0.0004 0.000125
traian 0.0005 2.5e-05 2.5e-05 2.5e-05
basescu 0.0005 2.5e-05 2.5e-05 2.5e-05
1bn 5e-05 2.5e-05 0.000425 5e-05
pavilion 5e-05 0.000225 5e-05 0.000225
mow 2.5e-05 2.5e-05 7.5e-05 0.000425
dot 7.5e-05 0.000125 7.5e-05 0.000275
reagan 0.000175 2.5e-05 0.00025 0.0001
immort 0.000125 0.000325 5e-05 5e-05
chandra 5e-05 5e-05 7.5e-05 0.000375
potato 0.000125 7.5e-05 0.00015 0.0002
freescal 2.5e-05 2.5e-05 0.000175 0.000325
indepth 7.5e-05 5e-05 0.0002 0.000225
budapest 0.000275 0.000225 2.5e-05 2.5e-05
gambler 0.00015 0.00015 0.0002 5e-05
scotia 0.000225 5e-05 7.5e-05 0.0002
snake 0.00025 5e-05 2.5e-05 0.000225
booth 0.0001 0.00015 0.000125 0.000175
threeway 7.5e-05 0.00025 0.000175 5e-05
earl 7.5e-05 0.0004 2.5e-05 5e-05
nicol 0.0001 0.000325 0.0001 2.5e-05
monk 0.0003 7.5e-05 0.0001 7.5e-05
ounc 5e-05 7.5e-05 0.0003 0.000125
serbiamontenegro 0.000125 0.0003 2.5e-05 0.0001
flotat 5e-05 2.5e-05 0.00035 0.000125
tipoff 0.00025 0.0002 2.5e-05 7.5e-05
costum 0.000175 0.00015 5e-05 0.000175
spec 0.0001 5e-05 5e-05 0.00035
jess 0.00015 0.000325 2.5e-05 5e-05
clung 0.000125 0.00015 0.000225 5e-05
quotdo 0.0002 0.000175 7.5e-05 0.0001
tussl 0.000125 0.000225 0.000125 7.5e-05
rashid 0.000475 2.5e-05 2.5e-05 2.5e-05
fixedincom 2.5e-05 2.5e-05 0.000475 2.5e-05
outperform 5e-05 5e-05 0.0004 5e-05
trickl 0.00015 0.0001 0.00015 0.00015
springbok 2.5e-05 0.000475 2.5e-05 2.5e-05
kiwi 2.5e-05 0.000425 5e-05 5e-05
pandem 0.000325 2.5e-05 5e-05 0.00015
softer 0.0001 5e-05 0.000325 7.5e-05
houstonbas 2.5e-05 2.5e-05 0.000475 2.5e-05
ahman 5e-05 0.00045 2.5e-05 2.5e-05
spider 7.5e-05 2.5e-05 2.5e-05 0.000425
wilder 0.0002 0.0001 2.5e-05 0.000225
bind 0.000175 5e-05 7.5e-05 0.00025
pan 0.000175 0.00015 7.5e-05 0.00015
zoom 2.5e-05 2.5e-05 5e-05 0.00045
maraud 0.0002 7.5e-05 2.5e-05 0.00025
pier 7.5e-05 5e-05 0.0004 2.5e-05
lifecycl 2.5e-05 2.5e-05 5e-05 0.00045
crimp 2.5e-05 2.5e-05 0.0004 0.0001
er 5e-05 0.000175 0.000125 0.0002
caucasu 0.00045 2.5e-05 2.5e-05 5e-05
dever 0.000225 0.000275 2.5e-05 2.5e-05
forens 0.00025 2.5e-05 0.0001 0.000175
heroic 0.000125 0.00035 2.5e-05 5e-05
coron 0.000375 0.000125 2.5e-05 2.5e-05
viciou 0.0003 0.000125 5e-05 7.5e-05
vaunt 2.5e-05 0.000225 0.000125 0.000175
precaut 0.000125 5e-05 0.00015 0.000225
unsettl 0.000125 0.0002 0.000125 0.0001
fab 5e-05 0.0001 5e-05 0.00035
tinker 5e-05 7.5e-05 0.000125 0.0003
alfr 0.000225 0.000125 7.5e-05 0.000125
unpatch 2.5e-05 2.5e-05 2.5e-05 0.000475
gobbl 5e-05 0.0001 0.0001 0.0003
rejuven 0.0001 0.000275 0.0001 7.5e-05
sake 0.000225 0.00015 5e-05 0.000125
theu 0.000125 2.5e-05 0.0002 0.0002
ronaldinho 2.5e-05 0.000475 2.5e-05 2.5e-05
hrefhttpwwwinvestorreuterscomfullquoteaspxtickergdtn 2.5e-05 2.5e-05 0.000475 2.5e-05
targetstocksquickinfofullquotegtgdtnltagt 2.5e-05 2.5e-05 0.000475 2.5e-05
bate 5e-05 0.00045 2.5e-05 2.5e-05
janjawe 0.000475 2.5e-05 2.5e-05 2.5e-05
highresolut 7.5e-05 2.5e-05 2.5e-05 0.000425
drugstor 2.5e-05 2.5e-05 0.00045 5e-05
15day 2.5e-05 0.000475 2.5e-05 2.5e-05
132 5e-05 0.00025 0.000175 7.5e-05
whampoa 2.5e-05 2.5e-05 0.000475 2.5e-05
mutualfund 2.5e-05 2.5e-05 0.000475 2.5e-05
peirsol 5e-05 0.00045 2.5e-05 2.5e-05
pere 0.000475 2.5e-05 2.5e-05 2.5e-05
liu 0.0001 0.00035 5e-05 5e-05
authoritarian 0.00045 2.5e-05 2.5e-05 5e-05
breakup 7.5e-05 5e-05 0.000225 0.0002
mn 2.5e-05 0.00045 5e-05 2.5e-05
quotyou 2.5e-05 0.00035 7.5e-05 0.0001
thriller 5e-05 0.000425 2.5e-05 5e-05
stagnat 0.000125 5e-05 0.000325 5e-05
tribe 0.00015 7.5e-05 0.00015 0.000175
131 5e-05 0.000225 0.00025 2.5e-05
piero 5e-05 0.00045 2.5e-05 2.5e-05
infrar 2.5e-05 2.5e-05 2.5e-05 0.000475
boldli 5e-05 5e-05 7.5e-05 0.000375
ljubic 5e-05 0.00045 2.5e-05 2.5e-05
alumni 7.5e-05 0.00035 5e-05 7.5e-05
theyd 0.0001 0.0002 0.000125 0.000125
smuggler 0.00045 2.5e-05 2.5e-05 5e-05
modif 2.5e-05 7.5e-05 0.0001 0.00035
cfl 2.5e-05 0.000475 2.5e-05 2.5e-05
argonaut 5e-05 0.000425 2.5e-05 5e-05
sociedad 2.5e-05 0.000475 2.5e-05 2.5e-05
lithuanian 0.000275 0.000125 0.0001 5e-05
sped 0.0002 0.0002 0.0001 5e-05
sara 2.5e-05 0.000225 0.000225 7.5e-05
cesar 0.00015 0.000275 5e-05 7.5e-05
khurshid 0.00035 2.5e-05 0.00015 2.5e-05
kasuri 0.00035 2.5e-05 0.00015 2.5e-05
taxi 0.000275 0.0001 5e-05 0.000125
onsunday 0.0003 7.5e-05 7.5e-05 0.0001
ko 0.000125 0.000125 0.0002 0.0001
alarabiya 0.000475 2.5e-05 2.5e-05 2.5e-05
lectur 0.0001 5e-05 0.00015 0.00025
zhang 0.000275 0.00015 5e-05 7.5e-05
brick 0.000125 0.000125 0.00015 0.00015
erron 2.5e-05 0.000125 0.0001 0.0003
realis 0.000125 0.0002 7.5e-05 0.00015
airborn 0.000125 0.0001 0.0001 0.000225
anbar 0.00045 5e-05 2.5e-05 2.5e-05
outpitch 7.5e-05 0.000425 2.5e-05 2.5e-05
finetun 7.5e-05 0.00015 5e-05 0.000275
handov 0.000425 5e-05 2.5e-05 5e-05
squash 0.00015 0.00025 5e-05 0.0001
a1 0.000125 5e-05 0.00035 2.5e-05
530 0.000175 0.000125 0.00015 0.0001
enclav 0.000425 2.5e-05 7.5e-05 2.5e-05
heroin 0.000275 0.00015 7.5e-05 5e-05
yearli 0.0001 5e-05 0.000325 7.5e-05
campus 5e-05 5e-05 0.0001 0.00035
kezman 2.5e-05 0.000475 2.5e-05 2.5e-05
tedford 2.5e-05 0.000475 2.5e-05 2.5e-05
robbin 2.5e-05 0.000475 2.5e-05 2.5e-05
109 5e-05 0.00025 0.00015 0.0001
reciproc 0.0001 5e-05 5e-05 0.00035
luggag 0.000275 0.000175 7.5e-05 2.5e-05
warin 0.0002 0.000275 2.5e-05 5e-05
2nd 0.000175 0.0002 0.0001 7.5e-05
400m 5e-05 0.000275 0.00015 7.5e-05
295 5e-05 5e-05 0.000425 2.5e-05
decisionmak 0.000125 0.0001 0.000125 0.0002
mitsui 5e-05 7.5e-05 0.0004 2.5e-05
boyfriend 0.000225 0.000225 5e-05 5e-05
202 0.000325 0.00015 5e-05 2.5e-05
cholesterol 2.5e-05 2.5e-05 0.000175 0.000325
kuchma 0.000475 2.5e-05 2.5e-05 2.5e-05
124 7.5e-05 0.000225 0.000175 7.5e-05
clutter 5e-05 0.000125 0.0001 0.000275
backyard 7.5e-05 7.5e-05 7.5e-05 0.000325
goalscor 2.5e-05 0.000475 2.5e-05 2.5e-05
discourag 0.0001 7.5e-05 0.000125 0.00025
705 2.5e-05 0.00045 2.5e-05 5e-05
quicker 2.5e-05 0.000175 0.000125 0.000225
dioxin 0.000375 2.5e-05 2.5e-05 0.000125
plaintiff 2.5e-05 2.5e-05 0.00025 0.00025
118 0.00015 0.000175 0.000175 5e-05
excerpt 0.00015 7.5e-05 5e-05 0.000275
feast 5e-05 0.000175 0.000175 0.00015
fibr 2.5e-05 2.5e-05 2.5e-05 0.000475
valentin 0.000125 0.000375 2.5e-05 2.5e-05
remak 0.0002 0.0001 7.5e-05 0.000175
forese 2.5e-05 0.0001 0.00015 0.000275
mba 5e-05 5e-05 0.000225 0.000225
juggernaut 2.5e-05 0.000125 0.000125 0.000275
venetica 2.5e-05 2.5e-05 2.5e-05 0.000475
bankrol 0.00035 2.5e-05 0.000125 5e-05
avalanch 7.5e-05 0.000325 2.5e-05 0.000125
facetofac 0.00035 5e-05 5e-05 0.0001
airtran 2.5e-05 2.5e-05 0.000475 2.5e-05
boardroom 2.5e-05 0.0001 0.000375 5e-05
grous 2.5e-05 2.5e-05 0.0001 0.0004
scar 0.000225 0.00025 2.5e-05 5e-05
fraudster 2.5e-05 2.5e-05 5e-05 0.00045
reassess 0.000125 0.0001 0.000225 0.0001
recordequal 7.5e-05 0.000425 2.5e-05 2.5e-05
mack 2.5e-05 0.000475 2.5e-05 2.5e-05
botch 0.000225 0.00015 5e-05 0.000125
covert 0.0004 2.5e-05 2.5e-05 0.0001
knoxvil 2.5e-05 0.00045 5e-05 2.5e-05
745 2.5e-05 0.0001 0.000125 0.0003
falsifi 2.5e-05 2.5e-05 0.000125 0.000375
bruno 2.5e-05 0.00045 5e-05 2.5e-05
candidaci 0.00035 0.0001 7.5e-05 2.5e-05
conciliatori 0.0004 2.5e-05 7.5e-05 5e-05
wellpoint 2.5e-05 2.5e-05 0.000475 2.5e-05
mb 2.5e-05 2.5e-05 2.5e-05 0.000475
mandelson 0.0001 2.5e-05 0.0004 2.5e-05
lowli 5e-05 0.0003 5e-05 0.00015
giddi 5e-05 0.00035 7.5e-05 7.5e-05
mistaken 0.0003 0.000125 0.0001 2.5e-05
barnier 0.000475 2.5e-05 2.5e-05 2.5e-05
richi 2.5e-05 0.000475 2.5e-05 2.5e-05
presidentelect 0.000375 5e-05 7.5e-05 5e-05
sharpen 0.0001 2.5e-05 0.0003 0.000125
toth 0.000225 5e-05 7.5e-05 0.0002
bledso 2.5e-05 0.000475 2.5e-05 2.5e-05
penc 5e-05 7.5e-05 0.000375 5e-05
hokkaido 0.00045 5e-05 2.5e-05 2.5e-05
clayton 5e-05 0.000325 7.5e-05 0.0001
dariu 2.5e-05 0.000475 2.5e-05 2.5e-05
mismatch 2.5e-05 0.000425 7.5e-05 2.5e-05
insecur 0.00035 5e-05 5e-05 0.0001
onesid 7.5e-05 0.000425 2.5e-05 2.5e-05
fallon 5e-05 0.00045 2.5e-05 2.5e-05
emmitt 2.5e-05 0.000475 2.5e-05 2.5e-05
profound 0.000175 5e-05 0.0001 0.000225
trough 0.0001 2.5e-05 0.000375 5e-05
harden 0.00015 0.00015 0.000175 7.5e-05
sin 0.000325 7.5e-05 7.5e-05 7.5e-05
stalk 0.000225 0.0001 2.5e-05 0.0002
goran 2.5e-05 0.000475 2.5e-05 2.5e-05
debacl 0.0001 0.0002 0.000175 7.5e-05
jerez 2.5e-05 0.000475 2.5e-05 2.5e-05
hrefhttpwwwreuterscoukfinancequotelookupjhtmltickeribmn 2.5e-05 2.5e-05 2.5e-05 0.000475
qcatnewsgtibmnltagt 2.5e-05 2.5e-05 2.5e-05 0.000475
yawn 5e-05 0.000125 0.000275 0.0001
kandahar 0.000475 2.5e-05 2.5e-05 2.5e-05
mayorga 2.5e-05 0.000475 2.5e-05 2.5e-05
russianu 7.5e-05 2.5e-05 2.5e-05 0.000425
ambul 0.0004 7.5e-05 2.5e-05 5e-05
boilermak 2.5e-05 0.000475 2.5e-05 2.5e-05
martyn 5e-05 0.000425 2.5e-05 5e-05
mirag 7.5e-05 0.000125 0.000325 2.5e-05
panhandl 0.000375 5e-05 5e-05 7.5e-05
maradona 5e-05 0.00045 2.5e-05 2.5e-05
precari 0.00025 0.00015 2.5e-05 0.000125
mushroom 0.0003 2.5e-05 7.5e-05 0.00015
harddisk 2.5e-05 2.5e-05 2.5e-05 0.000475
invesco 2.5e-05 5e-05 0.00045 2.5e-05
maci 2.5e-05 2.5e-05 0.00045 5e-05
trooper 0.0002 0.00025 2.5e-05 7.5e-05
mordechai 0.000425 2.5e-05 2.5e-05 7.5e-05
yearonyear 2.5e-05 2.5e-05 0.000425 7.5e-05
fasttrack 0.00025 5e-05 0.0001 0.00015
rix 5e-05 0.00045 2.5e-05 2.5e-05
fiercest 0.0002 0.000225 0.0001 2.5e-05
oneil 2.5e-05 0.000475 2.5e-05 2.5e-05
sehwag 5e-05 0.00045 2.5e-05 2.5e-05
az 2.5e-05 0.000475 2.5e-05 2.5e-05
hurricanerel 2.5e-05 2.5e-05 0.000475 2.5e-05
tiki 5e-05 0.00045 2.5e-05 2.5e-05
axim 2.5e-05 2.5e-05 2.5e-05 0.000475
10thrank 2.5e-05 0.000475 2.5e-05 2.5e-05
ultra 7.5e-05 2.5e-05 2.5e-05 0.000425
crosslicens 2.5e-05 2.5e-05 7.5e-05 0.000425
350000 5e-05 2.5e-05 0.000425 5e-05
twoyearold 0.000325 2.5e-05 0.0001 0.0001
ascent 5e-05 5e-05 0.000125 0.000325
cartridg 2.5e-05 2.5e-05 0.000125 0.000375
craven 2.5e-05 0.000475 2.5e-05 2.5e-05
baltic 0.000325 2.5e-05 0.00015 5e-05
fivepoint 0.000125 0.000375 2.5e-05 2.5e-05
gritti 5e-05 0.00035 5e-05 0.0001
jiabao 0.000325 2.5e-05 0.000175 2.5e-05
200506 2.5e-05 0.000475 2.5e-05 2.5e-05
shortcom 0.0001 0.00015 0.0001 0.0002
farina 2.5e-05 0.000475 2.5e-05 2.5e-05
vfb 2.5e-05 0.000475 2.5e-05 2.5e-05
nagaland 0.000475 2.5e-05 2.5e-05 2.5e-05
rashad 5e-05 0.00045 2.5e-05 2.5e-05
cnbc 2.5e-05 2.5e-05 0.00045 5e-05
henkel 2.5e-05 2.5e-05 0.000475 2.5e-05
bouak 0.000475 2.5e-05 2.5e-05 2.5e-05
96000 2.5e-05 2.5e-05 0.000475 2.5e-05
2410 2.5e-05 0.00045 2.5e-05 5e-05
cann 2.5e-05 2.5e-05 2.5e-05 0.000475
switkowski 5e-05 2.5e-05 0.00045 2.5e-05
muniswami 0.000475 2.5e-05 2.5e-05 2.5e-05
clearwir 2.5e-05 2.5e-05 2.5e-05 0.000475
flore 2.5e-05 5e-05 2.5e-05 0.00045
bcn 2.5e-05 5e-05 5e-05 0.000425
indemnif 2.5e-05 2.5e-05 5e-05 0.00045
cropp 2.5e-05 0.000475 2.5e-05 2.5e-05
mccant 2.5e-05 0.000475 2.5e-05 2.5e-05
adt 2.5e-05 0.000475 2.5e-05 2.5e-05
sevenspac 2.5e-05 2.5e-05 2.5e-05 0.000475
scorch 0.000125 0.000275 7.5e-05 5e-05
sidestep 0.000175 5e-05 0.00015 0.00015
henderson 2.5e-05 0.000125 5e-05 0.000325
twoman 5e-05 0.0001 2.5e-05 0.00035
2015 0.00015 2.5e-05 7.5e-05 0.000275
fisheri 0.000125 2.5e-05 2.5e-05 0.00035
vertic 2.5e-05 5e-05 5e-05 0.0004
ntp 2.5e-05 2.5e-05 0.000275 0.0002
forgot 2.5e-05 0.0003 5e-05 0.00015
accumul 0.0001 0.0001 0.00015 0.000175
thread 7.5e-05 0.0001 5e-05 0.0003
rogu 7.5e-05 5e-05 0.000125 0.000275
sanctuari 0.0002 5e-05 5e-05 0.000225
cathedr 0.00025 7.5e-05 2.5e-05 0.000175
cosmodrom 7.5e-05 2.5e-05 2.5e-05 0.0004
amanda 2.5e-05 0.000175 2.5e-05 0.0003
90nanomet 2.5e-05 2.5e-05 2.5e-05 0.00045
techi 2.5e-05 2.5e-05 0.0001 0.000375
38t 2.5e-05 2.5e-05 2.5e-05 0.00045
intuit 5e-05 5e-05 7.5e-05 0.00035
kohler 2.5e-05 0.00015 5e-05 0.0003
mare 2.5e-05 0.00045 2.5e-05 2.5e-05
bustl 0.000225 7.5e-05 0.000125 0.0001
mahdi 0.00045 2.5e-05 2.5e-05 2.5e-05
lori 0.000275 0.000175 2.5e-05 5e-05
walsh 5e-05 0.00035 5e-05 7.5e-05
chapel 0.000125 0.000325 2.5e-05 5e-05
countless 5e-05 0.000175 0.00015 0.00015
275 7.5e-05 0.00015 0.00025 5e-05
goodal 0.00015 2.5e-05 0.00025 0.0001
intelsat 2.5e-05 2.5e-05 0.0003 0.000175
preacher 0.000425 2.5e-05 2.5e-05 5e-05
defenseman 5e-05 0.000425 2.5e-05 2.5e-05
lufthansa 0.0003 2.5e-05 0.0001 0.0001
antiamerican 0.000325 0.000125 2.5e-05 5e-05
hrefhttpwwwinvestorreuterscomfullquoteaspxtickerntto 2.5e-05 2.5e-05 0.00045 2.5e-05
targetstocksquickinfofullquotegtnttoltagt 2.5e-05 2.5e-05 0.00045 2.5e-05
vagu 0.000175 2.5e-05 0.000125 0.0002
cake 0.000125 0.0001 0.0002 0.0001
aing 2.5e-05 0.00045 2.5e-05 2.5e-05
brockton 2.5e-05 0.00045 2.5e-05 2.5e-05
slowerthanexpect 2.5e-05 2.5e-05 0.00045 2.5e-05
crosscountri 2.5e-05 0.000275 5e-05 0.000175
kde 2.5e-05 2.5e-05 2.5e-05 0.00045
tibetan 0.0004 2.5e-05 2.5e-05 7.5e-05
wallabi 2.5e-05 0.00045 2.5e-05 2.5e-05
slovenia 0.00015 0.000325 2.5e-05 2.5e-05
ashburn 2.5e-05 0.00035 2.5e-05 0.000125
flamboy 0.0001 0.00025 7.5e-05 0.0001
disbelief 0.00025 0.000175 2.5e-05 7.5e-05
versatil 7.5e-05 0.0002 2.5e-05 0.000225
layup 7.5e-05 0.0004 2.5e-05 2.5e-05
eyebrow 0.000125 0.00015 0.0001 0.00015
threeyearold 0.000125 2.5e-05 0.00015 0.000225
vie 0.0001 0.00015 7.5e-05 0.0002
salut 0.0002 0.0002 5e-05 7.5e-05
waiver 5e-05 0.000425 2.5e-05 2.5e-05
finalround 2.5e-05 0.00045 2.5e-05 2.5e-05
pic 5e-05 0.0002 2.5e-05 0.00025
soak 5e-05 0.000175 0.0001 0.0002
wacki 0.000125 0.000275 7.5e-05 5e-05
mansion 0.0002 7.5e-05 0.000125 0.000125
whop 5e-05 0.000125 0.00015 0.0002
remedi 0.000125 5e-05 0.00015 0.0002
tiffani 2.5e-05 0.00015 0.000325 2.5e-05
pot 0.0001 0.00015 7.5e-05 0.0002
jeanmari 5e-05 2.5e-05 0.000425 2.5e-05
pascal 0.000125 2.5e-05 0.0003 7.5e-05
lami 0.0001 2.5e-05 0.000375 2.5e-05
varsiti 2.5e-05 0.0004 2.5e-05 7.5e-05
toughen 0.0002 0.00015 7.5e-05 0.0001
oral 7.5e-05 0.00015 0.000175 0.000125
hoy 2.5e-05 0.000175 0.0003 2.5e-05
censur 0.000275 5e-05 0.000175 2.5e-05
succumb 7.5e-05 0.000175 0.000225 5e-05
daln 2.5e-05 2.5e-05 0.00045 2.5e-05
condoleezza 0.000425 2.5e-05 2.5e-05 5e-05
pupil 0.000375 5e-05 2.5e-05 7.5e-05
incompat 7.5e-05 2.5e-05 5e-05 0.000375
slowest 5e-05 0.000125 0.000325 2.5e-05
shannon 7.5e-05 0.000275 0.000125 5e-05
hanov 0.00015 0.000225 0.000125 2.5e-05
logan 5e-05 0.000275 0.00015 5e-05
macau 0.000175 5e-05 0.000225 7.5e-05
bigmoney 5e-05 0.000225 0.000225 2.5e-05
invalid 0.0003 7.5e-05 5e-05 0.0001
daiei 0.000125 2.5e-05 0.00035 2.5e-05
analys 7.5e-05 7.5e-05 5e-05 0.000325
18000 7.5e-05 2.5e-05 0.0001 0.000325
rapper 0.00015 0.0001 0.000175 0.0001
algerian 0.000425 2.5e-05 5e-05 2.5e-05
midmarket 2.5e-05 2.5e-05 2.5e-05 0.00045
netsuit 2.5e-05 2.5e-05 5e-05 0.000425
swagger 5e-05 0.000375 7.5e-05 2.5e-05
overrun 0.000125 7.5e-05 0.00015 0.000175
blanket 0.000175 2.5e-05 5e-05 0.000275
salesforcecom 2.5e-05 2.5e-05 7.5e-05 0.0004
resurfac 0.0001 0.00015 0.0001 0.000175
lob 0.00025 0.0002 2.5e-05 5e-05
coloss 0.00015 0.000175 0.0001 0.0001
rainer 7.5e-05 0.000275 0.0001 7.5e-05
raindelay 2.5e-05 0.00045 2.5e-05 2.5e-05
39ta 0.0001 0.0003 7.5e-05 5e-05
plow 0.000325 5e-05 7.5e-05 7.5e-05
silverman 2.5e-05 2.5e-05 5e-05 0.000425
kirkland 2.5e-05 0.000325 7.5e-05 0.0001
rescind 0.00015 0.00015 0.00015 7.5e-05
baromet 0.0001 7.5e-05 0.0003 5e-05
cyberon 2.5e-05 2.5e-05 0.00045 2.5e-05
9th 2.5e-05 0.0002 7.5e-05 0.000225
alcatel 5e-05 2.5e-05 0.000225 0.000225
isv 2.5e-05 2.5e-05 5e-05 0.000425
hapless 0.0001 0.0002 7.5e-05 0.00015
coke 2.5e-05 5e-05 0.000375 7.5e-05
hrefhttpwwwinvestorreuterscomfullquoteaspxtickerenrnqpk 2.5e-05 2.5e-05 0.00045 2.5e-05
targetstocksquickinfofullquotegtenrnqpkltagt 2.5e-05 2.5e-05 0.00045 2.5e-05
nicaragua 0.000275 2.5e-05 2.5e-05 0.0002
hrefhttpwwwinvestorreuterscomfullquoteaspxtickergmn 2.5e-05 2.5e-05 0.00045 2.5e-05
deng 0.0004 7.5e-05 2.5e-05 2.5e-05
andov 2.5e-05 0.00045 2.5e-05 2.5e-05
vt 2.5e-05 0.000375 5e-05 7.5e-05
banda 0.00045 2.5e-05 2.5e-05 2.5e-05
yacht 0.000125 0.00025 0.0001 5e-05
thirteen 0.000175 0.000175 5e-05 0.000125
maritim 0.000375 5e-05 7.5e-05 2.5e-05
ismail 0.0004 7.5e-05 2.5e-05 2.5e-05
islamonlinenet 0.00045 2.5e-05 2.5e-05 2.5e-05
mafia 0.00035 5e-05 5e-05 7.5e-05
marti 2.5e-05 0.000425 5e-05 2.5e-05
quotfor 0.0001 0.0002 5e-05 0.000175
upright 2.5e-05 7.5e-05 7.5e-05 0.00035
zaragoza 2.5e-05 0.00045 2.5e-05 2.5e-05
wana 0.00045 2.5e-05 2.5e-05 2.5e-05
pulsat 2.5e-05 0.0004 5e-05 5e-05
ch 2.5e-05 0.000375 5e-05 7.5e-05
bulldoz 0.00035 0.0001 2.5e-05 5e-05
mickey 2.5e-05 0.000225 0.00015 0.000125
pigeon 0.000125 5e-05 2.5e-05 0.000325
tyre 0.000175 0.0003 2.5e-05 2.5e-05
triniti 5e-05 0.000175 2.5e-05 0.000275
carniv 0.000175 0.000125 0.0002 2.5e-05
pire 5e-05 0.000425 2.5e-05 2.5e-05
iamgold 2.5e-05 2.5e-05 0.00045 2.5e-05
scandalhit 0.000125 2.5e-05 0.00035 2.5e-05
gaze 0.00015 0.00015 7.5e-05 0.00015
stitch 2.5e-05 0.00025 7.5e-05 0.000175
sunris 0.0002 5e-05 0.0001 0.000175
bahrain 0.000375 2.5e-05 7.5e-05 5e-05
ruptur 7.5e-05 0.000325 5e-05 7.5e-05
isl 5e-05 0.000175 5e-05 0.00025
nut 0.0001 7.5e-05 0.0002 0.00015
blend 5e-05 0.000125 0.00015 0.0002
quotr 7.5e-05 0.000125 0.000275 5e-05
fluctuat 0.000225 2.5e-05 0.0002 7.5e-05
mateja 2.5e-05 0.00045 2.5e-05 2.5e-05
springboard 7.5e-05 0.00035 2.5e-05 7.5e-05
relish 5e-05 0.0004 2.5e-05 5e-05
mcteer 2.5e-05 2.5e-05 0.00045 2.5e-05
hrefhttpwwwreuterscoukfinancequotelookupjhtmltickerintco 2.5e-05 2.5e-05 2.5e-05 0.00045
qcatnewsgtintcoltagt 2.5e-05 2.5e-05 2.5e-05 0.00045
harper 0.0002 0.000225 7.5e-05 2.5e-05
hid 0.000125 7.5e-05 0.0003 2.5e-05
glut 2.5e-05 7.5e-05 0.00025 0.000175
rulon 7.5e-05 0.0004 2.5e-05 2.5e-05
untouch 0.000175 0.000125 0.0002 2.5e-05
shalom 0.00045 2.5e-05 2.5e-05 2.5e-05
impli 0.000125 7.5e-05 0.00015 0.000175
broadbas 2.5e-05 2.5e-05 0.0004 7.5e-05
thinner 5e-05 2.5e-05 0.000125 0.000325
bias 0.0002 5e-05 0.00015 0.000125
philipp 0.0001 0.000225 0.00015 5e-05
overfish 7.5e-05 2.5e-05 2.5e-05 0.0004
carcass 0.0002 5e-05 2.5e-05 0.00025
umbrella 0.00015 0.0001 0.0001 0.000175
j2ee 2.5e-05 2.5e-05 2.5e-05 0.00045
edonkey 2.5e-05 2.5e-05 2.5e-05 0.00045
juliet 7.5e-05 0.0004 2.5e-05 2.5e-05
petrova 2.5e-05 0.00045 2.5e-05 2.5e-05
bethesda 0.0001 5e-05 0.0002 0.000175
edmond 2.5e-05 0.00045 2.5e-05 2.5e-05
ia 2.5e-05 0.0004 7.5e-05 2.5e-05
densiti 2.5e-05 5e-05 5e-05 0.0004
sevenrun 0.0001 0.000375 2.5e-05 2.5e-05
charismat 0.000225 0.0002 5e-05 5e-05
40th 0.00015 0.000225 2.5e-05 0.000125
tpc 2.5e-05 0.000425 5e-05 2.5e-05
farmland 7.5e-05 5e-05 0.00025 0.00015
33yearold 5e-05 0.000425 2.5e-05 2.5e-05
runway 0.00025 0.0001 7.5e-05 0.0001
domenech 2.5e-05 0.00045 2.5e-05 2.5e-05
cohen 2.5e-05 0.0001 0.0002 0.0002
usiraqi 0.00045 2.5e-05 2.5e-05 2.5e-05
10m 0.000125 0.0001 2.5e-05 0.000275
nathali 2.5e-05 0.00045 2.5e-05 2.5e-05
dechi 2.5e-05 0.00045 2.5e-05 2.5e-05
countrywid 0.000275 2.5e-05 0.00015 7.5e-05
lavar 2.5e-05 0.00045 2.5e-05 2.5e-05
decadeslong 0.000275 5e-05 7.5e-05 0.000125
planemak 2.5e-05 2.5e-05 0.00035 0.000125
albertson 2.5e-05 2.5e-05 0.00045 2.5e-05
offlin 2.5e-05 2.5e-05 5e-05 0.000425
gum 5e-05 7.5e-05 0.000375 2.5e-05
401k 2.5e-05 2.5e-05 0.000425 5e-05
englishman 2.5e-05 0.00045 2.5e-05 2.5e-05
vanderlei 2.5e-05 0.00045 2.5e-05 2.5e-05
induct 0.0001 0.00035 5e-05 2.5e-05
alfonso 0.0002 0.00025 5e-05 2.5e-05
systemat 0.0003 5e-05 0.0001 7.5e-05
berkman 7.5e-05 0.0004 2.5e-05 2.5e-05
pal 7.5e-05 0.000125 0.00015 0.000175
misdemeanor 5e-05 0.0003 7.5e-05 0.0001
rusti 5e-05 0.00035 2.5e-05 0.0001
3641 7.5e-05 2.5e-05 0.000125 0.0003
brock 5e-05 0.000425 2.5e-05 2.5e-05
kieren 5e-05 0.000425 2.5e-05 2.5e-05
beatl 0.0001 5e-05 5e-05 0.000325
260 0.000225 0.0002 7.5e-05 2.5e-05
gennadi 5e-05 2.5e-05 2.5e-05 0.000425
fiveweek 2.5e-05 5e-05 0.0004 5e-05
thirdseed 5e-05 0.000425 2.5e-05 2.5e-05
4under 2.5e-05 0.00045 2.5e-05 2.5e-05
gnome 2.5e-05 2.5e-05 2.5e-05 0.00045
113 0.00015 0.00025 0.0001 2.5e-05
atlantabas 2.5e-05 2.5e-05 0.000375 0.0001
badawi 0.0004 2.5e-05 5e-05 5e-05
recordti 2.5e-05 0.00045 2.5e-05 2.5e-05
einstein 5e-05 2.5e-05 2.5e-05 0.000425
sherman 5e-05 0.000275 5e-05 0.00015
youni 0.00045 2.5e-05 2.5e-05 2.5e-05
mayfield 2.5e-05 0.0004 2.5e-05 7.5e-05
ivorian 0.00045 2.5e-05 2.5e-05 2.5e-05
herniat 7.5e-05 0.0004 2.5e-05 2.5e-05
midshipmen 2.5e-05 0.00045 2.5e-05 2.5e-05
enterpriseclass 2.5e-05 2.5e-05 5e-05 0.000425
duce 2.5e-05 0.00045 2.5e-05 2.5e-05
vanunu 0.00045 2.5e-05 2.5e-05 2.5e-05
defo 0.000125 0.00035 2.5e-05 2.5e-05
199 5e-05 0.0001 0.0002 0.000175
ubisoft 2.5e-05 2.5e-05 2.5e-05 0.00045
livelihood 5e-05 2.5e-05 7.5e-05 0.000375
bleed 0.0001 0.0002 0.000125 0.0001
afflict 0.00015 0.00015 5e-05 0.000175
flick 5e-05 5e-05 0.000125 0.0003
virend 5e-05 0.000425 2.5e-05 2.5e-05
3117 2.5e-05 0.00045 2.5e-05 2.5e-05
ripe 0.000125 5e-05 0.0002 0.00015
folder 2.5e-05 5e-05 7.5e-05 0.000375
humor 0.0001 0.000125 0.000125 0.000175
184 0.0001 0.0002 0.0002 2.5e-05
sakhnin 2.5e-05 0.00045 2.5e-05 2.5e-05
loudon 2.5e-05 0.000425 2.5e-05 5e-05
comedi 0.000325 0.0001 5e-05 5e-05
rashe 2.5e-05 0.00045 2.5e-05 2.5e-05
hoax 0.000175 0.000125 2.5e-05 0.0002
stepp 5e-05 2.5e-05 2.5e-05 0.000425
aig 2.5e-05 2.5e-05 0.00045 2.5e-05
hrefhttpwwwinvestorreuterscomfullquoteaspxtickerfnmn 2.5e-05 2.5e-05 0.00045 2.5e-05
targetstocksquickinfofullquotegtfnmnltagt 2.5e-05 2.5e-05 0.00045 2.5e-05
kbr 0.0001 2.5e-05 0.000375 2.5e-05
rmc 5e-05 2.5e-05 0.000425 2.5e-05
ogo 2.5e-05 2.5e-05 0.0001 0.000375
ranieri 2.5e-05 0.00045 2.5e-05 2.5e-05
seismic 7.5e-05 2.5e-05 2.5e-05 0.0004
abuzz 0.0001 2.5e-05 0.0001 0.0003
chelsfield 7.5e-05 2.5e-05 0.0004 2.5e-05
muslimmajor 0.00045 2.5e-05 2.5e-05 2.5e-05
hayden 2.5e-05 0.000425 2.5e-05 5e-05
ziggi 5e-05 2.5e-05 0.000425 2.5e-05
bochum 7.5e-05 5e-05 0.000375 2.5e-05
abn 5e-05 2.5e-05 0.0004 5e-05
koos 0.00045 2.5e-05 2.5e-05 2.5e-05
totmianina 2.5e-05 0.00045 2.5e-05 2.5e-05
preminet 2.5e-05 2.5e-05 2.5e-05 0.00045
sexson 2.5e-05 0.00045 2.5e-05 2.5e-05
sluman 2.5e-05 0.00045 2.5e-05 2.5e-05
getaf 2.5e-05 0.00045 2.5e-05 2.5e-05
goodenow 2.5e-05 0.00045 2.5e-05 2.5e-05
dunlop 2.5e-05 0.00045 2.5e-05 2.5e-05
domainkey 2.5e-05 2.5e-05 2.5e-05 0.00045
quotmonday 2.5e-05 0.00045 2.5e-05 2.5e-05
mobilesoft 2.5e-05 2.5e-05 2.5e-05 0.00045
unwrap 2.5e-05 5e-05 0.0001 0.000325
absente 0.0002 5e-05 2.5e-05 0.000225
meteorologist 0.00015 2.5e-05 2.5e-05 0.0003
coin 0.000125 7.5e-05 0.000125 0.000175
pleasur 7.5e-05 0.00015 0.0001 0.000175
cleanup 7.5e-05 0.0001 0.0002 0.000125
myself 5e-05 5e-05 7.5e-05 0.000325
hitler 0.00035 2.5e-05 2.5e-05 0.0001
divorc 0.000175 2.5e-05 7.5e-05 0.000225
torrent 7.5e-05 5e-05 0.000125 0.00025
220 5e-05 0.0002 0.00015 0.0001
chatter 7.5e-05 0.000125 0.000125 0.000175
wirelessli 2.5e-05 2.5e-05 5e-05 0.0004
intim 7.5e-05 0.0002 5e-05 0.000175
califbas 2.5e-05 2.5e-05 0.000175 0.000275
searchabl 2.5e-05 2.5e-05 2.5e-05 0.000425
unwelcom 0.000125 2.5e-05 0.000225 0.000125
cooki 2.5e-05 5e-05 0.0002 0.000225
wlan 2.5e-05 2.5e-05 5e-05 0.0004
quarantin 0.000225 2.5e-05 5e-05 0.0002
inhous 7.5e-05 5e-05 0.00025 0.000125
60000 0.00015 0.00015 0.0001 0.0001
sheriff 0.000225 0.000125 7.5e-05 7.5e-05
inquir 0.00015 0.000175 0.0001 7.5e-05
swat 7.5e-05 0.000375 2.5e-05 2.5e-05
clint 5e-05 0.000225 0.000175 5e-05
perri 5e-05 0.0002 0.0002 5e-05
scifi 5e-05 2.5e-05 2.5e-05 0.0004
pinchhitt 0.000125 0.000325 2.5e-05 2.5e-05
threeman 5e-05 0.000275 2.5e-05 0.00015
metrostar 2.5e-05 0.000425 2.5e-05 2.5e-05
8under 5e-05 0.0004 2.5e-05 2.5e-05
envelop 0.0001 5e-05 0.000125 0.000225
fairway 2.5e-05 0.0004 5e-05 2.5e-05
cbi 5e-05 2.5e-05 0.0004 2.5e-05
farc 0.000275 0.000175 2.5e-05 2.5e-05
latenight 0.000175 0.000125 7.5e-05 0.000125
bombmak 0.00035 2.5e-05 2.5e-05 0.0001
ibf 2.5e-05 0.000425 2.5e-05 2.5e-05
sanderson 2.5e-05 0.00015 0.0003 2.5e-05
pullback 0.000175 2.5e-05 0.000275 2.5e-05
standin 2.5e-05 0.00035 5e-05 7.5e-05
backstrok 2.5e-05 0.000425 2.5e-05 2.5e-05
trailer 0.00015 0.0001 0.000125 0.000125
etc 5e-05 0.000125 5e-05 0.000275
superhero 0.000125 7.5e-05 0.0001 0.0002
troublesom 7.5e-05 0.00025 5e-05 0.000125
363 5e-05 7.5e-05 7.5e-05 0.0003
i5 2.5e-05 2.5e-05 2.5e-05 0.000425
sheik 0.000425 2.5e-05 2.5e-05 2.5e-05
czar 0.000175 7.5e-05 5e-05 0.0002
threequart 5e-05 7.5e-05 0.000175 0.0002
25yearold 5e-05 0.00025 5e-05 0.00015
sanchez 5e-05 0.0004 2.5e-05 2.5e-05
630 2.5e-05 0.000375 5e-05 5e-05
retrial 0.000425 2.5e-05 2.5e-05 2.5e-05
crocker 0.000225 0.000225 2.5e-05 2.5e-05
vermont 7.5e-05 0.0003 5e-05 7.5e-05
tin 0.000125 5e-05 0.0001 0.000225
healthier 2.5e-05 7.5e-05 0.000175 0.000225
bollywood 0.000375 2.5e-05 5e-05 5e-05
respit 7.5e-05 5e-05 0.00035 2.5e-05
3yearold 0.0001 0.0003 2.5e-05 7.5e-05
lowercost 0.0001 2.5e-05 0.00015 0.000225
furnish 5e-05 2.5e-05 0.000375 5e-05
rcmp 0.000275 2.5e-05 0.000175 2.5e-05
gizmo 2.5e-05 5e-05 5e-05 0.000375
leadoff 0.000125 0.000325 2.5e-05 2.5e-05
rb 2.5e-05 0.000375 7.5e-05 2.5e-05
bloom 5e-05 0.000175 2.5e-05 0.00025
freshwat 2.5e-05 2.5e-05 2.5e-05 0.000425
stricken 0.0003 5e-05 0.000125 2.5e-05
demograph 0.00015 5e-05 0.0001 0.0002
jamaican 0.000175 0.0002 7.5e-05 5e-05
gruden 2.5e-05 0.000425 2.5e-05 2.5e-05
crank 0.0001 7.5e-05 0.000225 0.0001
overhead 0.0003 5e-05 2.5e-05 0.000125
outscor 2.5e-05 0.000425 2.5e-05 2.5e-05
firebrand 0.000375 5e-05 5e-05 2.5e-05
whitecollar 5e-05 2.5e-05 0.0004 2.5e-05
tbilisi 0.00015 0.00015 7.5e-05 0.000125
bruin 2.5e-05 0.0004 5e-05 2.5e-05
ronni 7.5e-05 0.00035 2.5e-05 5e-05
fifteen 0.00025 0.0001 2.5e-05 0.000125
civic 0.00015 0.000175 0.0001 7.5e-05
1m 0.00015 5e-05 0.0002 0.0001
antiterrorist 0.0004 2.5e-05 2.5e-05 5e-05
incur 2.5e-05 7.5e-05 0.0003 0.0001
waver 0.000225 7.5e-05 0.000175 2.5e-05
216 5e-05 0.000225 0.0001 0.000125
albeit 0.000125 7.5e-05 0.0002 0.0001
curl 2.5e-05 0.000175 5e-05 0.00025
juergen 2.5e-05 0.00035 5e-05 7.5e-05
bondhold 2.5e-05 2.5e-05 0.00035 0.0001
grinstein 0.0001 2.5e-05 0.00035 2.5e-05
hrefhttpwwwinvestorreuterscomfullquoteaspxtickerjnjn 2.5e-05 2.5e-05 0.000425 2.5e-05
targetstocksquickinfofullquotegtjnjnltagt 2.5e-05 2.5e-05 0.000425 2.5e-05
blackout 0.00025 5e-05 0.000125 7.5e-05
relaunch 0.0001 2.5e-05 0.000125 0.00025
backtax 0.0001 2.5e-05 0.00035 2.5e-05
comefrombehind 2.5e-05 0.000425 2.5e-05 2.5e-05
reminisc 0.000125 7.5e-05 0.0001 0.0002
brass 0.00015 0.0002 7.5e-05 7.5e-05
hobbl 7.5e-05 0.000275 5e-05 0.0001
wow 2.5e-05 0.0001 0.0001 0.000275
variat 5e-05 2.5e-05 0.0001 0.000325
cusp 7.5e-05 0.0001 0.000225 0.0001
staffer 0.0002 7.5e-05 0.0001 0.000125
itll 7.5e-05 5e-05 2.5e-05 0.00035
newfound 7.5e-05 0.000175 2.5e-05 0.000225
bewar 2.5e-05 0.0001 0.0001 0.000275
scheringplough 2.5e-05 2.5e-05 0.0004 5e-05
dutchman 0.0001 0.00035 2.5e-05 2.5e-05
taxu 2.5e-05 2.5e-05 0.000425 2.5e-05
coronari 2.5e-05 5e-05 0.000325 0.0001
proposit 5e-05 0.00015 0.000125 0.000175
forgiven 0.00015 0.00015 0.000125 7.5e-05
despair 0.00015 0.00025 5e-05 5e-05
terrestri 2.5e-05 0.0001 2.5e-05 0.00035
concoct 0.0001 0.0002 0.00015 5e-05
fifti 0.00025 5e-05 5e-05 0.00015
psychologist 0.0001 0.000125 5e-05 0.000225
dart 0.0001 0.0001 0.000175 0.000125
ecolog 0.000125 2.5e-05 7.5e-05 0.000275
amidst 0.0003 0.0001 5e-05 5e-05
obscen 0.0001 0.000175 5e-05 0.000175
inf 2.5e-05 0.000425 2.5e-05 2.5e-05
fiasco 0.000175 0.000175 0.0001 5e-05
kahn 5e-05 0.000325 7.5e-05 5e-05
157 5e-05 0.000125 0.000125 0.0002
targetstocksquickinfofullquotegtgmnltagt 2.5e-05 2.5e-05 0.000425 2.5e-05
flier 7.5e-05 5e-05 0.000225 0.00015
countryman 5e-05 0.0004 2.5e-05 2.5e-05
garret 5e-05 0.0004 2.5e-05 2.5e-05
drub 2.5e-05 0.000425 2.5e-05 2.5e-05
kingpin 0.00025 7.5e-05 0.0001 7.5e-05
274 2.5e-05 0.000175 0.0002 0.0001
imposit 7.5e-05 2.5e-05 0.000375 2.5e-05
redempt 5e-05 0.000225 0.000175 5e-05
alqaedalink 0.000425 2.5e-05 2.5e-05 2.5e-05
ulmer 2.5e-05 0.000425 2.5e-05 2.5e-05
wolf 5e-05 0.000125 5e-05 0.000275
tangl 0.00015 0.000125 0.0001 0.000125
harbour 0.0003 7.5e-05 2.5e-05 0.0001
strifetorn 0.0004 5e-05 2.5e-05 2.5e-05
wang 0.000125 0.0001 0.0001 0.000175
193 0.0001 0.000125 0.0002 7.5e-05
vanderbilt 2.5e-05 0.000375 2.5e-05 7.5e-05
ralf 2.5e-05 0.000425 2.5e-05 2.5e-05
antisemit 0.000425 2.5e-05 2.5e-05 2.5e-05
cromwel 5e-05 0.0004 2.5e-05 2.5e-05
specifi 7.5e-05 5e-05 0.000125 0.00025
molina 2.5e-05 0.000425 2.5e-05 2.5e-05
nadu 0.000375 2.5e-05 7.5e-05 2.5e-05
jemaah 0.000425 2.5e-05 2.5e-05 2.5e-05
safari 2.5e-05 2.5e-05 2.5e-05 0.000425
jaret 2.5e-05 0.000425 2.5e-05 2.5e-05
hay 5e-05 0.00035 7.5e-05 2.5e-05
envi 7.5e-05 0.00015 0.000225 5e-05
gregg 5e-05 0.00015 7.5e-05 0.000225
pharma 5e-05 2.5e-05 0.0003 0.000125
threematch 2.5e-05 0.000425 2.5e-05 2.5e-05
thorough 0.0001 0.00015 7.5e-05 0.000175
canspam 2.5e-05 2.5e-05 2.5e-05 0.000425
furi 0.000225 0.000125 0.0001 5e-05
asa 5e-05 2.5e-05 0.0001 0.000325
philosophi 0.0001 0.000225 7.5e-05 0.0001
differenti 2.5e-05 5e-05 5e-05 0.000375
quotthey 0.00015 0.000175 7.5e-05 0.0001
dissent 0.0003 0.0001 7.5e-05 2.5e-05
majorleagu 2.5e-05 0.000425 2.5e-05 2.5e-05
peril 0.0002 7.5e-05 0.0001 0.000125
whitney 5e-05 0.0002 0.000175 7.5e-05
twoout 5e-05 0.0004 2.5e-05 2.5e-05
geopolit 0.00015 2.5e-05 0.0003 2.5e-05
noconfid 0.000425 2.5e-05 2.5e-05 2.5e-05
hrefhttpwwwinvestorreuterscomfullquoteaspxtickerban 2.5e-05 2.5e-05 0.000425 2.5e-05
targetstocksquickinfofullquotegtbanltagt 2.5e-05 2.5e-05 0.000425 2.5e-05
hord 0.0001 0.000125 5e-05 0.000225
countrymen 0.0002 0.00025 2.5e-05 2.5e-05
hustl 0.000125 0.000325 2.5e-05 2.5e-05
anchorag 0.0001 0.000325 2.5e-05 5e-05
tar 2.5e-05 0.00035 5e-05 7.5e-05
dupont 2.5e-05 5e-05 0.000325 0.0001
wilt 0.000125 0.00015 0.0002 2.5e-05
calvin 2.5e-05 0.0004 5e-05 2.5e-05
jardin 2.5e-05 2.5e-05 0.0002 0.00025
groundbreak 5e-05 5e-05 5e-05 0.00035
36100 0.00015 2.5e-05 0.0001 0.000225
coastlin 0.00025 2.5e-05 2.5e-05 0.0002
6underpar 2.5e-05 0.000425 2.5e-05 2.5e-05
claus 0.0001 0.000175 0.000175 5e-05
leaf 0.0001 0.0002 0.00015 5e-05
bronson 5e-05 0.0004 2.5e-05 2.5e-05
hardhit 0.00025 0.000125 7.5e-05 5e-05
futurist 2.5e-05 2.5e-05 5e-05 0.0004
500m 2.5e-05 0.0001 0.00015 0.000225
altogeth 0.000175 0.0001 0.000125 0.0001
pattani 0.000425 2.5e-05 2.5e-05 2.5e-05
unhurt 0.000325 0.000125 2.5e-05 2.5e-05
worshipp 0.000425 2.5e-05 2.5e-05 2.5e-05
smarti 2.5e-05 0.000325 2.5e-05 0.000125
underperform 2.5e-05 7.5e-05 0.000375 2.5e-05
quotwhen 7.5e-05 0.0002 5e-05 0.000175
shaft 0.0004 2.5e-05 5e-05 2.5e-05
sikh 0.000425 2.5e-05 2.5e-05 2.5e-05
heck 2.5e-05 0.00015 0.000125 0.0002
idf 0.0002 2.5e-05 2.5e-05 0.00025
gunman 0.00035 2.5e-05 2.5e-05 0.0001
stamped 0.0002 0.000225 2.5e-05 5e-05
midlevel 2.5e-05 5e-05 0.000275 0.00015
vu 7.5e-05 0.00015 7.5e-05 0.0002
giuliani 0.0001 7.5e-05 0.0003 2.5e-05
pacifi 0.000375 2.5e-05 2.5e-05 7.5e-05
reebok 2.5e-05 0.00015 0.0002 0.000125
raytheon 2.5e-05 2.5e-05 0.00035 0.0001
ltstronggtcashncarrionltstronggt 2.5e-05 2.5e-05 2.5e-05 0.000425
cord 0.0001 5e-05 0.000125 0.000225
vector 2.5e-05 2.5e-05 0.00025 0.0002
comtex 2.5e-05 2.5e-05 7.5e-05 0.000375
ciss 2.5e-05 0.000425 2.5e-05 2.5e-05
top10 2.5e-05 0.000325 2.5e-05 0.000125
viabil 0.000125 0.0001 0.000125 0.00015
www 2.5e-05 5e-05 0.0002 0.000225
seneg 0.0002 0.00015 2.5e-05 0.000125
cdma 2.5e-05 2.5e-05 0.000175 0.000275
1975 0.000125 0.000175 0.000175 2.5e-05
tuft 2.5e-05 0.000375 7.5e-05 2.5e-05
salem 7.5e-05 0.000325 5e-05 5e-05
jfk 2.5e-05 0.000125 2.5e-05 0.000325
kurd 0.000425 2.5e-05 2.5e-05 2.5e-05
stoop 2.5e-05 0.000425 2.5e-05 2.5e-05
575 2.5e-05 0.0001 0.00035 2.5e-05
throttl 5e-05 0.00015 0.0001 0.0002
sauber 2.5e-05 0.000425 2.5e-05 2.5e-05
longerterm 5e-05 2.5e-05 0.000325 0.0001
sevenfold 5e-05 2.5e-05 0.0001 0.000325
irrelev 0.0001 7.5e-05 0.00015 0.000175
golovin 2.5e-05 0.000425 2.5e-05 2.5e-05
militaryrul 0.0004 2.5e-05 5e-05 2.5e-05
tandem 5e-05 0.0002 0.00015 0.0001
settop 5e-05 2.5e-05 0.000125 0.0003
sne 2.5e-05 2.5e-05 7.5e-05 0.000375
f5 2.5e-05 2.5e-05 5e-05 0.0004
4ghz 2.5e-05 2.5e-05 5e-05 0.0004
jog 0.0001 0.00015 7.5e-05 0.000175
178 2.5e-05 0.000175 0.00025 5e-05
quotnot 0.0002 0.000125 7.5e-05 0.0001
stockbrok 2.5e-05 2.5e-05 0.000425 2.5e-05
vinatieri 2.5e-05 0.000425 2.5e-05 2.5e-05
bot 0.00015 2.5e-05 2.5e-05 0.0003
similarli 0.000175 0.000125 0.0001 0.0001
iger 2.5e-05 2.5e-05 0.000425 2.5e-05
russ 2.5e-05 0.000375 7.5e-05 2.5e-05
playmak 2.5e-05 0.000425 2.5e-05 2.5e-05
outclass 5e-05 0.000375 2.5e-05 5e-05
sperm 2.5e-05 2.5e-05 2.5e-05 0.000425
koala 5e-05 5e-05 2.5e-05 0.000375
simona 0.000425 2.5e-05 2.5e-05 2.5e-05
dallasfort 7.5e-05 2.5e-05 0.000375 2.5e-05
midnovemb 7.5e-05 7.5e-05 5e-05 0.0003
bottler 2.5e-05 2.5e-05 0.000425 2.5e-05
paterno 7.5e-05 0.000375 2.5e-05 2.5e-05
qassam 0.000425 2.5e-05 2.5e-05 2.5e-05
firsthand 0.000225 0.0002 2.5e-05 5e-05
2414 2.5e-05 0.000425 2.5e-05 2.5e-05
flashpoint 0.0004 2.5e-05 2.5e-05 5e-05
uconn 2.5e-05 0.000425 2.5e-05 2.5e-05
governmentsponsor 0.0002 2.5e-05 0.00025 2.5e-05
ninthrank 2.5e-05 0.000425 2.5e-05 2.5e-05
namibia 0.000275 7.5e-05 2.5e-05 0.000125
mercosur 0.000175 2.5e-05 0.000275 2.5e-05
mustang 7.5e-05 0.000125 0.00015 0.00015
nichola 0.0002 2.5e-05 0.00015 0.000125
xerox 2.5e-05 2.5e-05 0.000125 0.000325
hale 2.5e-05 0.000425 2.5e-05 2.5e-05
gilberto 0.000225 0.000225 2.5e-05 2.5e-05
betamax 2.5e-05 2.5e-05 2.5e-05 0.000425
quotif 7.5e-05 0.000275 2.5e-05 0.000125
molecul 7.5e-05 2.5e-05 2.5e-05 0.000375
zarqawi 0.000425 2.5e-05 2.5e-05 2.5e-05
anderlecht 5e-05 0.0004 2.5e-05 2.5e-05
hanson 7.5e-05 0.000275 0.000125 2.5e-05
walgreen 2.5e-05 2.5e-05 0.0004 5e-05
farmington 2.5e-05 0.000425 2.5e-05 2.5e-05
unus 5e-05 5e-05 5e-05 0.00035
bigticket 2.5e-05 5e-05 0.000375 5e-05
100yard 5e-05 0.0004 2.5e-05 2.5e-05
micron 2.5e-05 2.5e-05 0.000125 0.000325
pacerspiston 2.5e-05 0.000425 2.5e-05 2.5e-05
marketlead 2.5e-05 2.5e-05 5e-05 0.0004
chi 7.5e-05 5e-05 0.0003 7.5e-05
cage 0.000225 0.000125 5e-05 0.0001
sham 2.5e-05 5e-05 0.00035 7.5e-05
rake 0.00015 5e-05 0.000125 0.000175
415 2.5e-05 0.00015 0.00025 7.5e-05
shakhtar 2.5e-05 0.000425 2.5e-05 2.5e-05
welch 2.5e-05 0.000125 0.000325 2.5e-05
nash 2.5e-05 0.000425 2.5e-05 2.5e-05
cuff 2.5e-05 0.000425 2.5e-05 2.5e-05
yanukovich 0.0004 2.5e-05 2.5e-05 5e-05
inaccur 0.0002 2.5e-05 0.000225 5e-05
rafah 0.000425 2.5e-05 2.5e-05 2.5e-05
cod 0.00015 5e-05 0.00015 0.00015
bestoff 7.5e-05 0.000375 2.5e-05 2.5e-05
faisalabad 2.5e-05 0.000425 2.5e-05 2.5e-05
wolfpack 2.5e-05 0.000425 2.5e-05 2.5e-05
amjad 0.000425 2.5e-05 2.5e-05 2.5e-05
farooqi 0.000425 2.5e-05 2.5e-05 2.5e-05
