30000 30000 30000 30000
the 47760 61081 43218 45097
a 29637 24298 23896 24871
to 24585 22218 23082 25343
of 25841 18467 20693 23851
in 24748 19930 18575 14619
and 16847 14884 16367 17735
on 13311 10556 13470 9680
it 5987 4849 15368 13759
for 8421 10370 9268 9716
39 5545 8991 8048 5424
that 6700 4465 7222 9233
with 5149 7116 4274 6032
as 5176 4933 6983 4648
at 5157 7862 3874 3781
is 3942 4178 4457 7299
said 7578 1484 7182 3583
by 4878 3430 5377 4887
ha 4420 3817 4026 5966
new 2613 3551 5761 5288
an 5534 3308 3405 4154
from 4095 3255 4336 3991
hi 4689 7542 1187 952
will 2166 3298 3734 4368
us 4025 1112 6544 1845
wa 4318 5205 2112 1726
reuter 3972 1427 5615 1967
after 3597 3996 3381 1408
be 2934 3284 2205 3803
have 3060 2684 1919 3466
their 2409 3646 1702 2433
year 1881 2332 3262 2553
compani 406 83 5156 3869
are 2082 1522 1904 3560
over 1956 3570 1786 1506
he 2427 4511 858 712
ap 2948 3145 241 2039
but 1765 2262 2076 2135
two 2916 2430 1249 1450
first 1416 3481 1214 1806
thi 1269 2353 1641 2422
more 1875 1059 2259 2350
monday 2127 1478 2573 1200
world 1119 2593 1938 1689
wednesday 2040 1621 2528 1104
tuesday 1936 1434 2501 1367
thursday 2009 1442 2448 1220
inc 68 10 4329 2307
up 1447 1454 1879 1896
friday 1954 1576 2312 818
one 1479 2458 985 1653
report 1763 434 2750 1439
week 1512 1500 1597 1594
yesterday 1871 1667 1965 603
state 2287 1515 1380 871
last 1171 2661 1249 962
game 157 4251 198 1411
york 641 1649 3285 433
they 1379 1972 894 1745
not 1559 1859 1084 1402
against 1376 2430 1245 834
say 2107 642 1316 1789
than 1409 949 1869 1603
about 1145 1066 2029 1589
who 2070 1823 763 1151
were 2536 1448 1082 661
into 1495 1396 1080 1684
presid 4010 228 883 437
unit 1937 1304 1620 649
quot 1232 993 1962 1318
been 1673 1356 816 1583
out 1244 1950 903 1285
million 587 558 2595 1545
nation 2354 1148 1093 687
had 1429 1991 997 721
corp 97 24 2976 1915
price 346 51 3980 631
time 776 1778 1133 1239
plan 1249 330 1756 1547
when 906 2204 714 1026
govern 2548 130 1424 698
sunday 1899 2453 280 160
offici 2772 467 800 737
oil 580 16 4049 94
day 1521 1471 946 771
secur 1839 180 874 1799
would 1299 923 1461 900
group 1394 351 1928 883
which 1018 696 1180 1646
today 1201 939 1095 1253
peopl 2769 199 498 1007
announc 552 559 1251 2088
three 1556 1471 712 634
servic 334 65 1207 2755
team 232 3441 99 425
could 1018 806 898 1439
market 251 51 2222 1559
month 975 672 1523 862
iraq 3688 23 265 54
win 422 3223 175 191
saturday 1522 2095 201 159
no 694 2015 685 582
kill 3725 106 35 100
night 568 3035 150 154
percent 271 88 2958 557
open 497 1834 748 778
softwar 21 0 708 3090
end 1113 1234 877 502
or 705 652 847 1515
use 587 419 515 2195
minist 3261 34 337 70
next 723 858 923 1183
season 95 2986 376 187
second 561 1919 693 433
busi 255 104 1755 1476
other 1077 439 802 1234
microsoft 14 0 431 3094
intern 934 647 1137 781
countri 2055 300 688 445
comput 49 20 608 2803
lead 559 1990 390 522
back 630 1441 736 625
make 576 757 693 1396
some 711 539 887 1208
expect 504 500 1647 663
share 128 187 2269 729
network 171 1307 481 1302
take 626 1017 771 836
internet 109 15 450 2672
help 659 605 873 1076
technolog 146 5 760 2253
record 381 940 1145 688
stock 236 26 2645 238
off 642 1112 735 650
may 548 443 1008 1125
can 435 703 503 1480
system 177 44 566 2330
washington 684 609 1119 702
all 660 1062 471 897
american 970 1005 756 348
billion 237 27 2230 583
sale 101 58 2245 668
most 774 753 533 1007
research 171 7 1398 1461
leader 2289 301 212 210
citi 1568 719 381 334
2004 548 649 678 1124
former 1104 943 742 207
releas 880 205 407 1491
victori 306 2476 82 39
final 373 1848 314 356
home 776 1023 523 544
feder 342 349 1545 630
offer 307 244 1010 1268
if 647 829 595 758
elect 2289 53 257 202
manag 103 1048 746 898
start 396 1420 462 511
top 762 835 711 474
bank 565 108 1945 145
call 1065 394 439 858
attack 1986 124 213 429
player 52 1918 116 666
forc 1743 262 412 328
giant 143 605 1154 839
news 656 313 988 772
run 322 1542 241 583
product 139 31 1157 1347
european 840 391 983 451
trade 396 264 1658 346
befor 778 860 542 477
four 826 1033 444 346
oper 488 59 1003 1088
major 612 672 741 596
move 531 631 788 655
leagu 88 2460 14 22
show 629 358 966 625
maker 64 21 1492 1001
san 140 798 504 1135
just 385 972 452 762
like 371 713 617 866
afp 1860 161 327 208
accord 527 261 717 1036
set 606 701 572 662
get 340 835 433 929
industri 204 15 1241 1038
down 559 710 777 451
profit 69 12 2174 234
play 160 1925 96 306
what 484 680 402 892
you 92 645 416 1290
deal 450 396 1038 549
execut 214 123 1484 606
prime 2250 38 86 53
includ 752 353 511 785
chief 549 226 1211 413
third 306 920 847 303
china 857 256 780 455
develop 259 53 475 1559
bush 1625 62 392 256
sport 46 2108 81 99
made 533 845 407 538
while 610 606 614 485
court 805 285 748 473
dure 692 835 394 375
coach 27 2243 11 3
least 1456 306 294 220
now 309 617 421 926
onlin 44 185 409 1633
between 769 560 489 453
agre 530 285 1138 310
launch 381 75 318 1472
gener 633 243 884 484
there 577 797 307 553
largest 233 20 1469 504
search 184 92 286 1651
point 129 1621 270 193
work 576 262 483 882
hit 502 944 496 254
olymp 161 1983 19 31
london 530 497 878 288
co 61 17 1765 349
10 407 736 391 653
them 641 538 309 690
talk 1183 319 454 220
seri 320 1485 96 272
phone 86 50 446 1574
cup 46 2086 8 7
champion 96 1985 15 18
charg 682 425 664 336
british 1144 289 360 305
way 431 592 349 709
test 363 1088 124 505
anoth 413 738 471 441
iraqi 1996 1 49 12
her 677 888 298 195
polic 1660 170 63 147
sinc 575 624 439 399
high 342 284 1107 303
lta 1 1 1775 254
won 266 1244 280 228
look 233 699 460 618
south 972 588 261 183
cut 251 124 1318 293
close 427 425 796 335
union 739 145 987 110
39t 96 1069 386 427
palestinian 1968 3 2 4
continu 418 355 707 477
quarter 66 339 1169 380
head 614 678 387 274
offic 778 96 572 506
go 348 739 319 545
job 239 248 1151 305
five 521 771 289 354
sign 437 607 470 421
john 1050 381 279 219
through 526 501 334 563
power 775 164 323 659
come 303 623 379 615
music 72 21 188 1632
hope 542 564 324 481
red 163 1350 84 313
meet 686 468 546 205
him 676 992 135 94
even 406 602 357 522
part 475 245 577 572
increas 232 63 1129 444
provid 193 149 471 1051
space 60 4 63 1719
becaus 320 599 509 417
earn 79 257 1362 145
claim 589 377 381 487
onli 334 751 268 478
baghdad 1806 4 12 6
dollar 184 51 1427 152
score 119 1596 27 53
web 98 29 167 1500
left 500 1011 134 147
face 542 536 379 327
earli 548 389 470 376
mobil 71 21 346 1335
firm 117 54 1013 586
militari 1648 6 53 59
tri 625 430 266 444
warn 652 121 549 427
rule 628 220 572 328
so 238 666 268 573
bid 286 335 814 305
return 436 836 235 225
bomb 1646 27 20 36
follow 488 494 422 323
north 1020 246 227 228
rate 107 49 1380 184
under 638 280 431 370
loss 93 650 846 123
india 795 433 292 188
mani 424 284 385 610
right 506 711 198 286
rose 119 95 1376 109
consum 70 1 922 703
rival 302 300 604 483
give 373 499 333 482
2 158 332 493 698
beat 129 1312 154 84
drug 244 310 934 190
support 600 150 259 663
buy 78 56 1126 400
hold 498 286 602 273
japan 706 198 407 345
investor 163 12 1334 139
still 421 498 347 382
file 111 127 683 724
ago 473 404 311 443
war 1183 50 139 252
demand 555 48 770 248
number 275 347 384 615
reach 332 540 410 337
store 37 18 900 647
1 120 676 534 269
user 15 3 98 1479
retail 30 4 1234 325
championship 46 1532 3 9
cost 120 102 999 358
wireless 1 0 549 1019
recent 333 190 536 509
street 400 46 957 163
program 486 148 198 730
latest 324 149 358 723
man 565 558 75 346
biggest 192 216 910 225
un 1443 2 17 79
region 1078 30 265 162
data 45 3 738 739
agenc 709 84 254 474
associ 193 558 344 425
result 317 195 637 368
googl 21 2 362 1129
growth 112 8 1175 219
put 336 498 319 357
airlin 161 29 1247 73
athen 202 1276 9 22
want 409 436 252 410
australia 400 714 296 97
rise 216 44 1042 199
boston 90 1046 302 52
do 253 387 277 568
commun 202 41 543 699
public 362 96 585 433
big 126 559 376 410
car 835 159 314 159
vote 839 114 244 269
post 251 177 783 255
chang 355 268 372 470
line 157 243 535 529
england 128 1158 121 55
race 233 1000 87 133
remain 410 394 396 252
higher 160 22 1157 112
isra 1406 20 6 19
allow 313 202 264 671
how 229 328 278 610
custom 37 7 452 949
foreign 1118 15 247 62
sell 85 38 804 513
footbal 29 1342 26 42
rais 264 76 897 199
found 474 209 219 531
air 500 108 623 201
where 621 341 153 310
round 165 1064 77 115
west 775 458 101 86
turn 296 449 258 416
global 235 22 655 506
site 288 58 143 928
nuclear 1338 0 18 59
much 152 383 450 425
financi 99 86 1037 183
sever 445 182 326 451
issu 481 114 398 410
six 460 514 225 203
20 318 543 284 255
econom 331 14 1000 52
pay 140 109 856 292
window 44 19 80 1244
effort 486 112 338 448
becom 263 388 269 459
version 44 26 89 1218
nearli 376 174 491 334
milit 1362 3 5 5
held 574 346 276 170
futur 184 202 639 335
need 263 401 286 408
name 224 452 264 415
economi 224 5 1053 62
fire 612 353 204 175
despit 419 279 435 208
angel 136 800 186 219
contract 57 665 425 194
presidenti 1010 12 184 133
press 781 238 139 177
took 283 592 269 191
fell 91 85 1118 40
engin 147 37 200 947
gold 94 857 334 46
ibm 4 0 268 1055
univers 63 388 190 685
fight 637 291 153 237
place 277 663 155 221
troop 1269 4 21 21
francisco 38 454 399 423
i 95 406 166 642
past 224 479 280 324
hous 657 54 388 208
key 407 150 455 294
worker 634 7 542 118
should 354 252 338 354
defens 400 645 143 109
near 695 107 331 164
your 52 153 271 821
also 243 277 290 485
ani 360 378 228 325
mark 380 453 266 190
america 162 134 490 501
commiss 303 35 671 274
investig 502 139 453 189
sox 47 1204 15 5
concern 287 113 664 202
sourc 320 108 226 604
begin 301 281 279 390
around 289 290 219 451
appl 5 11 84 1147
titl 44 1022 28 151
russian 557 197 312 175
gain 144 93 809 195
parti 1020 65 62 91
keep 243 349 340 305
scientist 123 0 33 1080
good 146 392 396 292
miss 343 673 105 105
here 353 460 161 250
agreement 297 135 483 309
tokyo 359 43 629 192
campaign 659 134 162 267
chicago 60 602 492 66
capit 755 96 256 108
possibl 353 193 389 277
ahead 405 261 411 129
both 247 377 247 332
pc 6 2 152 1043
order 390 125 433 255
strong 233 187 648 135
hurrican 348 148 514 191
polit 901 29 121 147
match 52 1046 47 52
wall 162 35 874 125
interest 116 88 794 194
men 434 628 44 85
free 260 274 177 476
chip 32 23 352 779
pass 217 698 107 163
octob 215 136 470 364
drop 168 197 628 191
fund 119 30 884 150
gaza 1176 6 1 0
11 350 425 314 93
receiv 192 487 276 225
accus 699 131 214 136
long 190 409 213 366
step 361 194 311 310
fall 165 186 625 199
author 677 55 196 244
septemb 188 129 577 278
australian 437 354 290 89
europ 253 183 373 359
late 299 335 333 197
own 184 235 324 421
field 89 768 179 126
bill 237 274 314 337
media 247 139 350 425
video 186 30 117 824
appear 361 329 162 303
design 77 55 157 859
corpor 53 14 738 338
depart 217 56 529 341
member 565 185 199 194
decis 307 367 273 196
russia 605 204 221 109
lower 107 56 829 144
seven 428 415 156 135
center 181 350 163 440
ad 159 294 265 415
build 330 91 309 402
franc 508 319 175 128
confer 239 468 115 306
again 181 429 291 224
2005 97 249 392 383
school 548 285 77 211
such 225 89 313 492
devic 55 0 208 855
per 92 66 706 252
profil 20 6 973 116
aim 354 59 215 486
might 206 356 229 318
battl 353 212 255 281
rebel 1038 15 40 2
electron 39 13 330 708
peac 1018 20 26 25
find 195 156 225 510
fourth 149 532 257 148
whether 354 205 294 230
case 319 174 294 293
control 318 131 298 332
half 161 380 298 237
star 143 605 83 244
oracl 4 2 514 554
digit 15 4 176 877
she 259 472 208 133
french 684 149 153 84
server 3 2 46 1018
well 157 301 222 385
crude 86 10 959 8
michael 111 561 275 115
approv 284 64 520 190
propos 324 109 387 237
30 287 381 212 176
target 301 98 331 324
death 849 70 35 99
invest 44 29 837 142
inform 212 62 223 555
12 241 392 223 195
fan 56 734 38 220
person 196 123 218 511
lo 130 495 186 236
leav 360 325 194 157
novemb 228 105 366 336
northern 762 58 135 79
canadian 602 103 214 115
creat 136 65 320 512
southern 630 246 75 80
reserv 76 112 801 42
japanes 387 87 328 225
board 132 187 523 185
hand 298 385 150 193
florida 214 491 184 137
club 51 879 64 30
told 397 252 202 172
fail 319 248 293 162
boost 160 53 571 236
suppli 132 15 707 165
st 73 752 53 140
produc 164 129 507 217
pakistan 823 169 20 3
posit 183 390 249 189
central 498 89 334 90
due 207 152 460 191
yanke 58 933 3 16
improv 145 113 360 391
energi 190 37 655 124
ask 257 221 257 270
email 20 10 82 893
britain 505 181 202 117
televis 333 171 209 292
away 207 410 143 242
without 211 343 160 287
see 184 262 193 354
thirdquart 24 6 883 80
intel 8 0 197 782
armi 801 20 133 30
best 114 488 164 216
soldier 924 20 10 26
weekend 285 415 213 64
across 356 80 202 339
littl 139 329 281 225
base 268 110 174 421
applic 26 4 128 813
analyst 114 21 549 284
die 604 173 34 155
shot 320 523 65 57
injur 608 341 7 8
administr 336 21 347 258
california 47 289 226 400
visit 623 206 54 78
amp 25 48 781 106
15 229 232 279 219
hostag 945 1 3 8
alleg 436 123 252 144
women 321 462 72 95
question 256 260 185 249
regul 49 24 658 218
account 92 25 607 223
grow 179 51 347 366
nasa 9 0 3 931
perform 89 319 249 285
judg 274 114 360 193
stop 327 237 170 206
problem 141 182 189 427
life 287 192 177 283
iran 885 15 20 17
exchang 111 56 640 130
challeng 244 332 157 203
israel 874 24 14 23
organ 253 112 265 303
arrest 598 129 57 149
peoplesoft 5 0 526 401
uk 125 17 400 389
forecast 38 15 768 110
chairman 128 105 544 153
morn 233 302 240 154
insur 37 7 843 39
lost 140 455 195 136
success 165 309 131 321
sun 30 183 74 639
caus 347 91 194 292
complet 150 384 154 236
decid 233 283 214 194
hour 391 228 107 197
straight 74 620 205 24
strike 453 109 305 55
prepar 402 189 135 195
protect 195 40 268 418
medal 66 843 0 11
ralli 192 384 327 17
quarterli 4 0 840 76
histori 137 483 109 189
push 241 84 306 286
low 69 96 649 102
competit 46 261 326 280
democrat 800 9 54 50
senior 524 131 145 112
houston 34 713 124 39
live 283 118 150 358
drive 134 237 159 378
did 190 429 141 148
oct 364 211 159 172
goal 57 729 42 78
trial 403 101 261 140
believ 274 306 73 251
law 343 48 251 258
revenu 22 10 586 282
attempt 319 169 165 246
touchdown 9 889 0 1
studi 77 23 162 635
few 165 244 148 340
led 227 293 252 121
among 254 182 194 263
join 243 255 148 245
wound 827 34 15 13
area 455 62 162 209
korea 672 74 60 80
tax 132 11 697 46
thousand 492 59 101 232
critic 410 114 109 250
eight 310 359 102 112
divis 82 460 191 148
those 173 187 161 359
stadium 27 829 19 2
suspect 736 22 27 89
net 28 202 403 240
action 245 249 192 187
spend 123 58 479 211
health 308 38 354 168
almost 215 185 255 213
bring 238 158 161 308
defeat 116 708 21 20
david 108 579 91 87
terror 783 3 31 47
grand 82 623 53 106
aid 653 11 131 68
advanc 83 193 177 410
barrel 81 5 763 11
kerri 669 51 74 66
arm 566 95 132 67
linux 2 0 26 831
side 154 496 88 119
basebal 25 789 21 21
list 113 292 180 269
human 313 35 39 464
3 72 293 294 190
send 244 133 210 260
access 106 5 133 603
inning 70 776 1 0
we 105 276 99 366
threaten 485 73 142 145
began 339 194 155 156
18 179 274 276 113
consid 241 165 251 183
food 192 12 484 149
fear 365 84 291 96
william 57 666 62 47
earlier 222 140 256 213
secretari 625 21 139 42
ltd 23 6 620 176
nov 303 196 148 178
same 130 218 154 322
came 191 407 124 102
small 167 55 170 432
manufactur 51 19 459 293
emerg 271 99 236 215
toward 301 154 206 159
seek 293 76 282 164
east 367 335 69 44
got 96 432 136 150
toronto 81 442 253 37
popular 141 35 167 466
explos 690 23 25 71
better 103 230 172 301
behind 207 287 122 187
arafat 801 0 0 2
less 146 197 216 243
amid 315 31 400 52
level 99 86 459 154
texa 94 437 138 128
threat 359 73 105 259
fuel 141 9 525 120
declin 70 54 541 129
august 115 70 468 140
larg 229 47 247 269
defend 154 498 64 76
lawsuit 57 43 330 359
prison 571 16 143 59
21 152 423 128 84
germani 297 203 173 114
cent 58 26 599 102
flight 135 35 254 360
quarterback 6 778 0 0
struggl 157 207 328 89
alreadi 134 229 170 247
darfur 777 0 2 1
publish 131 40 254 355
station 308 32 88 352
negoti 406 104 230 40
afghanistan 767 2 4 6
privat 121 46 318 292
initi 114 40 347 275
unveil 46 48 125 555
yard 34 723 4 13
pari 374 183 116 100
bankruptci 20 5 713 35
4 72 285 226 189
main 317 95 210 148
confirm 266 175 167 161
yet 126 242 155 246
term 339 153 178 98
too 109 286 135 238
offens 260 475 8 25
indian 345 252 87 81
14 187 238 202 137
famili 367 98 148 149
extend 166 168 229 198
project 118 21 199 422
canada 157 174 327 102
euro 64 37 628 31
process 265 43 125 326
real 66 405 146 141
local 247 106 182 222
featur 28 83 46 598
acquir 28 70 402 255
opposit 624 37 44 49
watch 201 226 138 189
13 186 258 175 134
current 95 94 279 285
carri 347 163 55 188
bodi 414 146 54 136
gave 172 302 185 88
pull 215 275 157 99
sept 353 110 176 107
arsen 40 674 4 26
50 168 119 331 125
import 164 106 241 229
georg 395 120 144 79
doubl 90 281 233 134
outsid 399 106 103 129
chanc 136 417 76 108
lose 69 433 148 86
tour 81 600 22 32
takeov 27 81 460 166
ban 290 215 108 121
151 244 251 26 213
within 200 141 154 239
director 140 149 292 151
clear 200 203 193 135
german 256 123 189 163
financ 142 52 492 44
25 161 226 215 128
cash 53 42 482 151
ever 120 215 126 267
insurg 713 2 8 5
western 534 79 55 57
sudan 720 1 3 1
chines 305 80 227 113
storm 430 112 94 89
island 441 93 43 147
event 114 386 60 164
old 122 353 81 167
expand 111 27 296 288
soon 159 116 184 262
nine 238 292 111 80
desktop 1 0 33 685
cell 63 10 98 547
white 254 264 71 129
employe 119 10 452 136
injuri 75 588 18 35
radio 105 58 256 295
onc 147 210 128 228
break 176 243 154 137
appeal 264 111 187 148
replac 145 212 158 195
activ 235 95 198 182
each 113 253 134 209
african 520 82 75 31
ga 198 42 373 95
paul 183 361 74 89
17 172 265 162 108
16 176 267 150 113
travel 153 80 257 214
until 168 212 127 196
promis 260 87 129 227
violenc 623 19 42 19
messag 97 65 54 487
avail 29 58 61 553
jump 50 122 436 93
legal 141 38 236 285
tie 215 373 66 46
finish 60 540 65 33
5 102 256 225 111
weapon 596 13 24 60
enough 102 249 150 191
minut 78 514 28 70
met 207 374 51 58
money 105 119 287 178
far 146 181 179 183
muslim 677 1 6 4
bowl 12 658 10 7
yasser 685 0 0 2
train 338 201 51 96
polici 289 58 216 123
taken 272 145 105 163
involv 239 148 158 140
hospit 412 103 121 49
standard 48 36 159 441
arriv 335 163 72 114
motor 38 61 522 59
let 80 148 122 330
manchest 20 636 17 7
annual 115 64 353 147
guard 311 303 27 38
bay 135 466 44 32
decad 281 78 173 144
council 440 128 54 54
soni 8 5 132 530
green 140 434 45 54
then 112 308 75 178
seem 98 258 104 212
hundr 375 42 104 150
africa 303 237 70 61
100 203 165 152 150
great 119 274 63 213
know 57 301 91 217
suggest 192 71 189 214
pressur 249 96 237 84
stake 38 102 456 70
schedul 129 256 115 166
stand 170 310 101 85
link 254 73 77 261
worri 79 68 415 102
urg 432 31 107 94
dead 539 51 18 56
export 112 1 516 33
thing 52 302 96 211
effect 97 84 277 203
introduc 47 80 75 459
strip 549 65 32 15
coast 361 130 72 96
reduc 101 40 361 155
heart 207 119 188 142
terrorist 555 10 37 53
beij 375 110 94 76
park 66 438 69 81
survey 73 8 332 238
pm 68 396 44 143
protest 491 55 74 30
delay 177 78 191 203
slow 72 66 395 115
candid 427 75 57 89
miami 50 567 12 19
host 56 343 45 203
seattl 15 445 56 131
went 153 297 95 101
spain 130 431 40 45
save 122 132 234 157
figur 162 129 245 107
card 33 167 155 288
toni 466 135 21 20
updat 21 11 64 543
reject 265 80 195 99
further 170 82 263 124
enter 176 140 108 214
qualifi 31 583 9 13
expert 150 25 98 361
potenti 106 101 195 232
al 356 257 11 10
practic 41 317 194 82
resign 211 197 155 71
cp 328 116 170 20
think 67 227 105 234
holiday 65 25 364 179
madrid 102 512 7 12
retir 74 284 224 51
career 49 542 22 19
tv 134 117 108 272
islam 607 6 9 8
troubl 232 127 191 79
moscow 317 120 160 30
19 121 243 178 84
movi 73 29 134 389
suffer 157 262 102 104
children 390 25 85 124
surg 90 49 414 68
rocket 240 121 11 249
colleg 26 475 36 84
reveal 119 149 128 223
owner 18 269 200 131
risk 132 38 245 203
track 68 218 85 247
heat 53 162 304 97
stage 158 299 79 79
must 219 133 130 133
settl 38 62 402 112
town 453 69 41 50
download 4 0 38 570
equip 80 13 252 267
crash 276 159 42 134
medic 257 48 197 107
64 44 496 19 50
atlanta 24 453 109 23
express 193 109 177 129
italian 340 136 113 19
ipod 0 0 41 566
nfl 5 571 6 24
domin 89 239 80 197
enterpris 4 3 104 493
water 195 54 89 263
tool 15 4 58 524
known 154 91 91 264
everi 88 233 91 186
7 70 279 147 102
respons 296 47 99 155
disput 276 58 182 81
tournament 18 570 2 6
yahoo 0 0 58 536
labor 191 51 324 28
lift 137 204 209 43
carrier 37 2 416 138
never 111 289 67 123
sent 177 139 124 147
surpris 102 220 171 93
damag 170 73 171 172
basketbal 20 555 7 4
pitch 47 486 19 33
imag 82 30 70 400
form 84 151 121 225
24 146 211 154 70
eu 356 1 158 63
ship 54 7 97 419
detroit 19 428 116 12
tiger 81 451 8 34
newspap 223 56 217 77
ground 169 146 138 120
relat 219 23 208 122
poll 406 84 33 48
stay 129 203 148 90
illeg 149 33 105 283
jet 113 252 115 90
machin 45 16 100 408
suspend 186 238 81 61
sold 24 28 269 245
averag 45 51 410 58
land 201 87 92 184
ceo 3 6 259 295
full 142 130 121 168
playoff 18 539 1 2
shop 61 20 268 210
connect 78 40 106 335
estim 63 7 368 121
later 129 131 143 155
award 114 247 63 134
philadelphia 10 424 78 46
seen 169 93 132 163
wide 92 185 124 156
worth 43 103 280 130
calif 55 172 95 233
brown 26 411 96 22
readi 173 154 70 157
pick 68 291 117 77
benefit 41 25 370 115
rank 46 273 117 114
kidnap 534 9 2 5
captain 39 499 1 11
blue 45 212 147 145
loui 21 476 31 21
staff 184 128 160 77
singl 68 259 53 168
book 59 146 141 202
controversi 186 158 92 111
statement 241 81 117 107
special 135 86 109 215
discuss 210 83 118 134
decemb 85 103 177 180
cite 100 45 275 124
eas 118 50 332 44
suicid 512 0 14 18
confid 111 139 235 58
winter 32 125 346 40
differ 108 134 86 213
short 105 192 134 109
plant 122 3 263 152
mike 15 457 10 57
withdraw 404 36 81 18
processor 1 0 29 508
outlook 32 10 401 94
though 81 175 152 129
sharehold 7 17 443 70
spokesman 385 28 63 60
black 163 109 184 74
fresh 178 53 230 68
steve 26 316 32 155
partner 63 58 184 224
repres 151 73 181 124
republican 399 4 84 42
hard 55 130 84 257
40 146 170 107 103
22 122 244 87 72
avoid 147 109 189 79
2006 48 226 118 131
satellit 50 15 192 265
abov 49 34 366 73
airway 47 1 469 4
block 113 90 146 171
mission 159 18 15 328
deliv 119 59 106 235
celebr 149 247 55 67
plane 252 55 121 90
given 128 170 109 110
doe 110 123 114 168
tech 7 206 118 183
accept 175 131 136 72
camp 342 126 21 25
aug 171 123 142 75
browser 1 0 3 507
earth 43 18 15 433
rang 95 28 180 206
homer 36 469 1 3
airport 228 26 186 68
young 151 234 40 82
speed 55 86 55 309
acquisit 3 12 334 156
total 82 139 154 129
purchas 13 28 262 200
cricket 31 471 1 0
road 162 210 45 85
2003 74 111 119 198
explor 20 6 51 424
edg 66 146 204 85
crisi 370 35 79 17
draw 63 332 38 67
direct 164 59 139 138
commerci 68 24 172 235
blair 472 2 14 10
forward 85 267 60 85
asian 191 23 213 69
pilot 48 17 307 123
abl 67 117 60 251
singapor 72 4 359 59
winner 71 351 26 46
athlet 12 431 29 22
advertis 30 13 225 225
focu 79 41 156 216
memori 52 97 64 279
storag 5 0 52 435
6 69 198 142 82
ivan 200 67 188 36
thought 91 159 93 147
blast 353 41 15 81
debat 291 44 63 92
minnesota 27 435 11 17
debt 79 11 395 5
wait 89 195 89 116
entertain 9 34 176 270
23 112 176 127 74
senat 283 25 109 69
vehicl 164 13 192 117
whose 146 109 106 124
summer 61 220 122 81
appar 215 106 49 114
predict 57 83 151 192
jone 51 270 150 12
ireland 214 167 49 53
model 30 29 93 330
our 52 70 90 270
spot 72 216 46 148
w 295 22 122 43
light 106 82 132 160
crowd 155 233 28 64
committe 125 184 100 70
voter 356 17 23 82
soccer 18 438 4 18
check 68 47 191 171
evid 140 43 108 186
assist 77 270 40 90
afghan 475 0 1 0
dozen 295 33 50 97
hear 97 120 143 115
safeti 75 97 178 124
along 158 95 72 148
greec 130 304 22 17
closer 98 183 83 109
attorney 66 59 258 89
rebound 12 267 179 14
hotel 148 53 228 42
wit 348 49 33 41
cbsmw 3 3 443 22
roll 58 129 61 222
9 164 118 97 91
chain 21 8 376 65
sharon 460 0 6 4
these 53 134 56 226
interim 367 27 52 22
januari 204 55 107 102
davi 9 302 9 147
limit 67 60 196 144
becam 72 263 64 68
condit 198 90 96 82
semifin 26 440 0 0
credit 22 30 312 101
measur 150 42 136 137
option 30 146 137 152
fraud 87 3 254 121
word 119 134 46 166
care 178 64 138 84
johnson 11 232 182 39
nasdaq 12 2 216 234
huge 145 95 112 111
veri 76 145 69 173
marin 228 170 15 49
serv 146 103 124 89
8 55 133 180 93
juli 58 81 239 81
mean 83 115 94 167
moon 14 10 2 433
middl 280 85 51 43
prize 119 62 26 250
cours 78 253 40 84
driver 126 241 32 55
deficit 41 98 305 9
view 91 44 103 215
declar 252 69 71 60
settlement 192 12 178 70
clash 258 163 16 15
valu 26 11 319 96
dow 48 2 393 9
asia 170 17 169 95
jail 328 46 33 43
congress 209 5 145 90
itali 196 158 69 26
quit 87 189 78 93
although 68 127 109 142
26 93 149 111 92
role 167 98 77 101
brand 34 33 253 122
dvd 5 6 47 384
film 101 25 130 186
jose 69 229 32 112
rest 64 224 105 49
dec 124 119 99 100
reason 75 166 65 135
singh 177 241 22 1
golf 10 408 9 13
cleric 431 1 8 0
justic 142 10 166 122
act 151 54 103 131
suit 33 52 108 246
lawyer 197 48 130 64
disappoint 67 139 202 30
content 25 60 35 317
bond 16 238 170 12
zealand 67 213 136 20
nba 10 423 1 2
review 71 39 142 183
fifth 42 243 129 21
march 204 68 96 67
xp 2 0 11 421
tonight 50 314 31 39
ryder 17 416 1 0
agent 83 248 57 46
woman 270 83 26 53
pack 89 48 26 268
ministri 329 7 56 39
border 351 12 33 35
hostil 65 20 226 120
detail 87 36 81 226
striker 9 419 2 0
ariel 428 0 0 1
whi 48 151 65 164
virginia 12 282 67 67
captur 160 156 8 104
resid 255 23 67 81
merger 6 5 339 76
brought 142 96 87 100
consecut 33 262 116 14
najaf 397 0 27 0
roger 25 347 33 19
indic 117 50 158 98
master 24 356 12 31
oakland 17 398 6 2
28 99 117 110 96
upgrad 10 9 78 325
broadcast 126 68 105 123
scienc 36 7 39 338
2000 139 84 98 99
63 35 358 23 3
electr 57 8 205 149
eye 81 118 87 132
kept 86 137 148 47
aircraft 121 5 226 66
immedi 180 78 92 67
violat 95 70 133 119
fine 24 156 135 101
faceverdanam 1 0 14 401
serifarialhelvetica 1 0 14 401
size2 1 0 14 401
pictur 64 36 89 227
ten 165 109 42 100
formula 18 375 14 9
hole 50 212 17 136
refus 210 110 57 38
scandal 104 91 189 31
mine 202 7 177 28
vendor 4 1 62 347
premier 123 240 31 19
threw 41 349 9 14
age 88 94 66 163
afternoon 53 270 63 25
parliament 379 2 16 13
streak 12 347 33 17
debut 21 180 81 127
independ 165 11 152 81
instead 72 112 90 135
dell 1 4 60 343
wood 24 349 18 17
rain 190 156 28 34
prix 12 395 0 0
eastern 247 69 37 54
bad 47 138 129 92
discov 64 20 31 291
inflat 34 2 346 24
approach 79 100 94 133
27 99 129 107 70
classic 10 339 19 37
62 18 351 24 12
deni 192 112 62 39
sector 43 0 282 80
passeng 194 2 133 76
display 40 93 42 229
parent 81 26 205 92
prosecutor 188 67 104 45
la 41 244 54 64
hill 49 276 36 42
my 34 91 58 219
saw 101 138 103 60
mortgag 3 3 390 6
slightli 68 15 287 31
asset 17 4 318 62
sharpli 60 6 302 33
pace 42 84 227 48
probabl 67 128 95 110
admit 96 203 65 36
heavi 190 45 130 35
fallujah 397 0 0 3
code 24 2 31 342
60 92 124 74 109
diplomat 372 7 11 9
cardin 14 372 12 1
weak 28 17 310 44
probe 61 16 176 145
cisco 0 0 65 333
suprem 185 27 105 81
soar 32 16 289 60
victim 238 38 53 67
rush 86 240 39 31
commit 187 61 91 57
abus 236 94 41 24
student 120 45 39 191
pound 163 84 111 37
carolina 27 299 23 45
korean 286 32 41 35
kabul 394 0 0 0
platform 19 9 39 326
document 98 18 93 184
31 77 199 77 40
yuko 33 0 358 2
prove 69 150 73 100
previou 59 63 193 77
promot 68 74 90 160
tell 111 88 68 125
insist 155 173 36 28
boe 18 1 302 71
mile 101 77 41 172
prevent 148 48 75 120
sentenc 213 36 101 41
compet 18 111 98 163
struck 152 100 83 55
king 142 128 51 69
conflict 306 17 45 22
period 50 63 177 100
explod 340 8 11 30
de 55 223 51 60
requir 56 45 116 171
cleveland 14 362 8 4
delta 35 5 312 36
rock 151 50 33 153
spacecraft 7 0 3 376
worldwid 36 4 128 218
camera 34 31 48 273
doctor 193 45 55 93
solut 64 14 48 259
himself 131 207 21 26
photo 48 33 27 277
howard 244 38 75 28
hire 23 99 185 77
arab 361 7 12 4
spanish 78 216 58 32
intellig 248 6 19 110
session 80 98 180 25
walk 88 181 38 76
command 251 58 13 61
front 98 153 35 96
integr 27 11 48 296
resum 196 51 90 45
civil 178 21 110 72
natur 48 33 153 146
below 29 17 281 53
packag 61 27 120 172
interview 169 107 40 63
insid 121 76 58 124
patent 2 2 83 292
row 84 159 110 26
shiit 374 0 5 0
hockey 10 364 3 2
sprint 2 76 194 106
format 7 26 19 326
massiv 139 41 76 122
wind 200 67 29 82
missil 323 5 22 28
pitcher 4 373 1 0
room 42 130 71 135
royal 114 90 144 30
hong 146 29 152 50
kong 148 29 153 47
ball 15 329 18 15
rout 55 204 60 58
abu 366 1 7 3
employ 58 23 239 56
incom 64 6 253 53
delhi 231 38 93 14
jerusalem 366 0 5 5
provinc 330 5 18 23
plc 17 15 303 41
disney 6 27 292 51
mexico 112 43 175 45
mass 199 52 38 86
tenni 13 356 2 4
jame 38 225 95 17
distribut 37 14 90 233
togeth 72 94 47 161
recal 41 48 174 111
chelsea 12 361 1 0
wave 164 45 59 105
blow 125 86 79 82
signal 100 20 138 114
telephon 50 7 117 198
spent 99 134 65 73
thank 42 101 98 130
brazil 159 110 59 43
kansa 7 316 34 14
boss 33 238 67 32
ran 45 261 37 27
joint 93 16 165 96
com 0 83 46 241
itself 78 44 88 159
read 60 62 88 159
doubt 80 128 92 68
broadband 5 0 50 313
dalla 9 266 72 21
hurt 59 73 200 35
opensourc 1 0 9 357
sydney 114 97 126 30
tom 64 231 19 52
someth 22 167 46 131
cooper 169 20 83 94
semiconductor 12 0 185 169
combin 12 84 129 141
poor 83 76 165 41
spam 4 0 11 350
29 86 84 121 74
pittsburgh 10 307 21 27
vladimir 275 45 38 7
box 49 185 39 91
pension 19 4 289 52
astro 13 347 0 4
murder 331 12 4 16
crimin 95 24 160 84
feel 35 171 62 94
jason 12 316 3 31
write 46 27 78 211
tim 12 317 15 18
weather 51 70 133 108
blame 158 69 76 58
am 41 98 66 156
bear 43 194 49 75
remov 133 66 71 90
fli 82 72 62 143
danger 150 50 60 99
recov 90 100 111 58
longer 65 94 63 136
broke 99 170 59 30
don 25 152 78 103
tehran 344 3 6 4
500 40 103 153 61
cabl 12 17 182 146
currenc 31 2 310 14
institut 46 12 145 153
deploy 132 5 33 186
request 141 43 99 73
climb 43 46 225 42
hollywood 32 23 106 194
strategi 60 20 98 177
walmart 13 3 312 27
collect 60 107 71 116
impact 44 33 188 89
patriot 13 332 4 5
domest 86 20 212 35
assault 214 91 15 33
stori 67 112 53 121
determin 104 117 56 76
panel 97 32 65 158
dutch 159 52 106 35
eagl 6 331 8 7
reform 239 5 91 17
count 170 72 43 66
mar 32 23 5 290
ventur 13 4 183 150
highest 93 44 157 56
lot 19 119 73 138
colin 238 104 0 7
nextel 0 156 143 50
index 43 8 234 63
sanction 234 14 74 26
treasuri 13 0 331 4
yen 33 1 300 14
auction 25 17 191 114
planet 16 11 3 317
learn 39 126 67 115
slip 56 84 166 40
embassi 338 4 1 3
crime 249 4 33 60
indonesia 295 6 27 17
worst 146 129 30 40
separ 145 51 62 87
pledg 229 17 72 27
seriou 79 84 66 115
richard 48 118 72 106
mac 1 7 77 259
nokia 1 0 54 289
trophi 28 311 1 4
matter 48 110 110 75
taiwan 247 5 32 59
trader 12 3 313 15
flood 241 13 28 60
tradit 67 55 89 131
vice 158 20 64 100
gather 179 50 43 70
capabl 93 22 12 214
profession 22 109 42 168
microsystem 0 0 35 306
studio 13 1 107 220
specul 55 67 153 65
experi 78 70 29 162
putin 293 0 43 3
sharp 38 20 219 61
civilian 300 1 13 24
ohio 61 206 42 29
pakistani 322 7 3 6
addit 39 28 108 162
song 20 14 37 266
michigan 7 264 29 37
republ 198 108 8 22
common 69 25 75 167
uranium 327 1 4 4
progress 122 74 51 89
titan 4 121 26 185
cover 67 62 93 114
auto 9 20 199 108
legisl 192 8 52 83
oppon 115 183 19 18
convent 168 15 64 88
baltimor 19 285 15 15
christma 54 33 150 97
comment 85 107 85 56
licens 7 12 75 239
nyse 0 1 213 119
diseas 129 5 67 131
shoot 112 164 8 48
fiscal 23 1 250 58
veteran 81 179 28 43
earthquak 211 20 11 89
tomorrow 38 173 60 60
recoveri 43 19 224 44
kick 39 184 53 54
address 97 37 43 153
edit 13 22 28 266
guilti 111 54 106 58
attend 117 77 101 34
ford 7 98 200 24
bird 118 20 14 176
add 18 49 80 181
trip 116 117 27 68
fix 15 20 71 222
halt 169 20 108 30
refuge 318 1 6 2
paid 66 71 117 73
happen 58 117 49 103
resolv 191 29 83 24
diego 14 250 41 22
origin 48 43 58 177
martin 78 155 46 47
thailand 240 62 7 16
date 72 41 58 154
200 98 95 53 79
2002 88 99 85 53
turkey 257 20 29 19
atom 270 1 2 52
properti 14 5 215 90
raid 276 6 6 36
vow 217 49 40 18
monitor 114 11 48 149
telecom 16 0 154 152
plead 135 47 87 53
warner 2 51 179 90
35 71 69 107 74
pair 41 189 35 56
arizona 10 269 15 27
telecommun 12 3 174 132
anim 35 12 102 171
sweep 106 129 51 34
renew 133 23 120 43
warm 66 41 10 202
sure 32 148 44 95
surgeri 52 211 23 33
handheld 1 0 38 280
histor 170 67 50 31
tough 83 122 71 42
opportun 57 89 52 120
daili 75 30 124 88
collaps 124 75 96 22
signific 65 53 97 102
stewart 18 87 203 9
prospect 64 75 144 33
centuri 95 83 36 102
built 32 36 48 200
themselv 67 117 43 88
twice 34 172 39 70
cap 33 154 71 56
teammat 14 298 2 0
kashmir 311 0 1 2
disrupt 75 21 171 47
conduct 108 58 53 93
philippin 212 11 65 24
sea 141 18 30 123
zone 160 86 42 24
2001 75 60 122 55
knee 21 282 2 6
voic 71 35 35 170
nhl 3 308 0 0
montreal 30 204 70 7
nigeria 191 4 112 3
hewlettpackard 0 0 71 238
screen 29 16 28 236
copi 23 7 32 247
mount 99 32 41 136
district 108 48 86 66
seiz 214 33 27 34
rel 136 33 40 98
fla 105 126 15 61
surviv 107 70 74 56
grew 29 25 214 38
treatment 107 36 110 53
robert 66 96 111 33
formal 128 31 89 58
present 83 63 64 95
deadli 262 4 8 31
vulner 28 10 19 247
dismiss 118 90 51 45
welcom 130 85 59 30
chart 12 11 84 197
instal 37 21 28 217
patient 53 14 142 94
journalist 240 25 9 29
enrich 294 1 4 4
itun 6 0 12 285
draft 108 149 16 30
crew 69 51 13 169
expens 22 30 173 77
rooki 4 298 0 0
allianc 75 1 113 113
su 20 17 117 147
shock 59 114 55 73
relief 139 52 91 19
adopt 90 11 65 135
june 37 43 129 91
realli 17 113 34 136
previous 43 36 98 123
demonstr 139 22 27 112
convict 187 15 46 52
alli 243 3 32 22
seed 3 263 6 28
dolphin 30 253 0 16
anaheim 4 294 1 0
noth 47 139 37 75
colorado 27 209 23 39
prompt 106 19 110 63
amd 0 0 16 282
sound 26 68 53 151
grant 77 67 85 68
speci 25 0 4 268
done 51 127 36 83
alan 26 74 182 15
easi 22 135 27 112
counti 46 58 77 114
familiar 33 73 120 69
english 30 228 11 26
mix 62 29 152 52
budget 54 16 172 52
rare 116 62 23 93
bar 63 110 58 63
expo 4 223 8 58
watchdog 205 1 42 45
andi 20 258 8 7
client 14 8 82 189
antitrust 7 1 169 116
karzai 292 0 1 0
expans 22 30 163 77
materi 72 5 115 100
powel 239 29 4 20
virtual 35 35 36 185
websit 66 33 29 163
sen 223 9 33 26
commission 84 103 91 13
payment 38 12 140 101
novel 20 2 68 201
prioriti 29 8 60 194
plu 12 19 55 204
jakarta 260 0 25 5
often 48 83 47 112
spark 92 70 80 48
secret 130 31 39 90
shift 73 10 112 95
toll 219 5 58 8
brussel 125 19 122 24
entir 59 79 41 111
magazin 37 37 68 147
el 50 205 24 10
viru 57 18 4 210
throw 30 190 21 48
restructur 20 9 243 17
o 3 181 38 67
moment 60 165 21 42
portabl 2 0 16 270
msn 0 0 9 279
ticker 0 280 6 2
worm 0 3 4 280
friend 82 89 41 75
impos 113 33 110 31
jeff 4 238 26 19
egypt 254 9 7 17
anticip 23 50 97 116
twin 60 182 22 22
defenc 178 39 48 21
alex 14 251 3 18
hamid 285 0 1 0
dramat 78 97 53 57
tackl 59 154 26 46
describ 115 65 37 67
bought 25 21 153 85
saddam 281 0 3 0
didn 11 208 34 31
shut 72 54 92 65
400 57 102 71 53
broker 29 1 242 11
irish 98 124 45 16
fast 39 76 43 124
stem 40 17 114 111
truck 129 14 115 24
upcom 63 45 44 130
idea 45 39 59 138
patch 11 4 52 214
chri 16 221 3 41
liverpool 32 238 5 6
saudi 168 1 97 14
boy 93 95 17 75
gulf 83 6 169 22
highspe 30 6 66 178
61 12 222 34 12
dont 23 61 49 146
wake 66 118 64 31
inventori 5 0 235 39
utah 12 160 8 99
copyright 6 0 29 244
slam 70 168 10 31
output 16 4 249 9
factori 44 4 190 39
affect 61 20 95 101
quickli 54 66 55 102
crucial 88 61 75 53
channel 77 42 58 99
upset 33 209 11 23
greek 80 159 10 27
sudanes 275 0 0 1
page 12 20 33 210
fighter 226 29 8 12
strength 39 42 159 35
kevin 18 204 12 40
spread 60 25 41 148
carlo 20 216 35 3
barri 15 251 4 4
deadlin 140 40 57 36
clinch 27 213 20 13
summit 212 14 33 14
firefox 1 0 0 272
beach 98 96 29 49
climat 93 2 22 155
ranger 7 262 1 2
chase 21 161 72 18
answer 53 83 35 101
journal 23 9 140 100
appoint 82 83 70 37
son 130 80 34 27
resolut 218 6 22 25
traffic 51 22 73 125
begun 75 23 49 124
indonesian 234 1 10 26
ballot 183 18 17 53
plot 225 15 10 21
cross 112 74 33 51
orbit 11 0 1 258
fill 69 79 54 68
reportedli 100 66 64 40
radic 225 6 15 24
identifi 89 23 22 136
notr 2 268 0 0
dame 3 266 0 1
astronaut 8 0 1 260
coalit 237 1 14 17
certain 40 58 73 98
cancel 67 88 54 60
76 17 210 33 9
islamabad 259 2 5 3
hussein 266 1 2 0
indianapoli 4 230 29 6
denver 5 218 26 19
dream 41 140 25 62
minor 101 88 36 43
os 0 7 6 255
opec 8 0 258 1
resourc 19 3 123 122
quarterfin 10 257 0 0
competitor 9 21 105 132
ag 17 2 172 76
allegedli 111 23 38 94
brother 82 61 98 25
compar 20 28 115 103
transport 78 3 136 49
knock 57 155 36 17
cub 15 244 0 6
tennesse 2 249 4 10
nascar 0 264 1 0
helicopt 225 1 3 36
enabl 17 22 28 197
rather 57 64 45 98
cancer 43 42 97 82
75 48 143 52 20
charl 116 30 65 52
flaw 21 6 12 224
pro 6 168 14 75
partnership 28 24 73 137
alway 26 132 28 76
sir 45 160 18 39
individu 24 92 47 98
advantag 27 93 57 84
tampa 13 241 4 3
handset 3 0 54 204
craig 8 101 66 86
merck 13 0 246 2
ltfont 0 0 9 251
contain 58 22 43 137
remot 123 8 11 118
strengthen 96 27 101 36
vioxx 12 0 240 8
shuttl 10 1 4 244
quotth 54 66 46 93
mutual 10 9 228 11
mountain 91 65 28 74
ring 15 74 39 130
ill 105 68 46 39
love 42 74 26 116
switch 12 37 28 180
sixth 35 169 35 18
select 28 100 50 79
establish 86 29 39 103
ivori 220 3 8 26
wrong 78 102 27 49
disast 140 20 29 67
intend 70 25 62 99
flu 143 2 71 40
elimin 24 79 120 33
nationwid 90 10 96 60
ukrain 206 38 2 10
joe 6 225 13 12
wale 37 203 3 13
focus 58 28 77 92
usl 247 1 3 4
cabinet 211 2 26 16
newsfactor 0 0 4 251
hama 255 0 0 0
pacif 94 13 58 89
cincinnati 7 229 18 0
maintain 58 73 66 56
motion 24 13 59 157
brave 18 217 10 8
dodger 18 234 1 0
sought 120 15 85 33
lineup 10 171 11 61
facil 82 18 72 80
catch 22 98 26 106
popul 113 4 35 100
safe 76 29 30 117
programm 126 14 32 80
girl 162 51 9 30
donald 92 87 63 10
celtic 4 243 1 4
hunt 123 29 28 72
32 28 161 36 26
hot 27 54 56 114
gone 52 102 29 68
39re 8 100 45 98
indiana 3 216 24 8
lack 55 68 50 77
exist 32 16 60 142
mozilla 0 0 0 250
failur 84 61 54 51
ninth 30 197 19 4
smith 13 192 32 13
nintendo 1 0 23 226
faster 22 14 57 156
databas 3 1 34 211
georgia 33 159 30 27
oust 160 19 58 12
pt 6 4 43 196
hardwar 4 4 22 218
seat 105 80 34 29
41 26 102 85 35
enron 4 0 243 1
militia 239 0 8 0
increasingli 63 10 63 111
teenag 99 85 7 56
overnight 105 58 64 20
forest 40 108 26 73
devast 165 26 25 31
await 57 25 113 52
musharraf 246 0 1 0
governor 142 8 72 24
construct 78 20 106 42
situat 93 55 76 22
via 10 8 21 207
unlik 61 68 59 58
supercomput 2 0 19 224
deputi 215 3 19 8
gunmen 240 1 3 1
territori 174 13 34 24
attent 62 45 50 87
choic 60 79 37 68
lawmak 157 4 42 41
preliminari 73 57 67 47
technic 16 26 49 153
strain 53 112 29 49
extra 47 75 60 61
1000 97 19 59 68
specif 16 17 21 189
nl 20 223 0 0
eighth 29 194 17 3
seventh 13 191 30 9
airbu 10 1 210 22
tight 42 87 98 16
premiership 15 227 1 0
ampt 0 12 135 96
haiti 236 5 2 0
wayn 13 221 5 4
subscrib 4 5 81 152
amount 47 35 72 88
similar 46 25 54 117
ebay 0 0 62 180
overal 24 89 75 54
qtypesym 0 0 0 242
infotypeinfo 0 0 0 242
70 46 90 36 70
jacqu 136 98 4 4
observ 87 22 30 102
rescu 153 25 39 24
stun 38 142 34 27
van 78 134 21 8
ottawa 133 21 72 15
villag 198 14 12 17
unless 138 29 40 34
brian 15 197 12 17
extens 29 112 37 62
bell 3 27 171 39
educ 93 4 42 101
spur 22 84 87 47
300 79 57 63 41
pga 2 238 0 0
speech 120 10 47 63
pharmaceut 12 2 211 15
cool 21 26 88 104
abil 30 28 54 127
gari 9 191 30 9
gear 28 32 52 127
seoul 169 11 34 25
pedro 18 218 3 0
loan 14 7 213 4
fact 31 71 32 104
beyond 52 37 51 98
berlin 125 52 46 15
desert 103 24 3 108
oklahoma 14 213 8 3
bomber 228 5 2 3
tini 53 6 20 158
smaller 27 8 77 125
treat 80 24 63 70
grab 33 153 20 31
mind 35 100 24 77
gate 29 13 58 136
size 16 15 54 151
coupl 42 96 44 54
founder 27 16 83 110
hall 32 156 30 18
slide 26 23 149 38
kind 33 73 24 105
jr 14 160 43 18
nikkei 14 0 217 4
commerc 20 3 150 62
bit 12 78 59 85
wonder 23 85 56 70
recommend 80 9 67 78
overtim 10 169 47 8
fastest 15 67 40 112
favor 55 37 75 67
writer 41 81 55 57
steel 19 6 200 9
wife 120 62 37 14
blood 81 65 29 58
slash 23 6 166 38
walt 6 18 181 28
organis 92 35 69 37
cast 108 19 49 56
atlant 47 82 56 47
me 21 78 30 103
scotland 36 154 23 19
larri 5 121 48 58
drove 28 133 61 9
deep 56 62 34 79
martinez 21 204 1 5
environ 46 6 33 146
unbeaten 5 226 0 0
bryant 7 221 1 2
invit 48 116 18 49
restor 117 43 36 34
capac 21 6 89 114
quota 54 37 107 32
resort 121 45 56 7
vienna 150 36 38 5
falluja 229 0 0 0
discount 11 1 171 45
conserv 142 3 25 58
dc 5 140 46 37
virgin 19 2 35 172
65 24 138 44 22
holi 185 19 9 15
ray 12 167 14 35
jewish 216 10 0 2
pervez 227 0 1 0
micro 1 0 31 195
broken 35 129 17 46
fit 30 126 11 60
handl 58 41 50 78
ticket 25 77 92 33
weigh 27 15 148 36
penalti 39 112 48 27
river 47 82 30 66
peter 53 89 51 32
ongo 56 21 75 73
wire 29 24 38 134
centr 66 59 43 57
franchis 2 166 20 37
contribut 41 44 79 60
speak 75 51 36 62
flash 62 18 17 127
milan 12 169 40 3
egyptian 210 0 3 11
mr 118 29 56 20
fish 25 52 13 133
newcastl 3 214 1 5
destroy 150 13 26 34
harri 67 101 38 17
cingular 0 0 145 78
jan 127 36 41 19
greater 62 24 71 66
postseason 9 212 1 1
squar 52 75 40 55
fee 7 8 167 40
gun 125 41 36 20
perhap 33 99 21 69
80 78 42 36 66
marathon 24 180 6 12
sky 46 41 27 107
lake 38 101 14 68
contest 55 115 25 26
achiev 53 63 46 59
encourag 53 16 80 72
39ve 8 77 31 105
abandon 93 31 25 71
bin 194 4 11 11
ensur 82 51 36 51
violent 116 17 3 84
didnt 35 122 16 47
sri 105 95 11 9
wild 21 124 12 63
protocol 77 1 15 127
goe 29 74 39 77
note 37 46 78 58
difficult 52 92 37 38
wont 35 54 31 99
ron 6 200 5 8
flat 12 11 146 50
frank 15 130 59 15
mysteri 59 30 5 124
allawi 215 1 1 1
postltbgtltfontgt 1 0 13 204
jersey 19 167 19 13
jay 9 202 5 2
assembl 114 15 37 52
bu 135 36 11 36
caught 43 116 27 32
spring 31 74 54 59
hacker 0 0 2 215
java 10 0 9 198
ceremoni 121 77 6 13
separatist 212 3 0 2
solid 17 62 104 34
behead 212 1 0 4
attract 17 26 88 85
touch 40 57 62 57
instant 5 23 11 177
either 36 91 26 63
pain 31 70 84 31
graphic 9 1 15 190
suspens 46 151 13 5
scott 27 128 21 39
surround 94 56 25 40
rover 6 52 15 142
offset 7 8 185 14
saturn 0 0 2 212
piec 39 41 23 111
democraci 199 1 5 9
drink 33 33 121 27
leadership 142 19 28 25
super 9 181 11 13
throughout 53 53 37 70
scientif 17 0 47 149
robot 5 0 9 199
environment 43 2 38 130
newli 69 23 32 89
juri 29 44 101 39
combat 112 5 23 73
cuba 171 27 14 1
apart 96 37 41 39
usual 25 89 35 63
verizon 0 0 109 103
disc 7 11 4 190
crack 42 62 21 87
washingtonpostcom 17 0 1 194
respect 77 76 27 32
theft 10 4 18 180
lay 54 21 97 40
annan 209 0 0 3
labour 155 8 45 4
doesnt 32 60 34 85
locat 51 10 44 106
surfac 40 15 19 137
auburn 0 206 4 1
fourthquart 3 29 156 22
justin 12 183 7 8
preseason 0 209 1 0
trigger 117 9 60 24
hat 7 19 11 173
ident 28 15 23 144
bangladesh 111 86 10 3
foundat 9 20 20 161
doesn 9 101 53 47
bigley 201 0 0 9
massachusett 17 43 115 34
onto 50 45 23 91
paper 59 31 64 55
lie 64 36 74 34
vijay 9 196 1 2
redskin 0 203 5 0
social 96 1 49 62
thoma 15 123 51 19
altern 9 4 34 161
equiti 4 0 190 14
assassin 169 5 0 34
revis 25 16 113 54
boom 35 6 96 70
task 45 30 18 114
typhoon 179 16 4 8
hp 0 0 5 202
impress 17 122 22 46
longterm 31 26 98 52
bob 20 138 24 25
intens 82 43 31 50
regular 8 129 24 45
driven 40 7 117 42
southeast 111 8 66 21
trail 47 123 16 20
55 37 24 120 25
everyth 25 88 28 64
lock 46 67 48 44
explain 43 53 26 83
anyon 31 75 23 76
perfect 15 131 7 52
art 48 43 21 93
leg 25 140 11 29
supplier 20 3 114 68
owen 4 193 7 1
subsidiari 12 0 140 53
kofi 202 0 0 3
particip 57 41 46 60
smart 24 27 23 130
edward 77 59 36 32
intent 60 48 50 46
alsadr 204 0 0 0
reviv 89 30 62 23
pose 55 22 34 93
retain 31 93 26 54
tap 23 15 75 90
freed 194 6 0 3
stretch 32 115 38 18
drew 34 134 26 9
fellow 46 114 16 27
orlando 6 164 8 25
cloth 21 12 146 24
aggress 30 22 71 79
sit 39 94 26 43
howev 27 61 33 81
citizen 133 15 19 35
respond 74 39 35 54
45 34 49 92 27
communist 170 3 21 8
plung 39 11 125 27
marsh 4 3 190 5
revers 41 26 101 33
pirat 10 74 2 115
wifi 0 0 9 192
statu 55 73 42 31
sexual 70 63 11 57
lion 9 159 17 16
roddick 12 189 0 0
stroke 23 99 59 20
princ 163 9 10 19
reelect 132 5 40 24
corrupt 163 3 21 14
advis 78 13 79 31
taliban 200 0 0 1
x 2 5 2 191
cold 60 32 66 42
color666666gtltbgtth 1 0 13 186
deleg 158 12 11 19
transfer 38 66 41 55
33 40 96 43 21
42 24 122 40 14
isn 30 84 45 41
ali 172 11 16 1
burn 65 49 15 70
lee 44 114 19 22
adam 52 107 12 28
bobbi 35 160 2 2
raven 8 184 0 7
sunni 180 8 3 8
rich 41 54 56 47
heard 61 55 25 57
consol 3 14 15 166
class 38 47 46 67
pois 48 46 72 32
ny 7 141 29 21
monetari 15 1 181 1
peacekeep 195 0 2 1
orlean 12 173 10 3
brazilian 48 122 17 11
columbia 10 50 27 110
anyth 21 80 27 69
bolster 47 11 85 54
era 51 61 33 52
automak 14 4 165 14
andr 10 182 4 1
samsung 0 22 46 129
shipment 34 1 82 80
succeed 74 33 54 35
virus 2 0 6 188
aol 0 1 25 170
jim 8 159 8 21
bat 8 182 1 5
sidelin 29 153 10 4
infring 1 0 50 145
sex 107 23 16 50
beta 0 0 2 194
swiss 27 77 66 26
zimbabw 103 88 4 1
stronger 38 13 120 25
usa 8 98 45 44
convinc 38 81 33 43
notebook 0 1 20 174
toy 15 5 152 23
disclos 26 32 91 46
greenspan 21 2 172 0
antonio 9 172 11 3
util 8 6 104 76
laboratori 9 18 68 99
escap 104 52 27 11
postpon 46 64 34 50
miner 88 3 89 14
tent 64 9 106 15
ocean 41 3 10 139
conclud 77 36 37 43
martha 11 1 174 7
favorit 9 100 16 68
rememb 33 93 17 50
trend 10 15 76 92
april 42 42 62 47
wage 55 11 115 12
54 24 82 80 7
embattl 51 7 130 5
heavyweight 9 140 24 20
door 40 50 44 58
reflect 34 21 94 43
iranian 172 4 10 6
shrine 184 2 2 4
anniversari 131 19 10 32
ride 23 70 49 50
guerrilla 189 3 0 0
headquart 97 9 60 26
bbc 123 21 19 29
fanni 1 1 189 1
mae 2 0 189 1
36 30 90 54 17
movement 135 15 12 29
wicket 23 168 0 0
uefa 6 185 0 0
infrastructur 10 0 57 123
blog 2 6 2 180
guy 18 111 28 33
enjoy 31 67 43 49
regist 58 35 45 52
enhanc 15 12 18 145
forum 25 16 25 124
steadi 16 27 108 39
gymnast 16 171 3 0
child 94 17 21 58
casino 6 12 158 14
toshiba 4 0 26 160
politician 150 4 11 24
matt 5 170 4 10
argentina 48 100 37 4
brokerag 5 1 177 6
ken 76 72 18 23
compon 6 1 61 121
hewitt 8 179 1 1
trust 30 14 101 44
squad 32 155 0 2
pacer 1 188 0 0
implement 47 0 35 106
core 15 3 73 97
hike 11 1 163 13
erupt 102 23 5 58
gordon 12 78 51 47
schill 10 177 1 0
knew 29 93 31 34
solar 8 0 2 177
everyon 21 85 26 55
51 20 84 62 21
northeast 95 13 59 20
spirit 24 59 29 75
rome 109 48 24 6
lanka 82 86 11 8
tabl 41 88 31 27
scale 80 16 51 40
father 111 44 7 25
resist 108 10 33 36
48 56 41 72 17
vs 5 154 7 20
andrew 29 109 35 13
subject 45 30 59 52
regard 33 46 53 54
lewi 10 133 35 8
syria 178 0 1 6
tree 67 21 43 54
jackson 41 125 10 9
kobe 5 180 0 0
affair 119 20 28 18
soft 10 6 150 19
barcelona 6 162 1 16
pipelin 75 1 94 14
highli 30 21 34 99
argu 50 31 45 58
liber 140 5 20 19
laden 166 1 10 7
49 51 24 82 27
m 10 22 81 71
circuit 6 68 59 51
meter 18 150 6 10
kidnapp 180 4 0 0
jack 85 37 45 17
buyer 7 1 126 50
chemic 65 1 75 43
reliev 26 118 27 13
librari 18 2 17 147
bare 32 61 56 34
astronom 5 0 1 177
snap 32 81 38 32
vaccin 42 0 84 57
stronghold 178 0 2 3
sustain 45 46 56 36
scene 88 45 13 37
beckham 3 162 1 17
arthriti 10 0 163 10
oppos 85 37 31 29
examin 58 31 38 55
dope 5 171 0 6
activist 140 4 11 27
fair 60 33 44 45
type 10 21 19 132
mosqu 181 0 0 1
label 31 14 33 103
detect 40 12 16 113
landmark 120 6 18 37
quoti 22 125 16 18
arena 7 135 12 27
bridg 68 61 20 32
tear 72 96 5 8
nigerian 109 5 63 4
chechen 178 0 0 3
slump 13 62 99 6
aliv 88 62 11 19
qaeda 171 1 5 3
bottom 18 100 28 34
90 38 36 26 80
morgan 20 39 108 13
rooney 8 170 1 1
guid 15 53 46 65
bitter 54 51 52 22
ice 11 69 11 88
complaint 48 18 54 59
optim 23 17 72 67
maria 27 145 6 1
ii 108 16 11 44
enforc 49 16 45 69
asid 42 43 70 24
mayor 74 52 27 26
sometim 29 38 28 83
osama 162 0 8 8
obtain 43 18 43 74
starter 5 150 0 23
tworun 8 170 0 0
packer 1 167 10 0
46 21 87 64 6
curt 9 166 2 1
coup 163 5 5 5
piraci 2 0 8 167
batter 66 46 55 10
cbc 0 171 2 4
extrem 48 28 21 79
fierc 100 23 33 20
wrap 49 67 21 39
ankl 3 172 0 1
52 26 94 53 3
recruit 89 43 14 30
appli 28 16 59 73
comeback 20 141 9 6
successor 88 19 31 38
spywar 2 0 10 163
34 38 60 47 30
easier 10 15 30 120
mistak 58 78 17 21
netherland 72 49 29 24
understand 42 39 21 72
blockbust 5 17 116 36
presenc 58 28 47 41
turkish 159 5 6 4
d 7 57 63 47
tourist 119 19 9 27
ltpgtltpgtltpgt 92 0 26 56
languag 29 7 10 128
steeler 1 173 0 0
incid 102 43 5 24
curb 50 4 85 34
complex 41 18 45 69
function 11 6 11 145
shoulder 7 152 5 9
freez 111 6 38 18
frustrat 28 95 15 35
hamm 21 150 2 0
abduct 163 6 0 4
colt 2 171 0 0
wenger 2 171 0 0
mclennan 3 0 170 0
band 40 12 23 97
malaysia 115 3 30 24
infect 35 12 7 118
discoveri 21 3 12 136
shopper 12 0 110 50
jeann 112 30 22 8
actual 16 35 25 95
pioneer 6 3 39 123
strateg 37 2 71 61
adrian 23 147 1 0
stephen 17 105 26 23
compens 56 17 80 18
constitut 139 4 13 15
definit 26 35 35 75
43 24 81 61 5
caribbean 111 17 16 26
mayb 7 104 20 39
twoyear 19 103 34 14
longawait 15 18 56 81
greatest 21 104 7 38
remark 44 69 36 21
relationship 38 35 26 70
photograph 89 11 20 49
hors 10 101 5 53
venezuela 105 14 45 5
editor 41 7 41 80
indi 6 161 0 2
phoenix 10 139 11 9
especi 21 40 41 67
miller 6 146 13 4
austria 42 100 12 15
evacu 135 10 18 6
jaguar 5 115 46 3
nobel 94 2 7 65
invas 136 1 7 24
brain 25 26 6 111
acknowledg 78 23 29 38
batteri 11 15 14 128
highlight 41 50 31 46
vega 13 97 34 24
pursu 63 22 36 47
fouryear 24 91 30 23
vietnam 111 4 43 10
lleyton 5 163 0 0
silicon 0 2 20 145
letter 52 26 52 37
contend 30 82 23 32
repeat 57 68 24 18
navi 72 54 27 14
clean 46 30 38 53
philip 16 25 73 53
bargain 18 54 77 17
collabor 30 3 12 121
multipl 25 11 33 97
cassini 1 0 0 165
jordan 80 74 3 9
narrow 24 30 96 16
oversea 31 10 73 52
unpreced 64 43 29 30
53 26 58 70 12
sentiment 17 8 134 7
crown 48 83 19 16
sbc 0 17 87 62
steroid 3 154 2 7
charlott 16 119 24 7
arabia 77 1 78 9
telescop 0 1 1 163
anthoni 4 135 15 11
id 6 5 17 137
mostli 47 24 62 32
secondlargest 12 0 128 25
condemn 123 21 7 14
petroleum 17 0 143 5
margin 31 23 95 16
sight 19 57 37 52
shanghai 29 74 39 22
outsourc 6 0 66 92
spammer 1 0 11 152
antiviru 0 0 6 158
lowest 11 12 135 6
hassan 162 1 1 0
blew 114 28 9 13
ben 14 120 22 7
showdown 39 112 4 8
convoy 160 2 1 0
crush 53 84 17 9
sack 41 111 8 3
tumbl 13 12 126 11
prais 68 54 18 22
exhibit 22 96 12 32
congo 155 1 1 5
lab 10 11 16 125
foot 29 90 24 19
mp3 0 0 4 158
bankrupt 3 2 145 12
deliveri 15 8 66 73
fed 10 46 80 26
capsul 15 2 2 143
excit 8 81 27 46
ferguson 7 152 3 0
bet 12 34 87 28
tropic 124 2 7 28
roundup 2 0 7 152
regulatori 8 0 101 52
manmohan 143 0 18 0
bull 9 129 22 1
carter 18 140 3 0
spi 106 0 0 55
threegam 4 157 0 0
brief 45 34 48 34
maryland 5 101 15 40
felt 25 102 23 11
ryan 1 126 9 25
carl 5 103 47 6
homeland 53 6 15 87
church 129 6 12 14
fileshar 1 0 28 132
oneday 24 120 12 5
bigger 19 30 57 54
aboard 66 12 10 72
contact 53 25 20 62
flow 34 20 62 44
fiveyear 29 57 56 18
inaugur 56 90 9 5
bc 14 135 4 7
famou 40 50 27 42
consult 24 7 66 62
reader 2 8 21 128
opinion 54 29 24 52
divid 96 12 27 24
fought 71 56 18 14
wear 45 81 15 18
seal 52 59 26 22
detain 149 3 6 1
volum 6 5 105 43
valley 18 31 45 64
notic 21 34 30 73
innov 6 1 33 118
playstat 3 0 7 148
tank 115 3 18 22
inquiri 82 11 57 8
vodafon 2 2 59 95
palm 31 51 17 59
sweden 27 84 16 31
normal 34 26 44 53
rape 71 77 4 5
spitzer 1 0 140 16
margaret 150 2 1 4
flagship 4 1 64 88
string 67 26 39 25
religi 141 2 2 12
kenneth 121 4 20 12
pole 10 123 6 18
object 41 13 28 75
accid 67 45 14 30
qualiti 5 28 36 87
ipo 0 0 88 68
restrict 50 19 52 35
cant 15 43 18 80
repair 9 50 17 80
laptop 3 0 12 141
choos 61 24 24 47
briton 100 37 9 10
split 32 48 52 24
sear 3 4 145 4
ca 3 83 13 56
tire 20 39 63 33
hail 73 48 9 25
nortel 1 0 116 38
sa 20 5 109 21
buri 103 21 1 30
referendum 113 2 32 8
motorola 2 0 59 94
amsterdam 67 24 25 39
mail 19 9 36 90
isnt 16 41 19 78
henri 9 121 13 11
ancient 34 36 7 77
phelp 35 117 1 1
counterpart 74 22 37 21
monthli 15 2 78 59
backup 8 80 14 52
wasn 8 124 9 13
lebanon 151 0 2 1
beslan 152 0 1 1
gap 17 34 76 26
stall 94 11 39 9
medicin 25 2 64 62
contractor 57 2 56 38
150 57 18 38 40
tighten 66 15 54 18
instrument 13 3 46 90
clinic 21 17 94 20
overhaul 47 19 47 39
northeastern 77 45 13 17
plenti 14 65 30 43
someon 18 59 20 55
unemploy 37 4 108 3
map 29 11 12 100
liquid 7 0 73 72
assess 44 14 52 42
39ll 10 72 35 35
acceler 24 2 50 76
overcom 37 87 13 15
trafford 5 147 0 0
sens 25 46 28 52
color 15 22 14 100
shown 54 33 28 36
im 8 18 10 115
interior 126 0 6 19
orang 13 85 22 31
brawl 5 145 0 1
buffalo 0 136 7 8
golden 7 115 17 12
1990 38 16 43 54
cowboy 8 141 2 0
branch 27 14 66 44
assur 53 41 39 18
bloodi 130 9 4 8
descript 47 22 37 45
chile 106 19 15 11
hang 29 56 40 25
charley 37 1 90 22
daniel 24 54 28 44
feet 35 50 19 46
destruct 106 1 15 28
influenc 66 25 28 31
restaur 29 12 96 13
dick 90 37 10 13
unexpect 22 25 63 40
xbox 0 0 1 149
bounc 12 61 60 16
spacecom 0 0 0 149
exclus 20 25 41 63
sluggish 17 14 103 15
stern 10 52 74 13
kmart 1 1 147 0
tribun 102 8 36 3
lockout 2 139 8 0
cocacola 4 3 139 3
gasolin 14 0 130 5
kim 42 86 3 18
citigroup 3 0 141 5
cairo 118 0 31 0
promin 48 20 43 37
simpl 13 47 26 62
articl 7 8 19 114
widespread 63 10 27 48
mother 67 32 14 35
rip 95 20 6 27
devil 4 138 2 4
firsthalf 4 52 91 1
dan 9 102 3 34
aviat 18 2 89 39
swap 20 17 40 71
palac 75 64 6 3
44 36 34 59 19
shortag 33 2 77 35
eventu 27 37 31 52
peak 11 16 71 49
theyr 13 32 13 89
nc 13 98 24 12
cycl 23 85 12 27
port 51 13 37 46
trap 106 14 7 20
proceed 44 18 51 34
3g 1 0 33 113
nextgener 0 0 19 128
tip 36 34 23 54
secondquart 6 2 131 8
whole 23 41 39 44
oneyear 5 127 10 5
silver 9 112 10 16
startup 1 1 20 125
memphi 5 133 6 3
comfort 21 90 17 19
membership 109 6 20 12
creation 34 3 45 65
piston 1 146 0 0
adob 0 0 24 123
venu 9 110 0 27
flag 42 57 30 17
s 18 21 72 35
consortium 9 8 63 66
luxuri 25 19 96 6
allstar 4 142 0 0
va 14 60 53 19
midfield 3 143 0 0
f 27 33 40 45
fate 83 34 17 11
dog 44 24 18 59
unusu 35 20 35 55
ip 3 0 17 125
happi 17 71 22 35
retreat 21 4 96 24
merg 11 2 89 43
physic 26 52 6 61
genet 12 1 8 124
desper 56 62 17 10
easili 30 47 13 55
khartoum 145 0 0 0
shape 28 37 30 50
connecticut 6 100 26 13
lineback 0 145 0 0
friendli 12 81 28 24
mosul 145 0 0 0
concess 23 9 112 1
coordin 43 67 10 25
usatodaycom 27 7 12 98
chad 29 101 10 4
fashion 24 59 36 25
lowcost 8 0 80 56
modern 30 35 14 65
captiv 117 0 2 25
exploit 17 9 7 111
ncaa 0 142 0 2
banker 10 4 124 6
phil 14 111 9 10
kodak 1 1 69 73
rocki 5 99 14 25
vast 61 2 23 57
1999 19 51 48 25
bangalor 20 56 38 29
visitor 32 44 10 57
sieg 125 3 7 8
milwauke 4 129 6 4
munich 10 103 7 23
steal 12 29 14 88
error 23 63 28 29
suppos 12 77 24 30
triumph 10 127 2 4
dealer 27 4 108 4
fortun 22 37 60 24
estat 8 1 116 17
realiti 29 27 27 59
dark 28 44 12 58
balanc 14 32 55 41
simpli 17 52 16 57
adapt 12 10 14 106
consolid 25 4 61 52
cellular 2 16 42 82
allen 8 86 13 35
threeyear 12 67 35 28
tape 66 35 15 26
quick 34 47 25 36
economist 11 0 126 5
250 23 10 59 50
deutsch 7 42 75 18
fox 50 46 27 19
sampl 15 28 6 92
patrick 14 101 12 14
broad 36 4 57 44
trojan 1 53 1 86
birdi 3 136 0 2
exactli 23 53 22 43
outfield 0 141 0 0
colombia 110 16 10 5
myanmar 136 0 4 1
unexpectedli 13 13 106 9
gartner 0 0 18 122
dip 12 5 109 14
listen 30 25 27 58
600 24 5 70 41
czech 15 117 4 4
tension 96 12 25 7
cheer 32 44 41 23
pool 32 82 9 17
dump 43 29 40 28
10000 25 44 46 25
77 11 14 68 47
illinoi 8 81 22 29
christian 80 39 8 13
engag 52 13 46 29
exit 39 42 42 17
2008 20 59 10 51
kid 14 54 25 46
snow 11 28 91 9
slowdown 15 0 110 14
true 22 63 14 40
mortar 133 1 1 4
santa 21 26 34 58
ziff 0 0 0 139
toyota 7 42 80 10
fullyear 2 0 127 10
februari 44 29 28 38
switzerland 15 97 17 10
headlin 25 50 42 22
femal 78 22 9 30
termin 19 19 76 25
ram 22 97 1 19
alzarqawi 139 0 0 0
expir 34 27 56 21
occur 64 19 12 43
gift 15 22 53 48
solv 34 20 7 77
argument 35 24 43 36
alert 85 4 6 43
heavili 81 13 31 13
landslid 134 1 2 1
symantec 1 0 39 98
exercis 47 45 18 28
harmoni 16 3 106 13
print 8 2 29 99
persuad 63 15 30 30
pfizer 1 0 128 9
momentum 36 27 44 30
blackberri 0 0 29 108
neighbor 105 6 11 14
setback 27 37 36 36
confront 63 33 20 20
except 33 46 29 28
serious 84 28 8 16
dr 45 13 28 50
factor 16 25 51 44
twoday 74 8 45 9
widen 27 8 87 14
67 10 98 16 12
regain 36 32 44 24
bronz 13 113 1 9
computerworld 0 0 15 121
lure 18 19 50 49
tender 8 11 72 45
undergo 44 70 9 13
righthand 9 124 3 0
agassi 7 128 1 0
secretarygener 131 0 1 4
alltim 10 61 59 6
clemen 9 127 0 0
serena 6 126 0 4
shell 40 6 57 32
submit 30 28 46 31
sean 3 48 13 71
endang 32 1 6 96
equal 22 70 26 17
chipmak 2 0 45 88
suspicion 95 14 4 22
chavez 76 12 44 3
farm 24 23 54 34
stood 39 58 19 19
duti 49 30 39 17
pentagon 67 0 43 25
cd 2 8 7 118
eve 66 49 16 4
optimist 26 19 63 27
thanksgiv 7 24 93 11
fame 21 85 8 20
item 15 9 56 54
sort 24 42 21 47
occupi 115 10 4 5
pop 39 34 19 42
2007 16 20 48 50
stabil 62 9 58 5
brewer 4 77 51 2
ricki 3 131 0 0
vike 1 127 1 5
eliot 1 0 129 4
cnnmoney 0 1 119 14
newratingscom 0 0 126 8
sharapova 2 130 2 0
genesi 7 0 0 126
conspiraci 30 12 50 41
entri 57 16 10 50
nativ 20 60 8 45
cloud 44 22 22 45
phase 22 37 29 45
ceasefir 112 1 19 1
ail 63 19 44 7
reign 15 71 22 25
portfolio 4 0 69 60
fenway 2 123 7 1
billionair 9 20 81 23
musab 133 0 0 0
deadliest 128 1 0 4
inspir 20 69 17 26
cultur 51 8 23 50
babi 51 10 14 57
weight 19 33 24 56
37 25 49 52 6
meant 43 21 26 42
thrown 30 54 20 28
moder 61 2 49 20
rental 1 0 99 32
larger 22 7 47 56
guinea 129 0 1 2
cellphon 2 7 44 78
indict 52 14 39 26
longtim 36 34 34 27
cruis 19 74 16 22
malici 0 1 2 128
honor 44 61 6 20
hugo 76 6 47 2
nick 15 92 11 13
pretti 5 64 15 47
talent 12 91 16 12
grenad 126 1 1 3
atmospher 22 15 2 91
p 8 52 57 13
automat 12 14 14 90
baseman 2 128 0 0
grid 2 17 14 97
ramallah 130 0 0 0
angri 73 36 13 8
highend 1 1 18 110
testifi 39 15 66 10
endors 56 22 28 24
scrap 55 9 33 33
coal 92 3 26 9
pact 58 4 44 24
l 37 13 41 39
arctic 3 0 8 119
dividend 4 5 113 8
goahead 15 84 23 7
wash 30 34 21 44
disappear 74 15 5 35
sp2 1 0 0 128
adult 44 3 23 59
anger 85 24 14 6
weaken 43 9 70 7
schumach 3 124 2 0
ace 10 99 15 5
audio 20 0 10 99
garden 16 74 24 15
intercept 14 103 3 9
els 9 66 19 35
transact 7 7 70 45
3000 38 8 45 38
clinton 64 32 14 19
distanc 11 29 36 53
chirac 122 0 4 3
raptor 2 125 0 2
perman 62 11 31 25
smoke 78 7 21 23
northwest 28 2 75 24
melbourn 15 55 51 8
spaceshipon 3 0 0 126
floor 34 26 27 41
equatori 126 0 0 2
kennedi 17 17 8 86
t 4 15 34 75
fulli 27 26 26 49
circul 16 2 60 50
erni 5 120 1 2
wholesal 10 0 103 15
ambassador 118 2 3 5
beef 33 5 49 41
symbol 63 13 30 22
henman 8 120 0 0
pollut 27 0 11 89
swedish 27 41 25 34
rapid 33 19 36 39
disk 2 7 8 110
voip 0 0 7 120
path 59 16 19 33
sadr 127 0 0 0
randi 2 111 1 13
crackdown 52 2 13 60
supermarket 6 4 102 15
ignor 52 19 24 31
convert 22 23 37 44
66 17 90 13 6
escal 66 6 36 18
hamilton 5 107 10 4
emot 30 70 5 21
counter 30 12 54 30
eli 6 91 28 1
breath 32 34 33 27
peertop 0 0 5 121
hurdl 26 55 29 16
congression 59 7 48 12
mourn 68 52 0 6
sap 5 0 20 100
printer 1 3 17 104
raider 4 114 5 2
marlin 6 117 0 2
audienc 27 32 14 52
magic 0 109 5 11
netscap 0 0 1 124
careerhigh 6 119 0 0
reward 41 28 18 38
eclips 5 18 7 95
infoworld 0 0 1 124
speedway 0 124 1 0
reput 25 53 20 26
yield 15 16 60 33
basic 19 10 22 73
freedom 95 7 2 20
revolut 35 43 5 41
withdrew 38 40 40 6
47 33 21 63 7
swept 57 48 7 12
steven 26 62 18 18
wine 12 0 97 15
gambl 11 25 72 16
settler 120 0 1 3
spokeswoman 48 9 38 29
c 5 45 39 35
tripl 8 39 49 28
ultim 18 41 19 46
quietli 16 19 18 70
wildlif 24 3 3 93
variou 19 17 17 70
metal 24 0 78 21
transform 24 17 32 50
chapter 15 16 71 21
palmon 0 0 18 105
marion 6 114 1 2
quest 24 49 3 47
swing 36 48 20 19
crm 0 0 25 98
chechnya 122 0 0 1
firstround 5 116 1 1
architectur 7 1 3 112
humanitarian 117 0 0 6
style 17 67 16 23
older 11 15 31 66
regim 103 2 13 5
cavali 0 123 0 0
encount 22 46 3 51
temporari 21 18 56 27
gov 39 3 34 46
halliburton 11 1 109 1
pleas 24 34 33 31
sprinter 5 117 0 0
belgium 14 54 37 17
72 9 47 41 25
800 31 19 49 23
espn 1 105 6 10
newest 10 19 17 76
libya 114 0 6 2
tobacco 14 5 94 9
shi 60 31 19 11
caution 31 17 55 18
particularli 27 21 26 47
punish 45 39 16 21
38 26 38 44 13
mari 10 61 9 41
everton 6 115 0 0
alqaeda 119 0 0 2
taylor 6 99 4 12
seahawk 1 120 0 0
alqaida 121 0 0 0
chancellor 62 4 32 23
hero 17 71 7 26
holder 5 76 23 17
hugh 12 92 10 7
directli 34 9 29 48
alon 25 42 14 39
forget 10 55 18 37
rapidli 24 8 27 61
scan 7 11 11 91
diamondback 0 118 0 2
parliamentari 111 0 3 6
subsidi 8 0 108 4
pennsylvania 12 35 24 49
kenya 80 28 3 9
refer 33 21 21 45
rugbi 2 117 1 0
shook 72 31 7 10
jacksonvil 2 114 3 1
bench 0 118 2 0
scottish 15 89 7 9
guarante 33 48 25 13
wasnt 11 71 2 35
ed 7 38 28 46
patrol 101 8 1 9
fewer 17 15 54 33
certainli 10 72 19 18
85 24 34 48 13
docomo 5 0 7 107
ambit 72 15 12 20
86 13 76 16 14
envoy 117 0 1 1
stick 29 35 26 29
nec 1 32 9 77
harm 38 4 36 41
shadow 33 21 18 47
overturn 51 12 30 26
holling 1 0 118 0
societi 40 6 22 50
globe 15 29 26 48
cheney 98 2 10 8
household 9 7 69 33
inch 9 25 44 40
rafael 10 108 0 0
elector 94 2 11 11
domain 2 2 11 103
casualti 93 12 9 4
preview 3 18 5 92
valuabl 12 64 17 25
weaker 7 1 106 4
crystal 3 52 15 48
madison 11 88 11 8
eriksson 3 115 0 0
drag 31 14 54 19
700 20 24 56 18
kyoto 78 0 4 36
idg 0 0 21 97
longhorn 2 24 0 92
salari 12 46 43 16
correct 34 15 43 25
wors 26 46 23 22
enemi 69 11 11 26
color666666gtltbgtwashingtonpostcomltbgtltfontgt 0 0 0 117
wisconsin 9 86 10 12
calm 75 14 20 8
cathol 84 20 11 2
ferrari 5 92 7 13
10th 17 83 8 9
weekli 18 15 70 14
grip 54 31 26 6
nepal 116 0 1 0
thin 6 6 67 38
arbitr 0 99 15 3
neck 15 56 7 39
submarin 102 0 1 14
mauresmo 2 115 0 0
icc 8 109 0 0
helen 14 0 3 100
glazer 2 107 8 0
favourit 11 94 1 10
uncertainti 16 10 70 20
jonathan 10 61 16 29
museum 58 3 7 48
fossil 1 0 3 112
nj 7 69 29 11
robust 9 1 83 23
ian 53 50 9 4
outcom 49 25 27 15
wing 34 46 11 25
suddenli 23 52 14 27
vision 30 6 20 60
laker 0 115 1 0
coverag 16 22 40 38
intensifi 45 9 42 20
threerun 5 111 0 0
garcia 12 104 0 0
juan 13 90 6 7
healthi 11 38 45 22
beaten 15 79 13 9
survivor 105 1 4 6
leak 29 21 24 42
kazaa 0 0 7 109
apolog 52 56 4 4
pump 15 13 67 21
solari 0 0 4 112
malcolm 2 102 10 2
clone 12 1 1 101
analysi 12 6 27 70
busch 0 115 0 0
smile 20 72 15 8
iyad 114 0 1 0
colleagu 66 9 11 29
bruce 7 44 49 15
shawn 5 80 0 30
publicli 24 17 51 23
scam 4 4 19 88
hamstr 0 114 0 1
lynch 4 15 92 4
complain 33 24 20 38
stockholm 26 57 14 18
terri 10 95 6 4
bow 41 35 28 11
wizard 1 109 0 5
specialist 15 11 35 53
spin 10 31 40 33
r 16 12 52 34
amazoncom 1 0 38 75
haven 19 51 15 29
unabl 29 46 11 28
sponsor 21 35 20 38
toss 9 79 8 18
murdoch 5 4 104 1
scheme 14 12 38 50
buyout 1 10 88 15
mich 12 82 14 6
montgomeri 3 100 7 4
rebelheld 114 0 0 0
brace 39 27 37 10
maverick 11 81 8 13
wast 29 29 25 30
dna 13 6 5 89
flew 48 21 9 35
compromis 45 5 7 56
versu 2 30 61 20
branson 3 0 17 93
text 18 2 6 87
greet 33 28 24 28
160 45 7 22 39
compound 84 3 10 16
iowa 18 77 10 8
deton 105 3 2 3
cb 39 23 28 23
atop 17 77 5 14
hint 37 16 38 22
urban 25 52 15 21
advoc 25 1 28 59
birmingham 6 88 15 4
roster 5 97 2 9
embarrass 32 58 16 7
neg 13 15 66 19
interact 6 1 16 90
quotw 21 39 15 38
alitalia 7 0 106 0
swim 8 84 3 17
bangkok 70 20 4 18
feed 21 2 13 76
southeastern 37 44 20 11
persist 31 5 62 14
eric 6 68 11 27
panther 1 98 1 12
remind 34 51 13 14
inspector 70 3 13 26
norway 41 48 19 4
reduct 30 2 65 15
statist 9 26 64 13
emiss 26 0 21 65
junior 14 95 2 1
prior 17 44 40 11
sue 7 14 24 67
directori 1 0 30 81
thatcher 100 12 0 0
andrea 5 12 3 92
eisner 5 0 107 0
mississippi 0 97 6 9
b 13 35 40 23
laid 38 20 24 29
wish 30 41 8 32
71 21 52 26 12
oriol 2 108 1 0
farmer 36 0 48 27
prosecut 55 7 24 25
elit 29 58 9 15
modest 20 15 62 14
pocket 22 17 20 52
kremlin 54 34 22 1
wider 10 3 70 28
aaron 7 96 2 6
pentium 0 0 6 105
pyongyang 109 0 0 2
inspect 53 4 20 34
siemen 1 0 18 92
finland 11 60 18 22
matchup 6 103 1 1
fallen 21 23 51 16
roy 10 91 9 1
knick 0 111 0 0
ds 0 0 9 102
socal 22 8 31 49
maccentr 2 0 0 108
gene 8 17 6 79
01 13 10 62 25
agenda 73 7 17 13
prescript 22 0 59 29
outlin 32 5 23 50
undermin 65 5 29 11
significantli 13 8 36 53
shrug 19 33 55 3
depend 32 9 26 43
pour 29 42 25 14
daughter 65 21 10 14
warplan 110 0 0 0
shake 25 40 24 21
scrambl 34 25 28 23
hagu 96 1 8 5
eddi 2 90 5 13
honda 3 35 47 25
mumbai 11 36 53 10
poison 75 2 12 20
upon 12 33 16 48
relay 20 74 1 14
alexand 56 38 7 8
12th 11 81 7 10
substanti 27 9 46 27
conced 48 36 18 7
khan 66 41 0 2
exceed 13 9 64 23
incent 27 15 50 17
aljazeera 105 1 0 3
amend 50 11 23 25
trump 5 14 85 5
videotap 87 10 3 9
peyton 2 107 0 0
tommi 8 75 24 2
carmak 9 6 82 11
sec 2 18 72 16
eat 14 10 22 62
permiss 29 14 30 35
consider 12 38 17 41
sender 1 0 1 106
cautiou 17 9 70 12
wildcard 11 97 0 0
brett 4 101 1 2
taipei 75 2 3 28
hightech 11 2 33 62
portland 3 90 9 6
partial 47 7 28 26
guantanamo 106 0 0 2
lender 1 0 106 1
h 33 19 43 13
cape 34 5 3 66
graem 1 106 1 0
ballmer 1 0 11 96
ac 0 81 3 24
jobless 7 0 99 1
necessari 29 18 27 33
craft 16 7 13 71
aerospac 4 0 68 35
adjust 19 15 53 20
loom 34 16 41 16
j 15 9 62 21
hijack 55 0 9 43
imagin 17 46 9 35
breakthrough 42 7 11 47
antispam 1 0 1 105
dub 11 14 8 74
lord 38 23 30 16
cheaper 5 1 31 70
bloomberg 19 11 70 7
quiet 23 31 23 30
belong 45 33 9 20
bloc 86 0 18 3
workforc 9 0 85 13
slid 7 8 89 3
troy 1 97 8 1
radcliff 5 102 0 0
oilrich 82 0 23 2
juventu 1 106 0 0
halo 0 1 3 103
float 20 11 39 36
stream 24 9 9 64
whale 43 0 0 63
defin 17 20 23 46
bone 14 40 3 49
sensit 50 2 16 38
unix 0 0 2 104
peer 7 11 39 49
wta 0 106 0 0
embrac 23 17 12 54
overcam 5 98 1 2
gadget 0 1 9 96
distributor 1 3 43 59
volatil 59 3 40 4
freshman 4 96 0 6
poland 49 49 4 4
cornerback 1 105 0 0
68 27 61 18 0
restat 4 1 84 17
applianc 0 0 35 71
crop 17 4 46 39
immigr 87 0 7 12
nomin 60 9 26 11
santiago 74 27 4 1
experiment 4 5 41 55
artist 15 5 9 76
plagu 32 22 14 37
techniqu 3 6 5 91
theori 15 9 3 78
reli 19 19 14 53
microprocessor 1 0 11 93
rodriguez 32 69 4 0
ethnic 99 3 2 1
upbeat 19 6 77 3
dubai 87 4 12 2
tout 10 10 20 65
punch 16 51 8 30
lcd 0 0 18 87
hawk 13 64 6 22
abba 105 0 0 0
golfer 1 102 2 0
saint 11 84 6 4
louisiana 18 35 20 32
evolut 2 1 2 99
authent 16 0 3 85
roar 25 28 32 19
bronco 1 103 0 0
chosen 21 39 22 22
usbas 13 1 56 34
llc 0 1 70 33
highprofil 28 23 29 24
southwest 39 5 50 10
standoff 97 0 5 2
agricultur 34 1 46 23
couldn 4 80 11 9
mileston 17 26 21 40
abuja 102 0 2 0
kurt 2 101 0 1
dave 5 75 12 12
muscl 5 54 15 30
jointli 14 2 21 67
kiev 80 24 0 0
derek 13 87 4 0
thirdlargest 11 0 77 16
conglomer 1 1 86 16
ata 3 0 90 11
imac 0 0 0 104
sep 24 24 8 48
tsunami 78 2 2 22
trim 7 4 65 27
hunter 17 26 3 57
harvard 2 55 20 26
beleagu 31 14 51 7
wimbledon 2 99 2 0
captor 97 1 0 5
basi 22 12 38 31
effici 5 13 27 58
blade 0 7 2 94
twist 23 22 13 45
clock 15 42 6 40
mall 9 5 66 23
tycoon 10 39 39 15
vital 34 19 22 28
rick 5 83 9 6
rupert 3 5 94 1
rig 46 0 52 5
aziz 102 0 1 0
berth 2 100 1 0
2012 10 84 0 9
idc 2 0 20 81
viktor 101 0 0 2
1980 25 23 23 31
load 13 27 21 41
bug 15 4 1 82
siriu 1 2 84 15
pa 21 65 10 6
shortli 43 25 19 15
detaine 98 0 0 4
extinct 6 2 1 93
extremist 101 1 0 0
tower 37 13 29 23
ambiti 14 6 30 52
icon 44 6 25 27
charger 0 96 3 3
lindsay 2 100 0 0
filmmak 91 1 1 9
forg 31 14 25 31
125 14 20 49 18
privaci 16 5 11 69
method 12 8 17 64
146 6 12 15 68
rivalri 5 75 7 14
brad 2 86 9 4
offseason 4 97 0 0
ntt 4 0 6 91
written 18 21 18 44
disabl 14 28 17 42
grace 3 62 17 19
longest 19 45 20 17
walker 5 80 8 8
genocid 98 0 0 3
mcdonald 6 11 80 4
maoist 100 0 1 0
borrow 6 4 84 7
spoke 34 33 15 19
onthursday 26 3 43 29
paula 6 92 0 3
davenport 2 98 0 1
ameli 5 96 0 0
departur 21 26 33 21
u2 2 0 2 97
corner 19 41 15 25
gateway 1 1 26 72
hammer 21 49 15 15
overwhelm 26 44 10 20
react 42 19 27 12
closest 22 24 1 53
lyco 0 0 2 98
jeremi 6 76 2 16
identif 14 0 8 78
itanium 0 0 3 97
poverti 61 1 36 2
prefer 17 25 21 37
abroad 46 8 28 18
extradit 83 0 16 1
owe 25 27 38 10
bag 31 31 18 20
rotat 3 84 2 11
unanim 33 24 34 9
slowli 17 6 37 40
charli 1 64 32 3
toprank 6 91 1 2
fort 26 22 40 12
danni 6 83 1 9
elsewher 37 12 28 22
thai 81 4 7 7
lunar 1 4 0 94
cat 33 9 9 48
cnn 50 4 26 19
structur 12 9 32 46
husband 77 7 7 8
simultan 50 5 7 37
venezuelan 67 4 25 3
stir 35 22 25 17
philli 0 97 1 1
upris 94 1 4 0
depot 8 6 78 7
downgrad 10 8 74 7
plea 56 19 11 13
kingdom 43 5 32 19
automot 3 1 86 9
skipper 10 89 0 0
recogn 36 20 17 26
improp 5 23 69 2
39d 4 62 14 19
queen 57 24 8 10
ukrainian 79 15 0 5
abbey 3 3 93 0
berni 5 92 1 1
bloomfield 8 90 0 1
uniqu 7 20 16 55
advic 15 35 19 29
liberti 11 27 32 28
clue 22 2 24 50
moqtada 97 0 1 0
derail 57 14 24 3
scare 50 28 9 11
calendar 3 55 16 24
damascu 97 0 0 1
kuwait 54 4 37 3
revamp 17 13 23 45
lucr 9 16 47 26
odd 15 45 12 26
creditor 22 1 68 7
steer 16 26 38 18
aren 2 38 30 28
intellectu 16 0 14 68
knockout 3 92 2 1
tottenham 3 95 0 0
treati 72 0 0 26
shaquil 1 97 0 0
conway 0 4 50 44
percentag 8 20 54 15
reaction 32 22 25 18
msft 0 0 5 92
willi 0 77 16 4
muqtada 97 0 0 0
dig 18 8 22 49
verg 17 48 12 20
tag 7 16 12 62
svengoran 3 94 0 0
disarm 97 0 0 0
freddi 1 19 76 1
ramirez 7 90 0 0
napster 0 0 3 94
samarra 97 0 0 0
skill 12 21 28 35
column 14 23 26 33
burst 27 23 17 29
birth 33 14 4 45
unleash 45 10 6 35
jon 12 74 1 9
riot 85 10 0 1
shatter 58 25 2 11
afford 11 16 23 46
vancouv 28 41 18 9
lebanes 95 0 0 1
antiterror 87 1 4 4
cuban 72 9 9 6
realnetwork 1 0 9 86
bluray 0 0 1 95
39m 8 58 10 20
linger 16 16 44 20
preserv 13 24 19 40
cartel 10 0 75 11
frankfurt 8 7 59 22
rumor 19 15 15 46
tivo 1 1 21 72
bright 4 18 20 53
surrend 57 12 16 10
charact 16 27 4 48
phish 4 0 4 87
marriag 69 10 6 10
daimlerchrysl 6 0 82 7
5000 24 17 23 31
breach 37 7 27 24
belgian 17 60 16 2
boycott 75 7 9 4
bt 4 0 41 50
steam 9 5 46 35
dress 36 38 13 8
sacramento 1 82 11 1
gamer 1 2 1 91
avert 31 7 48 9
emc 0 0 11 84
del 18 48 22 7
born 33 16 6 39
absenc 16 49 15 14
typic 11 18 20 45
log 8 5 4 77
shed 12 12 45 25
135 9 10 55 20
offshor 17 0 45 32
varieti 8 10 13 63
1996 21 47 14 12
clark 23 62 2 7
incumb 75 1 11 7
rumsfeld 88 0 2 4
indefinit 42 32 13 7
loyal 74 6 6 8
commod 7 4 70 13
sat 19 56 8 11
minneapoli 8 66 16 4
warrior 16 53 1 24
onwednesday 31 0 39 24
56 25 18 40 11
latin 46 7 30 11
polish 61 11 11 11
islamist 90 0 1 3
td 0 76 18 0
manhattan 20 17 41 16
dhaka 60 34 0 0
cole 9 34 48 3
dualcor 0 0 0 94
visa 37 3 41 13
array 10 4 10 69
junk 4 0 13 76
stress 43 12 15 23
fake 21 15 6 51
rein 26 5 53 9
49er 0 91 1 1
confus 41 14 14 24
hide 55 13 6 19
kathmandu 93 0 0 0
lehman 0 46 47 0
chen 74 6 11 2
merril 3 2 84 4
endur 23 38 8 24
shoe 12 17 45 19
overshadow 26 39 23 5
spike 16 10 54 13
ortiz 6 87 0 0
delawar 5 23 42 23
shootout 42 50 1 0
reiter 44 11 31 7
conrad 1 1 91 0
southampton 4 85 0 4
langer 4 87 2 0
eastman 1 1 45 46
strongest 29 11 32 21
mourinho 1 92 0 0
lash 67 6 7 12
norwegian 32 16 26 18
exampl 16 16 12 48
migrat 9 0 7 76
spectacular 12 49 6 25
healthcar 8 0 79 5
matthew 5 61 5 21
none 19 44 10 19
autom 0 4 12 76
dawn 63 10 4 15
assign 16 35 9 32
pile 32 22 30 8
benchmark 4 2 77 9
120 30 25 28 9
temporarili 18 11 38 25
audit 12 8 60 12
secondhalf 1 59 32 0
fidel 45 4 37 6
74 13 48 19 12
pave 41 7 25 19
rice 24 55 6 7
button 2 69 6 15
peru 71 12 4 5
blackburn 0 92 0 0
safin 4 88 0 0
lsu 1 87 0 4
toppl 63 8 13 7
11th 10 58 15 8
cluster 6 0 5 80
complic 37 19 14 21
tune 8 17 9 57
reopen 50 5 22 14
148 9 11 9 62
mph 49 13 0 29
rbi 7 77 7 0
rfid 0 0 4 87
faction 89 2 0 0
midsiz 1 0 16 74
paint 33 15 20 23
uncov 29 3 12 47
briefli 22 21 40 8
transit 42 5 11 33
possess 31 48 5 7
unknown 50 11 3 27
urgent 49 6 14 22
shaukat 91 0 0 0
jp 4 18 58 11
18th 12 62 8 9
affili 10 4 46 31
telephoni 0 0 17 74
lobbi 25 15 29 22
pit 23 32 12 23
dust 9 13 10 58
nato 82 2 1 5
academ 12 22 10 46
marri 49 23 9 9
custodi 86 0 2 2
trademark 6 15 25 44
bengal 5 84 0 1
ontuesday 24 3 39 24
gt 12 7 30 41
stolen 24 14 11 41
coloni 45 11 20 14
anderson 8 58 15 9
suzuki 5 74 8 3
highway 36 10 28 16
78 31 12 41 6
withdrawn 28 20 33 9
stuff 2 21 14 53
firstquart 0 6 70 14
pursuit 16 49 10 15
payrol 3 7 77 3
slugger 6 84 0 0
syracus 0 85 5 0
neighborhood 55 9 15 10
jerri 4 77 6 2
categori 24 17 20 28
nearbi 52 10 6 21
ton 52 5 7 25
whom 38 25 8 18
cheap 5 7 29 48
academi 39 14 0 36
invad 54 6 5 24
usc 1 86 1 1
fred 1 74 6 8
smash 34 15 7 33
omar 37 51 1 0
dialogu 84 1 1 3
g5 0 0 0 89
geneva 41 4 28 16
squeez 10 24 32 23
bureau 20 14 38 17
betterthanexpect 0 0 82 7
shutout 8 81 0 0
louisvil 0 78 7 4
pierc 16 59 7 7
hasn 5 60 16 8
dictat 73 6 6 4
ghraib 87 0 0 2
hampshir 8 61 10 10
gross 10 6 62 11
outfit 6 31 13 39
verita 0 0 39 50
shortstop 2 87 0 0
elena 3 83 0 3
robinson 5 77 4 3
forbescom 0 0 69 19
textil 16 0 70 2
temperatur 8 10 19 51
businessman 50 19 15 4
festiv 48 11 8 21
circl 17 38 7 26
drawn 21 29 16 22
locker 1 81 3 3
padr 5 81 0 2
columbu 12 60 7 9
multimedia 0 1 11 76
84 13 63 9 3
thrill 7 66 3 12
occup 77 2 5 4
zurich 0 62 24 2
fled 75 2 9 2
vivendi 2 0 55 31
mahmoud 88 0 0 0
austin 7 32 17 32
kyle 2 83 1 2
57 31 34 15 8
optic 1 0 4 83
chrysler 2 40 44 2
ovitz 0 0 88 0
paypal 0 0 16 72
vinc 2 85 1 0
mere 26 22 10 29
cargo 32 1 9 45
ayad 86 0 0 1
procedur 42 14 11 20
ownership 8 9 53 17
fleet 9 2 52 24
roman 45 18 7 17
unrest 50 6 31 0
lui 15 70 1 1
tactic 33 20 14 20
routin 21 25 8 33
defect 24 2 26 35
experienc 10 30 20 27
bound 26 17 18 26
lend 10 2 65 10
slight 16 14 46 11
attach 18 6 10 53
arrang 32 15 26 14
10year 7 6 48 26
ibrahim 82 4 0 1
greenhous 32 0 8 47
marat 4 83 0 0
fatal 47 6 13 20
legend 15 53 4 14
realiz 9 31 14 32
architect 25 5 17 39
skin 9 33 9 35
falcon 1 79 1 5
descend 42 14 6 24
guidanc 8 2 56 20
trace 40 12 2 32
64bit 0 0 2 84
amazon 10 0 18 58
defi 48 22 8 8
excess 10 8 53 15
favr 1 85 0 0
approxim 5 6 32 43
rebuild 51 15 15 5
lone 8 60 5 13
83 10 52 14 10
pda 0 0 4 82
surpass 6 25 26 29
metr 10 70 0 6
root 20 24 21 21
primari 26 16 18 26
jamaica 50 20 10 6
tel 63 19 2 2
aviv 62 20 2 2
volkswagen 19 0 63 4
lenovo 2 0 53 31
thwart 32 3 21 30
hu 64 5 16 1
artest 1 85 0 0
chair 11 47 14 13
bruis 3 74 4 4
buck 8 43 18 16
neither 18 43 12 12
assum 21 26 24 14
premium 8 3 53 21
substanc 15 54 1 15
keith 4 76 2 3
fool 4 10 26 45
spare 22 17 20 26
stanley 3 23 56 3
uniform 25 54 3 3
tore 65 9 4 7
beer 17 12 52 4
johnni 20 63 1 1
pornographi 22 0 1 62
raw 22 10 36 17
beauti 18 22 12 33
cyber 2 0 1 82
paus 10 14 51 10
correspond 34 8 26 17
luke 0 81 0 4
comcast 0 3 63 19
magnitud 58 3 1 23
jamal 4 81 0 0
fare 6 4 62 12
michel 23 24 8 29
contin 45 3 9 27
shortterm 2 6 69 7
mexican 38 7 28 11
portal 1 0 4 79
jeffrey 1 7 56 20
convers 18 27 13 26
mercuri 10 7 5 62
fourgam 2 82 0 0
massacr 79 4 1 0
malaysian 50 16 8 10
gay 71 5 3 5
rob 19 34 9 22
archriv 8 39 15 22
haitian 83 1 0 0
sank 9 10 59 6
neighbour 66 9 4 5
tyler 3 78 2 1
qanta 5 0 79 0
penn 3 54 17 10
strongli 34 8 33 9
curs 1 73 4 6
trainer 4 79 0 1
cow 33 0 31 20
erp 0 0 22 62
mutu 3 81 0 0
accomplish 13 46 6 18
hubbl 0 0 0 83
teacher 53 2 8 20
fcc 0 2 19 62
firewal 0 0 1 82
slap 19 26 27 11
f1 0 80 2 1
mandat 53 2 11 17
tortur 74 4 1 4
wreckag 57 6 2 18
atp 3 80 0 0
berlusconi 81 1 1 0
empir 10 8 53 12
abc 8 53 14 8
harrington 0 77 4 2
aristid 83 0 0 0
xinhua 53 4 6 20
drama 34 27 14 8
roughli 7 5 38 33
berkeley 0 19 10 54
ankara 78 0 5 0
plug 9 15 8 51
nairobi 79 1 1 2
portsmouth 5 75 3 0
roebuck 0 0 79 4
susilo 82 0 1 0
yudhoyono 82 0 1 0
lastminut 28 24 19 11
92 8 17 32 25
rescuer 78 1 0 3
immin 27 15 25 15
highdefinit 1 1 6 74
spotlight 14 30 16 22
pope 70 3 0 9
chant 17 62 3 0
silvio 78 3 1 0
shelv 14 3 18 47
fade 13 32 24 13
tribal 79 1 2 0
jimmi 14 59 7 2
biotechnolog 0 0 63 19
sam 10 51 14 7
chao 59 6 12 5
interfac 0 0 2 80
funer 68 11 3 0
deliber 21 36 19 6
lefthand 0 82 0 0
seasonhigh 1 81 0 0
implant 5 1 32 44
pinochet 78 0 4 0
santand 3 1 78 0
unchang 10 6 63 3
roma 1 79 0 2
39neal 0 82 0 0
bambang 81 0 1 0
100000 31 4 22 24
killer 34 16 4 27
shark 36 3 9 33
clearli 12 29 9 31
alter 11 14 21 35
amateur 5 53 1 22
seller 4 0 35 42
glass 18 10 17 36
salvag 13 42 9 17
twotim 1 80 0 0
couldnt 9 47 8 17
ralph 31 31 17 2
fals 17 12 30 22
cheat 21 36 16 8
ontario 20 14 35 12
propel 8 26 37 10
torn 21 58 2 0
speaker 32 4 9 36
130 21 32 23 5
dealt 23 32 15 11
compat 0 0 5 76
threeday 41 19 18 3
mill 8 13 50 10
73 13 53 11 4
emir 46 19 13 3
gen 68 0 7 6
thirdgener 0 0 17 64
terrel 2 79 0 0
md 5 43 19 14
denni 7 65 2 7
valencia 0 81 0 0
refere 2 79 0 0
dean 6 32 9 34
outstand 12 33 26 10
counterfeit 10 0 11 60
nugget 0 81 0 0
hellip 0 0 80 0
simul 2 2 8 68
boat 44 13 4 19
dive 4 62 5 9
iron 17 18 26 19
dash 24 40 6 10
modifi 13 2 15 50
unsolicit 2 0 22 56
romania 54 24 2 0
roof 49 5 12 14
anonym 24 22 6 28
rod 17 30 14 19
topseed 2 78 0 0
slower 4 4 61 11
barrier 35 14 15 16
section 30 14 12 24
reveng 32 32 1 15
onetim 13 14 35 18
mastermind 72 3 3 2
expos 25 8 14 33
nfc 1 59 0 20
doublehead 5 74 0 1
chicken 17 4 25 34
mainli 24 2 35 19
breeder 0 79 1 0
netflix 0 0 37 43
hedg 2 2 74 2
jintao 63 2 15 0
straw 74 2 3 1
salvat 0 2 77 1
souness 0 80 0 0
smartphon 0 0 4 76
grizzli 2 76 0 2
conclus 13 26 12 28
parcel 2 47 30 0
fun 2 25 16 36
principl 31 7 31 10
dedic 14 13 11 41
tougher 23 28 17 11
frequent 25 5 19 30
kazakhstan 21 10 1 47
103 5 20 38 16
internetbas 0 0 20 59
arent 14 17 10 38
yellow 8 37 15 19
stone 25 15 7 32
arlington 7 42 24 6
proof 42 11 5 21
richest 7 26 40 6
testimoni 20 17 27 15
hover 11 7 57 4
sandwich 1 7 12 59
faith 31 25 9 14
pullout 79 0 0 0
outbreak 39 4 12 24
excel 3 33 2 41
champ 5 65 5 4
ichiro 4 75 0 0
mad 29 14 24 12
zook 0 79 0 0
nvidia 0 0 10 69
guidant 1 0 77 1
indoor 2 74 2 1
longrun 17 3 41 18
midnight 22 27 10 20
hub 12 3 46 18
stabl 31 2 28 18
alarm 35 7 12 25
invent 3 6 9 61
lebron 2 76 1 0
downtown 38 13 22 6
lane 14 43 21 1
runner 6 68 1 4
prayer 67 6 0 6
basqu 74 4 0 1
subpoena 8 0 57 14
midway 1 45 30 3
catcher 1 78 0 0
halftim 1 75 2 1
compli 24 5 28 22
beirut 76 0 2 1
earnhardt 0 79 0 0
volcano 4 2 1 72
mojav 6 0 0 73
rail 39 8 25 6
argentin 25 37 13 3
visual 1 1 1 75
cement 12 15 47 4
snatch 23 34 4 17
professor 13 6 10 49
purpos 16 14 12 36
stanford 4 38 5 31
chose 27 30 12 9
undisclos 8 18 27 25
mention 21 31 5 21
campu 2 30 19 27
incorpor 2 2 19 55
turmoil 48 10 16 4
miguel 8 66 1 3
02 6 18 35 19
ann 16 30 13 19
p2pnetnet 1 0 3 74
spaniard 6 71 1 0
creator 6 1 10 61
wheel 11 15 25 27
sixmonth 13 4 34 27
painkil 3 5 64 6
holm 5 71 2 0
225 4 15 48 11
soyuz 7 0 0 71
timberwolv 0 78 0 0
broader 20 1 31 25
radar 5 6 9 57
cocain 25 47 0 5
belt 23 36 9 9
imposs 25 30 6 16
alaska 10 22 19 26
bundl 5 12 11 49
steep 11 4 46 16
wed 34 21 8 14
evalu 8 12 21 36
fbi 31 1 15 30
deterior 49 5 22 1
lag 10 4 58 5
crunch 10 12 47 8
scream 40 24 3 10
permit 25 6 18 28
danc 24 27 5 21
motiv 29 25 5 18
sooner 8 55 5 9
greg 5 62 3 7
portauprinc 74 3 0 0
villa 22 54 1 0
click 2 3 4 68
rage 44 12 11 10
gmail 0 0 0 77
ruud 9 68 0 0
hornet 1 72 0 4
turnov 3 62 10 2
bayern 0 77 0 0
dale 0 72 0 5
serb 73 2 0 2
sick 29 14 16 17
behavior 15 16 16 29
moor 18 33 8 17
topic 14 11 6 45
hd 0 2 3 71
mo 2 52 13 9
renault 2 65 8 1
caraca 64 1 8 3
e 13 16 17 30
costa 23 48 2 3
nobodi 5 39 5 27
wartorn 74 1 0 1
degre 5 9 16 46
pend 12 21 29 14
rio 22 40 9 5
quotit 9 36 9 22
hardlin 73 0 2 1
policemen 76 0 0 0
dismantl 47 16 4 9
moham 69 6 0 1
coffe 11 4 44 17
refin 7 0 58 11
stockpil 22 0 46 8
entrepreneur 1 1 24 50
navig 5 3 12 56
kelli 9 55 7 5
viacom 0 0 66 10
volunt 17 24 12 23
buoy 13 4 52 7
embargo 71 0 4 1
nv 3 6 60 7
panama 24 50 1 1
wnba 1 75 0 0
treo 0 0 9 67
trick 12 19 4 40
gm 3 23 42 7
techweb 0 0 2 73
shower 6 14 8 47
costli 4 6 44 21
advisori 9 0 31 35
sleep 11 27 8 29
fingerprint 6 2 4 63
mvp 0 75 0 0
turf 12 42 8 13
7000 13 1 36 25
gunfir 73 2 0 0
militiamen 73 0 1 1
birthday 25 31 5 14
awar 15 22 7 31
frozen 26 6 24 19
formerli 24 6 27 18
dairi 1 0 66 8
portion 19 11 19 26
mauric 3 54 2 16
desir 20 25 9 21
shore 25 13 11 26
outgo 51 4 10 10
82 12 30 21 12
manni 6 69 0 0
crater 3 0 2 70
deserv 14 47 9 5
influenti 45 6 13 11
ye 5 24 13 33
milosev 75 0 0 0
finger 5 27 7 36
checkpoint 67 0 8 0
foe 39 21 10 5
runoff 68 0 0 7
relianc 2 0 62 11
meyer 0 64 10 1
bolton 3 72 0 0
yushchenko 72 0 0 3
purdu 0 67 1 7
bali 57 13 1 3
concentr 20 11 17 26
hardli 11 42 7 14
missouri 7 48 5 14
grave 54 8 3 9
todd 2 64 6 2
sprain 0 74 0 0
corey 2 72 0 0
redmond 1 2 13 58
yearend 1 11 52 10
skip 5 32 15 22
reorgan 12 3 45 14
sudden 18 20 13 23
04 4 24 34 12
actor 42 5 9 18
surprisingli 8 18 35 13
bullpen 0 74 0 0
buzz 5 17 11 41
allaround 6 67 1 0
nicola 19 43 9 3
secretli 33 4 5 32
augusto 71 0 3 0
tyron 2 72 0 0
pti 44 12 14 4
mice 3 3 1 67
lyon 4 70 0 0
favour 22 14 25 13
segment 3 4 37 30
alabama 4 54 12 4
strang 6 30 4 33
essenti 19 6 8 40
hack 15 1 1 56
tale 10 17 26 20
crawford 15 51 6 1
consist 8 23 12 30
crippl 33 1 18 21
nor 13 29 14 17
overse 9 3 43 18
manuel 40 30 3 0
syrian 73 0 0 0
rwanda 70 0 1 2
1998 11 31 17 14
charter 14 13 31 15
blockad 66 0 4 3
municip 25 4 14 30
haul 15 42 6 10
nbc 19 31 9 14
650 10 10 14 39
campbel 6 57 10 0
journey 15 18 2 38
spill 11 19 19 24
lap 1 67 1 4
provis 13 3 24 33
heel 8 22 17 26
chilean 66 3 3 1
mitsubishi 11 0 55 7
bernard 16 44 10 3
koizumi 68 1 4 0
chipset 0 0 4 69
cambodia 70 0 3 0
gator 0 73 0 0
manila 46 3 20 3
knowledg 7 16 9 40
nomine 48 10 9 5
hazard 3 2 14 53
newscom 0 0 0 72
mini 5 3 2 62
freestyl 15 57 0 0
introduct 3 17 11 41
rwandan 72 0 0 0
shelter 42 1 24 5
kuala 41 7 14 10
broaden 12 0 16 44
drill 10 24 14 24
sao 32 36 1 3
salt 6 32 8 26
03 9 13 28 22
simplifi 1 0 12 59
flexibl 19 5 29 19
abdullah 60 5 5 2
singer 55 1 5 11
bluechip 1 0 70 1
priest 26 44 1 1
rim 22 7 11 32
anywher 13 12 11 36
northwestern 37 27 1 7
nistelrooy 2 70 0 0
eccleston 3 68 1 0
fifa 2 70 0 0
clara 4 16 10 42
fulham 0 72 0 0
alongsid 18 19 9 25
oregon 8 45 6 12
reinforc 31 6 26 8
element 17 7 11 36
satisfi 11 24 15 21
wrote 19 15 16 21
stamp 22 16 8 25
longdist 2 8 25 36
donat 21 5 24 21
router 0 0 4 67
comprehens 21 8 9 33
lumpur 41 7 13 10
deport 69 0 1 1
sensat 10 48 0 13
converg 12 7 7 45
jeanbertrand 71 0 0 0
album 14 2 2 53
ahm 65 4 2 0
fedex 1 22 38 10
reel 19 32 13 7
fend 14 9 21 27
sophist 11 1 7 52
deadlock 49 10 6 6
88 9 6 40 16
upper 27 21 3 20
plastic 18 9 16 28
skeptic 15 11 23 22
peterson 22 45 2 2
bueno 46 11 9 5
seasonend 1 70 0 0
wipe 12 21 22 16
wade 8 49 8 6
slobodan 71 0 0 0
personnel 46 9 7 9
willingham 1 70 0 0
gibb 0 70 0 1
airplan 9 4 44 14
junichiro 67 1 3 0
kidd 1 47 23 0
sr 1 69 1 0
tendulkar 7 64 0 0
gonaiv 71 0 0 0
folk 5 21 11 33
incred 3 25 15 27
vacat 28 11 22 9
deeper 15 5 24 26
dynam 8 12 25 25
ie 0 1 1 68
doom 10 15 3 42
oval 5 61 2 2
austrian 16 42 3 9
compil 3 17 9 41
elig 18 32 12 8
par 2 57 6 5
jam 15 17 17 21
flee 60 2 3 5
subscript 1 0 24 45
dutchshel 15 0 51 4
swift 34 9 7 20
lacklust 8 9 48 5
tailback 1 69 0 0
uncertain 15 14 33 8
30year 3 5 57 5
berti 22 48 0 0
xm 0 9 20 41
g 2 35 16 17
tribut 33 25 5 7
svetlana 1 69 0 0
asylum 70 0 0 0
drugmak 0 0 68 2
eta 65 4 0 1
middlesbrough 2 68 0 0
ink 9 7 27 27
rutherford 0 70 0 0
havana 48 7 15 0
ratifi 43 3 16 8
fenc 44 19 3 3
nightmar 10 34 15 10
delight 13 37 4 15
gang 38 8 4 19
leap 11 19 20 19
tunnel 21 24 17 7
goldman 0 0 61 8
stumbl 6 22 19 22
theme 17 14 20 18
goalkeep 1 68 0 0
tone 13 12 9 35
doughnut 0 1 67 1
romanian 27 35 1 6
mainland 35 1 26 7
remaind 2 53 10 4
sheffield 9 59 0 1
eras 11 21 27 10
detent 66 0 2 1
imam 68 0 0 1
simon 19 32 9 9
wto 5 0 62 2
theo 40 29 0 0
donovan 1 67 0 1
collin 3 44 19 3
luxembourg 9 20 20 20
cigarett 6 1 59 3
casey 1 67 1 0
inter 3 66 0 0
sorenstam 0 69 0 0
pitcairn 68 0 0 1
underway 17 14 20 17
otherwis 13 21 14 20
bestsel 10 4 28 26
mainstream 15 1 7 45
shrink 6 3 33 26
layer 4 3 5 56
sting 11 30 14 13
symbian 0 0 2 66
ethic 27 10 15 16
isol 53 1 5 9
joy 15 37 2 14
1995 23 19 18 8
sutton 1 64 1 2
pride 14 49 3 2
frequenc 0 1 9 58
innoc 29 23 5 11
buccan 1 67 0 0
youth 29 20 8 11
bluetooth 0 0 1 67
87 12 27 21 8
fractur 15 47 2 4
oscar 5 54 4 5
backtoback 22 40 3 3
mp 56 0 7 5
runup 30 3 26 9
screensav 1 0 0 67
reliabl 9 6 12 41
en 21 31 2 14
bradi 1 60 4 3
johannesburg 32 2 23 11
cafe 13 3 6 46
ambush 67 1 0 0
raymond 3 37 23 5
klitschko 1 67 0 0
fumbl 2 61 1 4
logic 3 4 11 50
displac 56 3 1 8
onfriday 23 1 29 15
clubhous 1 67 0 0
firstev 32 24 2 10
continent 12 11 41 4
dissid 61 0 4 3
anwar 68 0 0 0
stuck 12 18 24 13
oldest 8 32 13 14
cambridg 2 19 31 15
halfway 7 48 2 10
environmentalist 23 0 8 36
ladi 20 38 2 7
glitch 1 3 3 60
closur 22 3 32 10
pat 8 50 0 9
hunger 52 5 2 8
herself 28 27 6 6
thrash 10 52 5 0
slum 67 0 0 0
harder 18 5 21 23
monopoli 2 1 41 23
eleph 10 3 4 50
southwestern 56 3 2 6
gray 7 23 23 14
wilson 8 50 2 7
upheld 18 8 29 12
13th 13 40 5 9
lumber 6 38 20 3
gestur 42 18 4 3
qualcomm 0 4 42 21
siliconvalleycom 0 0 0 67
surfer 12 7 2 46
auditor 3 0 60 4
bowler 4 63 0 0
tragedi 41 8 1 17
ted 4 35 9 19
2009 5 36 8 18
acc 0 66 0 1
paulo 30 31 4 2
belaru 20 45 2 0
pennington 0 65 2 0
oslo 55 2 1 9
barrag 39 11 6 11
fa 4 62 1 0
unwant 7 2 12 46
tanker 12 7 44 4
jeev 0 0 1 66
ruben 7 60 0 0
clipper 1 66 0 0
lpga 0 67 0 0
ballist 58 1 1 7
mickelson 5 62 0 0
trillion 11 0 34 21
eurozon 6 0 59 1
destin 14 14 19 19
marshal 11 39 8 8
hip 3 49 5 9
boot 4 30 16 16
cnet 0 0 3 63
mislead 11 1 37 17
victor 10 47 1 8
69 12 39 9 6
glori 8 40 7 11
dose 6 4 32 24
seemingli 8 27 9 22
forthcom 10 9 9 38
pill 8 0 34 24
albert 6 54 0 6
frontier 23 14 1 28
builtin 1 0 2 63
chat 2 10 5 49
stat 0 58 2 6
1500 23 20 15 8
interfax 35 0 24 7
foster 3 20 32 11
suiss 2 0 62 2
biolog 12 0 2 52
residenti 6 0 31 29
peninsula 53 2 0 11
brush 13 21 19 13
nervou 8 24 24 10
p2p 0 0 2 64
concert 42 3 5 16
robbi 0 50 2 14
rossi 4 60 2 0
abidjan 66 0 0 0
thierri 2 64 0 0
highburi 2 64 0 0
marcu 3 57 4 2
ericsson 1 0 31 34
hitachi 4 0 5 57
superson 1 55 3 7
backtoschool 3 0 39 23
chariti 32 10 14 9
ansari 3 0 0 62
plate 4 48 4 9
creativ 4 3 7 51
moral 18 25 9 13
concept 1 17 13 34
sach 0 0 58 7
mate 25 23 0 17
tamil 63 0 2 0
kentucki 6 48 6 5
outlet 5 7 22 31
colo 5 47 5 8
coastal 45 2 1 17
rattl 30 12 14 9
turnaround 4 22 36 3
gradual 14 4 31 16
dotcom 3 0 24 38
mci 0 14 35 16
obstacl 19 14 19 13
undef 0 65 0 0
mediat 52 1 9 3
stoke 11 4 47 3
dampen 11 6 44 4
asbesto 2 0 63 0
armstrong 12 45 6 2
banner 26 19 4 16
porto 3 62 0 0
reassur 20 9 28 8
bed 16 9 26 14
colombian 49 15 0 1
spectrum 5 3 25 32
bottl 9 12 33 11
moss 4 56 3 2
ecommerc 0 0 9 56
halifax 41 2 15 7
numer 17 11 11 26
unman 8 0 0 57
racist 7 55 0 3
asiapacif 43 0 14 8
laser 5 3 5 52
ellison 0 2 31 32
nagpur 3 62 0 0
flush 14 44 2 4
4000 20 4 25 15
hook 3 25 2 34
unidentifi 46 7 3 8
ugli 12 45 6 1
extern 21 3 9 31
drought 10 30 6 18
ancestor 2 1 0 61
messeng 1 0 2 61
palmsourc 0 0 10 54
truth 23 9 7 25
115 8 24 23 9
guest 27 18 6 13
cia 55 0 1 8
mound 4 58 0 2
58 17 19 17 11
sum 12 17 16 19
darren 4 57 0 3
hometown 11 46 5 2
latham 62 1 1 0
hamper 28 5 19 12
webbas 0 0 4 60
nepales 63 0 0 1
powerhous 7 15 17 25
regularseason 1 62 0 1
jazz 5 52 3 4
100th 16 44 1 3
marwan 64 0 0 0
manipul 9 2 36 17
telstra 8 0 49 7
opera 14 7 3 40
covet 15 18 6 25
srinagar 64 0 0 0
underscor 29 2 22 11
underw 15 45 2 2
sachin 7 57 0 0
bode 1 58 3 2
shaki 24 24 10 5
dock 8 10 3 42
galaxi 2 13 1 47
nice 1 33 10 19
stack 9 12 14 28
bee 3 31 18 11
equival 9 5 13 36
diet 6 3 30 24
rib 3 56 0 4
kenteri 6 57 0 0
recreat 5 7 9 42
tiebreak 4 59 0 0
translat 22 5 19 17
dent 9 26 23 5
jockey 10 39 5 9
medallist 1 62 0 0
bhp 2 0 61 0
township 17 29 12 5
140 11 12 35 5
passion 19 26 5 13
spell 15 18 17 13
v 13 25 11 14
arnold 21 10 18 14
quak 35 4 2 22
bernhard 3 51 5 4
jennif 5 43 2 13
dodg 7 9 42 5
joseph 16 15 14 18
bayer 1 28 33 1
restart 46 2 10 5
consequ 25 4 9 24
meteor 1 4 1 56
addict 9 11 2 40
sabotag 20 4 25 13
nelson 8 34 18 2
variant 1 0 1 60
sister 16 13 11 22
hell 16 30 2 14
20000 18 6 23 15
revel 23 20 12 7
wi 9 49 3 1
surf 6 4 6 46
ala 7 35 14 6
disord 26 6 7 23
stiff 6 20 22 14
fundament 16 3 20 23
herald 15 22 12 13
rural 29 3 12 18
mcafe 0 0 2 60
layoff 4 13 35 10
sco 0 0 2 60
collis 19 13 1 29
shuibian 60 0 2 0
warlord 57 0 2 3
benitez 3 59 0 0
kickoff 1 50 8 3
videogam 1 1 12 48
restiv 61 0 1 0
keyboard 0 0 1 61
automobil 10 1 34 17
legendari 11 29 6 16
likud 62 0 0 0
billi 8 50 1 3
giambi 1 61 0 0
carbon 15 1 5 41
canaver 4 0 0 58
oversight 9 2 25 26
infineon 0 0 23 39
shield 18 3 18 23
inq7 32 18 2 10
spurrier 0 61 1 0
norodom 62 0 0 0
cofound 0 2 21 38
walter 3 53 2 3
staterun 47 0 6 8
armor 45 2 6 8
implic 23 12 13 13
duke 4 38 2 17
ross 2 24 15 20
truce 44 2 9 6
viewer 13 17 11 20
hungarian 20 35 2 4
aftermath 31 15 7 8
outag 7 3 19 32
leftist 60 0 1 0
deepen 33 4 18 6
exil 56 3 1 1
intervent 24 6 23 8
fischer 47 12 0 2
cybersecur 1 0 1 59
bryan 1 54 6 0
paramilitari 61 0 0 0
blind 14 11 10 26
sheet 7 11 27 16
foul 6 53 0 2
wouldn 7 39 8 7
extraordinari 20 26 9 6
ligament 1 60 0 0
reconstruct 38 5 3 15
starbuck 3 1 35 22
leas 4 2 41 14
calcul 6 6 24 25
hybrid 3 1 35 22
mild 3 20 36 2
reluct 22 4 21 14
heighten 11 9 38 3
apparel 3 2 53 3
feat 2 39 1 19
spate 40 2 10 9
oilforfood 57 0 4 0
bellweth 2 0 52 7
meanwhil 27 4 12 18
password 0 0 4 57
kuznetsova 1 60 0 0
annika 0 61 0 0
gazprom 7 0 54 0
bidrig 2 0 58 1
dinosaur 2 0 2 56
sweet 8 21 16 15
prototyp 2 2 4 52
bypass 23 6 9 22
amaz 3 31 4 22
inth 19 7 19 15
glacier 14 0 0 46
badli 16 18 12 14
spectat 5 48 1 6
rever 44 10 2 4
yao 2 57 0 1
inevit 18 20 13 9
empti 14 32 5 9
threemonth 5 5 48 2
provinci 43 4 11 2
inmat 47 2 9 2
thomson 0 7 35 18
fraudul 7 0 31 22
hasnt 12 26 7 15
underground 29 1 5 25
fastgrow 5 2 29 24
calgari 10 26 20 4
shane 4 54 0 2
lawrenc 2 29 13 16
sheikh 55 2 3 0
multibilliondollar 6 0 36 18
regret 22 25 5 8
fielder 1 59 0 0
javier 19 39 2 0
59 21 27 9 3
outskirt 56 1 1 2
salvador 32 26 2 0
dual 10 5 6 39
irregular 32 2 20 6
sworn 59 1 0 0
soviet 49 5 0 6
depress 14 10 26 10
santana 8 51 1 0
exclud 11 4 37 8
karachi 37 21 1 1
opteron 0 0 1 59
sergio 5 51 4 0
franklin 2 25 27 6
theater 15 9 6 30
pete 5 54 0 1
disciplin 15 30 8 7
drift 19 13 21 7
hispano 2 0 58 0
derbi 3 55 1 1
wright 1 51 4 4
notori 38 4 4 14
bilater 49 0 10 1
postal 8 10 18 24
certif 2 2 3 53
beltran 0 60 0 0
boast 18 9 9 24
ramadi 60 0 0 0
obstruct 5 3 44 8
yugoslav 60 0 0 0
diversifi 1 0 51 8
barbado 32 27 0 1
dreamwork 2 0 55 3
dunhil 2 56 2 0
imf 3 0 56 0
columnist 2 6 15 36
landscap 6 10 17 26
midst 6 12 32 9
battleground 41 4 7 7
graduat 15 20 9 15
signatur 12 4 10 33
sore 2 50 2 5
verdict 28 11 7 13
mental 17 22 5 15
hidden 20 2 8 29
114 8 18 28 5
bidder 1 4 44 10
nashvil 2 47 4 6
wrist 2 49 5 3
medalist 2 57 0 0
templ 21 33 0 5
wouldnt 9 31 2 17
bail 43 5 7 4
rss 0 0 1 58
talli 13 28 12 6
criticis 34 18 3 4
mood 14 19 22 4
avenu 12 8 31 8
billiton 2 0 57 0
gerhard 57 0 2 0
fat 1 8 12 38
06 3 10 31 15
35th 1 57 0 1
95 7 20 25 7
showcas 7 16 10 26
dublin 17 19 20 3
recordbreak 8 20 18 13
disgrac 13 31 15 0
courtroom 10 8 28 13
soil 24 15 2 18
il 14 39 1 5
josh 0 50 1 8
conn 3 30 19 7
denounc 47 4 6 2
graham 10 34 8 7
winless 3 56 0 0
leisur 1 1 51 6
2010 9 10 24 16
gallon 0 3 43 13
twothird 15 5 29 10
1970 20 8 22 9
burma 57 0 1 1
qwest 0 4 48 7
bundesliga 0 59 0 0
nose 6 32 4 17
oneal 1 58 0 0
mcnair 0 58 0 1
elderli 31 3 11 13
grown 6 10 13 29
beneath 13 2 7 36
classifi 10 0 13 35
21st 10 16 18 14
ira 49 1 4 4
silenc 19 19 9 11
hype 2 24 5 27
fault 11 14 1 32
ruin 23 20 6 9
hungari 34 19 3 2
hal 1 53 1 3
worsen 39 2 15 2
lover 23 0 6 29
devot 17 10 5 26
nerv 11 19 7 21
imprison 46 0 5 7
smallest 6 4 21 27
coughlin 0 52 6 0
smooth 18 11 12 17
unifi 9 4 16 29
jean 20 20 15 3
stole 11 26 5 16
discrimin 6 3 44 5
woe 6 15 24 13
damon 4 50 2 2
ind 3 41 9 5
secondbiggest 3 2 51 2
chees 3 4 5 46
lloyd 4 14 17 23
assert 32 9 8 9
acrobat 0 2 6 50
bud 2 38 10 8
vitali 1 57 0 0
infiltr 42 0 1 15
brent 5 29 24 0
unfair 10 5 35 8
throne 51 4 1 2
myer 7 2 47 2
valentino 1 57 0 0
sophomor 0 54 0 4
resembl 15 18 4 21
relax 18 24 9 7
rivera 15 41 0 2
nightclub 41 12 1 4
sequel 6 0 2 50
pretax 2 1 50 5
ganguli 5 53 0 0
afc 1 49 2 6
sinai 58 0 0 0
outrag 29 11 10 7
wealth 8 5 35 9
pattern 10 12 7 28
dri 7 13 3 34
upward 8 2 35 12
spawn 6 0 16 35
overtur 18 1 5 33
fernando 15 40 1 1
honour 27 22 2 6
miracl 12 30 0 15
suspici 25 4 22 6
bold 27 12 8 10
kreme 0 0 56 1
ore 9 18 23 7
underli 3 0 32 22
mechan 10 5 19 23
spiral 25 6 22 4
hattrick 3 54 0 0
underlin 18 19 17 3
narrowli 26 14 12 5
89 32 17 5 3
axe 12 21 15 9
framework 12 2 11 32
lanc 4 49 3 1
gerrard 1 56 0 0
vonag 0 0 11 46
marvel 2 7 6 42
marketplac 7 4 15 31
reloc 16 28 8 5
wrestl 2 34 16 5
risen 17 6 26 8
kenyan 51 4 0 2
brutal 36 14 4 3
grey 2 16 34 5
schwarzenegg 22 2 18 15
airwav 7 2 25 23
partli 8 4 31 14
bore 20 18 10 9
roadsid 53 1 1 2
workstat 0 0 1 56
racial 16 30 4 7
motorsport 0 57 0 0
eager 6 18 15 18
barrichello 4 53 0 0
castro 46 5 5 1
mariano 10 47 0 0
76er 0 57 0 0
charlton 3 51 0 3
jpeg 0 0 1 56
nh 2 37 4 13
hottest 0 15 16 25
swarm 23 9 2 22
configur 0 0 3 53
oh 1 40 2 13
toolbar 0 0 0 56
gotten 4 23 11 18
elbow 0 54 0 2
outlaw 29 3 2 22
ming 2 54 0 0
suse 0 0 2 54
huski 1 52 3 0
spencer 1 11 40 4
krispi 0 0 55 1
memo 22 6 13 15
modestli 8 0 47 1
particular 7 14 5 30
bosnian 55 0 1 0
slice 12 9 16 19
brink 12 19 11 14
mous 1 1 8 46
burt 1 2 1 52
oliv 17 33 4 2
fledgl 29 0 15 12
male 12 8 3 33
echo 35 5 7 9
uniti 52 0 2 2
robin 9 36 4 7
93 5 34 11 6
burden 10 14 23 9
fileswap 0 0 3 53
6000 13 2 23 18
treasur 12 9 27 8
alexandria 15 0 37 4
threeweek 29 5 17 5
blazer 1 53 1 1
recognit 15 22 3 16
felix 3 53 0 0
arroyo 21 19 16 0
sevil 0 56 0 0
adelaid 10 37 9 0
vogt 0 56 0 0
heisman 2 54 0 0
900 16 1 25 13
nevada 10 22 4 19
99 6 15 7 27
lesson 8 25 10 12
lunch 11 29 6 9
chamber 16 8 15 16
ear 8 15 11 21
rumbl 21 16 0 18
archiv 7 3 2 43
younger 11 23 11 10
nurs 16 10 8 21
artifici 5 6 24 20
volleybal 1 53 0 1
sole 10 15 16 14
nazi 35 1 2 17
samestor 0 0 54 1
judgment 20 9 9 17
besid 14 14 11 16
sixparti 55 0 0 0
everywher 10 14 9 22
legaci 19 14 5 17
aluminum 5 1 34 15
costcut 3 5 46 1
jermain 6 49 0 0
sugar 4 15 30 6
rack 6 17 12 20
groceri 4 2 43 6
81 8 29 17 1
transistor 0 0 3 52
ape 2 0 0 53
policymak 9 0 42 4
liga 0 55 0 0
hbo 6 8 40 1
strand 38 4 9 4
le 10 11 4 30
itartass 33 1 8 13
ordinari 14 5 12 24
bronx 3 51 0 1
putt 3 49 0 3
sensor 1 0 14 40
kent 7 40 3 5
lukoil 3 0 52 0
recept 11 26 10 8
theyv 9 21 3 21
tourism 13 0 10 31
bea 1 0 5 48
justifi 20 9 17 8
egg 9 10 5 30
god 19 15 3 17
skate 1 49 3 1
transplant 8 20 2 24
glimps 8 11 6 29
earliest 5 7 4 38
15000 11 7 15 21
ski 5 43 5 1
portug 16 24 3 11
joey 3 51 0 0
parachut 5 0 2 47
tenn 3 37 9 5
barclay 0 27 27 0
39ite 54 0 0 0
rep 36 1 8 9
aung 54 0 0 0
builder 2 2 30 20
reaffirm 16 6 26 6
buyback 0 0 53 1
revolutionari 17 5 2 30
mastercard 0 3 41 10
fivemonth 8 4 42 0
balco 1 53 0 0
siebel 0 0 16 38
disclosur 7 3 37 7
fortifi 50 0 1 3
guess 5 22 3 24
hate 14 24 3 13
bend 5 43 3 3
outright 20 25 3 6
palmer 2 49 2 1
mob 47 3 4 0
foil 40 4 2 8
gunner 0 54 0 0
au 45 0 1 8
atroc 53 0 0 1
torr 3 50 1 0
mainten 2 0 23 29
pub 13 5 36 0
kraft 1 10 42 1
durabl 6 1 43 4
repeal 16 0 38 0
glenn 8 43 0 3
jenson 1 53 0 0
ucla 0 43 2 9
schwab 0 6 46 2
traci 1 45 0 8
ramadan 52 0 0 2
celebrex 1 0 51 2
anil 2 32 20 0
tast 5 17 14 17
concret 25 3 18 7
comet 0 6 0 47
shortfal 6 2 37 8
contamin 11 2 12 28
creatur 1 1 0 51
teach 10 9 11 23
ok 5 20 8 20
brows 0 0 3 50
liabil 2 1 40 10
n 9 11 19 14
oxygen 3 2 1 47
watcher 3 4 16 30
verifi 23 2 4 24
onestrok 0 53 0 0
parad 13 32 4 4
firmli 18 19 7 9
foxborough 0 52 1 0
backer 18 4 4 27
megawati 53 0 0 0
antispywar 0 0 1 52
ioc 4 49 0 0
princess 42 1 4 6
offenc 34 16 1 2
steelmak 3 0 50 0
ceil 9 3 32 9
q 2 11 19 21
mask 29 9 4 11
fulfil 22 10 9 12
prodemocraci 52 0 0 1
appetit 1 2 41 9
visibl 6 6 8 33
soybean 2 0 38 13
jordanian 53 0 0 0
superstar 10 38 2 3
evil 17 6 2 28
refineri 7 0 44 2
parmalat 0 0 53 0
multiyear 1 15 17 20
jeter 9 42 2 0
proprietari 1 0 3 49
height 9 15 19 10
furiou 13 25 5 10
airstrik 53 0 0 0
cri 17 27 4 5
foxboro 3 50 0 0
20th 9 26 7 11
mohammad 45 6 1 1
safer 14 1 9 29
melt 7 2 1 43
lean 8 19 16 10
500000 4 12 11 26
interst 2 3 46 2
diesel 2 0 46 5
reggi 1 50 1 1
conocophillip 1 0 51 1
350 23 4 20 6
silverston 0 53 0 0
aftershock 47 0 4 2
wallet 2 2 17 31
bullet 36 11 2 3
alien 12 0 3 37
breed 10 5 4 33
toxic 21 0 5 26
locust 27 1 0 24
swimmer 4 44 0 4
isp 0 0 2 50
prohibit 9 5 21 17
superior 18 13 5 16
hopkin 2 45 0 5
registr 16 2 16 18
overlook 10 12 12 18
ruler 46 1 2 3
disciplinari 3 46 3 0
classact 3 0 41 8
fold 12 16 10 14
medicar 20 0 28 4
instruct 8 13 4 27
slew 1 6 20 25
rough 10 19 9 14
wallac 1 38 3 10
ward 11 24 9 8
saidon 11 0 17 24
petit 8 18 16 10
xinhuanet 27 11 9 5
footag 41 3 1 7
alcoa 5 0 47 0
difficulti 15 9 13 15
humili 19 28 3 2
basra 52 0 0 0
fujitsu 0 0 7 45
cypru 35 10 3 4
spa 6 12 34 0
lucent 0 0 37 15
psp 1 0 2 49
hemispher 6 7 34 5
liabl 1 2 21 28
commentari 2 4 10 36
prevail 11 22 7 12
wrigley 1 31 20 0
taiwanes 35 0 6 11
brew 10 4 23 15
cal 1 51 0 0
halflif 2 0 0 50
passport 23 0 3 26
astrazeneca 5 0 47 0
blogger 1 0 1 50
thaksin 52 0 0 0
freeagent 0 52 0 0
jimenez 0 52 0 0
mgm 2 14 35 1
39keef 0 0 0 52
paralymp 10 42 0 0
rutan 0 0 0 52
desk 12 8 8 23
grim 23 11 11 6
appreci 8 20 15 8
naval 47 1 1 2
medium 6 1 10 34
predecessor 19 10 4 18
composit 17 0 13 21
observatori 0 0 1 50
1200 14 7 16 14
consumpt 6 0 27 18
eserv 0 0 0 51
contenti 17 5 16 13
clutch 13 33 4 1
downward 6 3 36 6
grenada 47 1 2 1
moya 2 49 0 0
cook 4 9 25 13
gop 42 0 2 7
sixyear 4 41 5 1
30000 18 4 12 17
westwood 4 46 1 0
suu 51 0 0 0
accompani 18 12 7 14
scrutini 6 9 28 8
exec 0 0 8 43
320 11 6 23 11
outing 3 43 3 2
stifl 7 21 6 17
soften 17 4 21 9
abruptli 17 6 16 12
mbeki 51 0 0 0
catastroph 30 2 9 10
kumar 3 2 27 19
inject 13 18 8 12
wreck 23 11 3 14
slate 10 8 16 17
jammu 49 0 0 2
jolt 28 6 15 2
stanc 31 3 10 7
perth 2 39 10 0
alberta 17 9 17 8
metrogoldwynmay 4 0 43 4
prestigi 15 21 8 7
tenur 9 19 21 2
cope 11 10 10 20
compact 1 2 5 43
blunkett 49 0 0 2
maathai 47 0 0 4
laugh 11 20 6 13
roam 7 2 4 37
linuxbas 0 0 3 47
span 6 26 7 11
obviou 3 28 4 15
copper 7 1 32 10
youv 3 2 11 34
bite 6 8 13 23
solo 8 27 1 14
mainfram 0 0 3 47
teen 7 11 8 24
notch 2 27 12 9
tens 35 8 4 3
excus 9 16 7 18
mario 2 20 20 8
elev 8 14 13 15
stuart 11 27 10 2
trio 12 13 5 20
congoles 50 0 0 0
twoweek 20 7 21 2
surveil 23 0 2 25
swung 3 4 40 3
110 10 21 13 6
lengthi 14 20 12 4
archaeologist 7 0 0 43
bradley 4 44 1 1
kit 1 2 4 43
decreas 4 1 37 8
alcohol 13 12 10 15
anyway 5 27 4 14
notabl 9 16 9 16
kyi 50 0 0 0
conven 34 6 5 5
ltbrgtltfont 0 0 2 48
lung 13 11 19 7
acquit 32 10 7 1
plummet 7 2 29 12
admiss 18 11 9 12
relentless 12 14 22 2
1997 11 21 11 7
profittak 3 0 46 1
vault 4 33 8 5
johan 3 47 0 0
lilli 2 19 28 1
loser 5 32 11 2
daunt 8 34 1 7
nnn 41 4 4 1
tea 20 16 12 2
morri 1 25 18 6
sink 8 15 18 9
jerom 1 48 1 0
insight 4 13 4 29
bombardi 0 0 50 0
bmw 2 33 10 5
codenam 2 0 0 48
texan 3 42 4 1
pont 10 40 0 0
lockhe 1 0 26 23
skype 0 0 0 50
sebastien 1 49 0 0
griffin 5 38 1 6
bremen 1 49 0 0
clijster 0 50 0 0
depth 5 29 6 9
cure 9 6 5 29
ampm 0 34 13 2
provision 12 26 5 6
popup 0 0 3 46
meat 9 3 20 17
opt 4 18 11 16
mobilephon 0 1 18 30
transmiss 14 1 8 26
rent 10 4 20 15
refund 2 1 40 6
beam 8 10 2 29
substitut 2 38 6 3
fragil 29 3 10 7
slain 46 2 0 1
puerto 17 18 7 7
thompson 3 30 8 8
94 3 19 17 10
railway 32 1 13 3
105 8 18 15 8
interven 22 3 17 7
luck 4 29 6 10
payton 0 49 0 0
hair 11 17 10 11
telegraph 19 5 20 5
stateown 11 0 35 3
congratul 27 19 1 2
logist 13 4 22 10
pickup 6 4 31 8
thick 14 14 3 18
200405 1 41 7 0
17th 10 28 8 3
motorcycl 15 24 7 3
blown 19 25 2 3
noon 12 24 10 3
ab 2 4 32 11
et 3 21 6 19
911 26 2 5 16
19th 9 26 7 7
rubber 6 15 23 5
loot 36 2 10 1
interfer 24 3 13 9
kati 0 14 2 33
hostagetak 48 0 0 1
purport 33 3 3 10
hrefhttpwwwinvestorreuterscomfullquoteaspxtickerwmtn 0 0 49 0
targetstocksquickinfofullquotegtwmtnltagt 0 0 49 0
cayman 48 1 0 0
wimax 0 0 1 48
preciou 6 18 16 9
turner 3 34 8 4
hydrogen 0 0 11 38
sainsburi 0 12 36 1
sven 1 23 0 25
dementieva 3 46 0 0
brandon 4 44 1 0
ash 6 16 6 21
millennium 8 32 5 4
padraig 0 49 0 0
hoya 0 49 0 0
ambani 1 0 48 0
grill 3 7 4 34
truli 4 21 7 16
explan 16 10 3 19
buddhist 45 1 0 2
dirti 20 8 5 15
scatter 28 9 4 7
healthdaynew 0 0 0 48
belief 11 5 17 15
highperform 0 1 0 47
00 1 46 0 1
97 6 28 8 6
kidney 4 20 13 11
highlevel 31 2 9 6
midday 4 2 41 1
inde 6 17 6 19
basket 1 32 7 8
guillen 0 48 0 0
conveni 4 6 13 25
marc 3 31 1 13
mercantil 17 0 31 0
stapl 2 20 16 10
yearearli 0 0 38 10
aj 3 45 0 0
smuggl 34 0 7 7
expel 39 9 0 0
comparison 7 13 4 24
frenzi 11 12 11 14
rifl 30 6 0 12
aspir 21 17 3 7
km 25 2 0 21
traffick 39 2 2 5
sergei 30 12 3 3
drastic 7 5 20 16
cyclist 2 43 3 0
abort 37 0 2 9
telekom 2 0 32 14
antidop 0 47 0 1
cendant 0 0 46 2
juror 7 28 12 1
sm 1 1 1 45
sc 5 33 6 4
flock 15 2 18 13
buse 29 5 3 11
swamp 18 7 10 13
spoil 5 35 3 5
libyan 46 0 0 2
whatev 15 17 9 7
spree 11 8 19 10
clip 3 3 14 28
epidem 27 5 1 15
3pointer 1 47 0 0
thigh 2 42 1 3
ferri 20 7 14 7
bunch 2 33 4 9
incit 45 0 3 0
entranc 28 5 6 9
phillip 1 30 7 10
johansson 2 45 0 1
bakeri 5 0 42 1
kicker 1 46 1 0
yuan 5 0 32 11
repeatedli 22 14 6 6
consul 39 0 8 1
700th 3 45 0 0
lima 19 28 1 0
fda 3 0 35 10
harrison 0 47 0 1
albanian 41 7 0 0
roug 19 18 4 7
sourav 3 45 0 0
hendrick 0 48 0 0
honeywel 0 0 36 12
redeploy 47 0 1 0
loos 11 17 5 14
embryo 8 0 1 38
prairi 5 29 2 11
ponder 3 15 12 17
accur 9 12 4 22
vessel 24 0 2 21
radiat 2 0 2 43
havent 4 15 9 19
judici 34 4 3 6
pharmaci 3 0 27 17
embryon 4 1 4 38
doubledigit 1 5 36 5
legitim 14 9 1 23
thanou 4 43 0 0
forgotten 7 25 5 10
bout 5 34 7 1
duncan 10 29 2 6
jenkin 37 9 0 1
threetim 0 46 0 1
orthodox 45 1 0 1
motley 1 1 17 28
lithuania 17 26 1 3
hefti 0 4 32 11
notifi 11 3 11 22
longstand 16 10 9 12
schroeder 43 1 3 0
solicit 12 9 14 12
powerbook 0 0 2 45
length 6 23 3 15
zoo 13 0 0 34
belichick 0 47 0 0
filter 2 0 4 41
barghouti 47 0 0 0
slalom 0 47 0 0
slim 13 14 6 14
weakerthanexpect 0 0 47 0
voluntari 9 2 21 15
thabo 47 0 0 0
outpost 27 2 1 17
cont 0 46 0 1
g4 1 0 2 44
ual 0 0 47 0
policeman 44 3 0 0
antidepress 10 0 28 9
riaa 0 0 0 47
precis 6 11 6 24
mcnabb 1 46 0 0
jumper 1 45 0 1
gatlin 3 44 0 0
bernabeu 2 45 0 0
allout 26 5 4 12
rudi 4 42 1 0
randolph 0 44 0 3
franci 3 34 3 7
adventur 5 6 2 34
credibl 30 1 9 7
complianc 7 1 14 25
knight 2 14 28 3
upstart 2 6 15 24
interoper 0 0 3 44
sw 0 47 0 0
eleven 15 17 6 9
shinawatra 47 0 0 0
fl 1 44 2 0
poorest 25 1 21 0
hernandez 0 47 0 0
clemson 0 46 0 1
blueprint 14 5 6 22
brilliant 6 23 5 12
asteroid 1 0 0 45
tmobil 0 2 5 39
distract 9 27 4 6
unclear 27 9 4 6
riyadh 42 1 1 2
swell 7 5 25 9
bubbl 10 6 15 15
tall 27 7 1 11
immun 27 5 6 8
anastasia 0 46 0 0
myskina 0 46 0 0
hilton 23 9 13 1
sad 5 27 5 9
commut 20 2 9 15
cink 1 45 0 0
coincid 15 10 4 17
behalf 11 7 13 15
joke 16 18 3 9
usback 46 0 0 0
bulk 8 5 10 23
lara 2 43 0 1
attitud 11 18 8 9
podium 7 39 0 0
sasser 1 0 0 45
mikhail 8 21 16 1
junta 46 0 0 0
inflict 6 15 17 8
splash 3 14 16 13
lou 2 41 2 1
fruit 8 2 19 17
intimid 31 9 2 4
keynot 6 0 5 35
fourday 35 3 7 1
headach 6 12 7 21
counsel 12 12 11 11
gaug 7 3 31 5
nationalist 45 1 0 0
collid 24 7 0 15
warrant 18 10 8 10
bobcat 0 44 0 2
divert 42 0 3 1
baton 9 28 4 5
barrett 2 12 18 14
conting 25 12 8 1
petrol 14 0 28 4
eindhoven 3 41 0 2
rev 21 10 7 8
shakeup 14 10 18 4
nike 3 5 33 5
dome 0 26 3 17
gerri 27 19 0 0
tariff 7 0 38 1
bois 1 40 5 0
lauren 2 35 4 5
gillett 0 41 5 0
ead 5 0 41 0
brisban 6 35 2 3
idaho 1 19 7 19
roethlisberg 0 46 0 0
ive 1 3 5 36
nasti 7 9 11 18
maximum 10 6 8 21
divers 12 15 7 11
flurri 18 5 13 9
hawaii 5 27 6 7
gase 14 0 2 29
insect 2 0 0 43
laura 16 17 3 9
primarili 11 2 19 13
width1 0 0 5 40
height1 0 0 5 40
border0gtlta 0 0 5 40
rejoin 16 29 0 0
bother 2 19 4 20
mason 3 34 7 1
sukarnoputri 45 0 0 0
glow 4 12 4 25
kilomet 13 3 2 27
doug 2 35 5 3
pivot 21 13 6 5
evolv 4 5 4 32
dominican 21 22 0 2
provok 24 5 4 12
summari 3 5 4 33
bounti 34 0 2 9
ub 0 5 34 6
slovakia 6 37 2 0
shine 22 11 7 5
hitter 2 40 0 3
embed 3 0 4 38
ballpark 1 43 0 1
erod 9 1 21 14
750 4 1 23 17
breast 11 12 2 20
hardi 2 3 39 1
impend 9 10 15 11
royalti 9 1 19 16
secondround 2 43 0 0
passag 18 8 6 13
reclaim 12 16 7 10
lahor 32 12 1 0
flame 14 20 2 9
rous 4 9 31 1
yearago 1 0 39 5
sail 13 20 1 11
lodg 13 11 18 3
ariz 4 33 2 6
50000 22 9 2 12
reshuffl 32 0 10 3
macintosh 0 0 3 42
theworld 6 0 23 16
defiant 20 17 6 2
ufj 7 0 38 0
hrefhttpwwwreuterscoukfinancequotelookupjhtmltickermsfto 0 0 0 45
qcatnewsgtmsftoltagt 0 0 0 45
purportedli 34 0 1 10
sinn 45 0 0 0
dinner 12 13 6 14
volvo 1 41 1 2
werder 0 45 0 0
wangari 43 0 0 2
conspir 18 2 16 8
biologist 2 0 1 41
amnesti 36 1 4 3
3d 1 1 2 40
iii 0 21 6 17
superb 0 36 0 8
linda 6 20 6 12
lucki 6 15 14 9
cach 12 0 0 32
analyz 7 5 0 32
scratch 6 17 5 16
summon 14 16 9 5
deepli 21 7 10 6
genom 0 0 4 40
onmonday 14 2 16 12
portugues 14 26 2 2
levi 4 11 23 6
jazeera 44 0 0 0
scoop 4 8 18 14
hrefhttpwwwinvestorreuterscomfullquoteaspxtickerpsfto 0 0 44 0
targetstocksquickinfofullquotegtpsftoltagt 0 0 44 0
quinci 2 41 1 0
suburban 11 12 8 13
duel 10 27 1 6
quebec 23 3 16 2
rollout 0 0 7 37
merchandis 0 4 37 3
suburb 24 6 6 8
nonprofit 0 0 19 25
heritag 6 34 0 4
shame 5 24 5 10
artilleri 41 0 0 3
200000 13 3 14 14
rider 3 34 2 5
diamond 6 11 17 10
fatah 44 0 0 0
oxford 2 17 6 19
somewhat 5 12 12 15
shaun 2 42 0 0
petersburg 3 38 2 1
musician 11 3 2 28
batch 6 2 13 23
microchip 4 0 14 26
litig 2 1 21 20
woo 12 1 9 22
mylan 0 0 44 0
sosa 2 42 0 0
benson 1 40 2 1
grain 4 2 25 13
amit 1 3 0 40
arkansa 4 25 9 6
oblig 16 5 21 2
jd 1 19 10 14
colour 5 10 6 23
cousin 18 4 3 19
cy 1 43 0 0
finnish 3 10 5 26
coulthard 0 44 0 0
warren 5 17 20 2
cska 0 44 0 0
sag 8 2 27 7
apologis 23 15 2 4
lifestyl 4 1 25 14
harsh 18 13 6 7
psv 1 43 0 0
srichaphan 0 44 0 0
1994 15 15 6 8
da 25 1 8 10
consensu 14 6 15 9
aston 1 42 1 0
lexmark 0 7 4 33
mondavi 0 0 44 0
unilev 4 0 40 0
particl 2 1 0 40
childhood 16 9 2 16
embark 9 8 8 18
maneuv 7 7 9 20
defraud 5 2 23 13
ramp 3 3 12 25
sand 8 9 8 18
haa 3 40 0 0
silent 13 12 4 14
mediums 1 0 2 40
christoph 9 8 11 15
dismal 5 21 13 4
geoff 22 13 8 0
everybodi 5 30 5 3
falter 11 14 16 2
absorb 3 8 17 15
athlon 0 0 5 38
heal 17 16 2 8
tide 6 13 11 13
enthusiast 7 5 5 26
heninhardenn 1 42 0 0
colombo 35 5 1 2
jake 0 42 0 1
05 3 5 21 14
lp 0 1 36 6
frame 12 15 3 13
biotech 2 0 24 17
torrenti 38 5 0 0
glanc 7 19 10 7
stomach 15 20 3 5
diagnos 13 15 6 9
zdnet 0 0 7 36
milk 3 2 31 7
belfast 37 1 3 2
tyson 0 28 14 1
rubbl 38 3 0 2
allround 1 42 0 0
deposit 5 7 23 8
weightlift 2 40 0 1
glasgow 2 35 2 4
trek 6 6 1 30
impass 28 7 4 4
churn 28 1 6 8
walkman 0 0 2 41
foray 6 1 7 29
bump 4 19 10 10
dispos 4 10 13 16
antarct 1 0 0 42
ayatollah 43 0 0 0
stunt 7 3 4 29
1991 22 14 3 4
portray 30 1 5 7
bless 11 14 10 8
sharman 0 0 1 42
creek 2 29 5 7
blitz 10 19 6 8
epic 5 21 4 13
prematur 15 17 5 6
seasonopen 1 42 0 0
gogh 43 0 0 0
101 2 21 11 9
ml 0 42 0 1
aceh 43 0 0 0
disarma 43 0 0 0
baker 4 26 10 3
threepoint 2 41 0 0
18month 6 6 25 6
woolworth 0 0 42 1
richardson 0 33 2 8
repay 4 9 30 0
baron 4 7 32 0
14th 5 32 2 4
mel 12 9 16 6
middleweight 0 43 0 0
palestin 43 0 0 0
likelihood 12 4 19 8
dwight 0 42 1 0
monaco 0 37 1 5
malon 2 21 20 0
fc 0 42 0 1
earthlink 0 0 1 42
x43a 0 0 0 43
antenna 3 0 4 36
pennant 5 38 0 0
330 12 23 5 3
quattron 0 0 43 0
veto 35 1 3 4
wei 0 43 0 0
monkey 3 6 1 32
harbor 10 15 2 15
jupit 0 0 2 40
transmit 0 0 7 35
conservationist 5 0 0 37
79 17 3 17 5
realtim 0 0 1 41
catalog 0 1 14 27
200meter 10 32 0 0
georgian 32 4 2 4
bosnia 39 2 0 1
17yearold 5 23 1 13
tick 6 7 28 1
cabrera 5 37 0 0
recordhigh 2 0 38 2
quotthi 6 13 7 16
breakaway 35 4 1 2
chess 34 4 1 3
swirl 18 9 4 11
warehous 11 2 19 10
grade 9 15 6 12
yorkbas 6 0 30 6
vatican 40 0 1 1
hideout 42 0 0 0
danish 3 11 7 21
compel 7 15 3 17
subdu 8 14 17 3
jboss 0 0 0 42
ofth 10 4 8 20
defus 34 4 3 1
usag 0 0 1 41
kilometr 15 8 1 18
cream 5 15 10 12
keyword 0 0 1 41
shout 24 13 2 3
mud 34 2 2 4
beverag 1 3 34 4
stride 5 20 8 9
hung 7 24 6 5
vaughan 2 40 0 0
contradict 22 3 5 12
crumbl 16 12 8 6
unlimit 6 0 10 26
matur 0 8 9 25
forb 3 7 23 9
rampant 18 2 6 16
ransom 38 2 0 2
perez 3 35 4 0
unearth 13 3 2 24
slay 35 5 2 0
shirt 6 25 7 4
retali 30 0 11 1
liter 6 14 3 19
nottingham 7 30 3 2
pavano 1 41 0 0
safeguard 18 1 4 19
gdp 7 0 34 1
bakar 42 0 0 0
exact 11 8 6 17
hamza 42 0 0 0
iaea 42 0 0 0
guillermo 5 37 0 0
hrefhttpwwwinvestorreuterscomfullquoteaspxtickerorclo 0 0 42 0
targetstocksquickinfofullquotegtorcloltagt 0 0 42 0
delphi 0 4 26 12
musicmatch 0 0 4 38
sanjay 1 0 26 15
kellogg 2 1 39 0
wmc 0 0 42 0
mess 7 15 12 7
confidenti 14 2 11 14
pin 8 14 6 13
stab 28 5 3 5
werent 6 18 4 13
iss 0 0 5 36
thu 7 13 6 15
bombard 29 2 0 10
fallout 8 12 15 6
memor 4 28 0 9
hotli 11 4 9 17
merchant 3 0 19 19
travi 2 37 1 1
kosta 5 36 0 0
finalist 0 38 2 1
assam 40 0 1 0
eagerli 3 4 12 22
dug 25 5 5 6
funk 4 33 4 0
himalayan 40 0 0 1
apiec 4 27 6 4
geograph 4 3 10 24
oak 3 21 10 7
elizabeth 24 7 4 6
mourner 35 5 0 1
kurdish 41 0 0 0
script 10 13 1 17
glove 3 35 1 2
lethal 20 5 0 16
pujol 3 37 0 1
dispatch 20 12 4 5
thiev 18 0 9 14
entitl 6 7 10 18
aapl 0 0 7 34
ing 2 9 27 3
saga 6 13 20 2
hudson 5 29 5 2
monster 4 19 4 14
nissan 4 6 29 2
canberra 34 1 5 1
cox 0 20 20 1
compatriot 2 38 0 1
jen 6 29 5 1
debri 23 2 2 14
properli 12 3 13 13
furnitur 11 1 23 6
rhode 3 22 7 9
anfield 2 39 0 0
robson 0 40 1 0
olusegun 38 0 3 0
ahmad 32 5 3 1
app 0 0 3 38
tendon 0 40 0 1
millionair 17 10 8 6
unoffici 13 9 5 14
tend 12 5 10 14
lowerthanexpect 3 0 33 5
slot 0 12 20 9
jeddah 32 1 7 1
dsl 0 0 6 35
deduct 4 0 36 1
15th 11 20 4 6
primera 0 40 0 1
bodyguard 38 3 0 0
spinner 3 38 0 0
munch 28 0 0 13
scot 7 31 0 3
aeronaut 4 0 19 18
middlewar 0 0 5 36
edmonton 15 18 3 5
contrast 9 13 12 7
tremor 23 4 3 11
bishop 24 12 1 4
unauthor 12 0 2 27
paradorn 0 41 0 0
tube 9 4 8 20
centrino 0 0 1 40
capriati 3 38 0 0
mighti 4 21 4 12
meadow 2 36 1 2
donor 33 0 6 2
gutierrez 3 7 31 0
punt 0 40 0 1
camin 0 41 0 0
ati 0 0 10 31
cereal 3 0 36 2
sihanouk 41 0 0 0
inventor 2 0 7 31
pen 3 13 9 15
entic 12 6 7 15
flip 4 13 6 17
manner 10 12 3 15
forth 13 5 6 16
tissu 10 1 5 24
planetari 0 0 0 40
youll 1 4 6 29
influenza 22 0 8 10
obes 13 1 7 19
resurg 13 16 7 4
intrus 8 2 5 25
homeless 34 2 2 2
burundi 40 0 0 0
vacanc 8 24 5 3
bullish 3 1 32 4
achil 1 36 0 3
impair 2 4 17 17
plain 4 8 9 19
mardi 0 40 0 0
thumb 4 22 5 9
peruvian 30 8 0 2
firefight 37 1 1 1
inner 16 4 8 12
ingredi 7 1 22 10
bellsouth 0 1 28 11
sql 0 0 2 38
misstep 3 3 25 9
thunderbird 0 0 0 40
groin 1 39 0 0
fabric 7 14 4 15
colgatepalmol 2 0 38 0
vacuum 7 2 14 17
richmond 7 26 6 1
chill 16 12 7 5
08 5 4 12 19
zero 12 9 4 15
chunk 6 5 10 19
downhil 1 39 0 0
alsistani 40 0 0 0
96 9 12 12 7
anymor 0 14 9 17
runnerup 3 35 0 2
murphi 6 30 1 3
ricardo 5 32 3 0
waziristan 40 0 0 0
ba 15 1 20 4
vera 1 39 0 0
champagn 2 30 5 3
20yearold 10 16 1 13
undisput 5 31 0 4
mugab 36 4 0 0
onethird 3 1 20 16
turin 1 37 0 2
helsinki 5 12 5 18
selloff 1 0 39 0
goosen 0 40 0 0
henrik 0 40 0 0
psft 0 0 23 17
wander 9 24 2 5
dioxid 9 0 4 27
potent 7 14 1 18
coliseum 0 40 0 0
worldcom 3 0 29 8
leinart 3 37 0 0
hotmail 0 0 1 39
redknapp 1 39 0 0
walli 1 37 1 1
lynn 2 9 9 19
slaughter 27 3 0 9
youngster 8 22 1 8
bizarr 6 20 2 11
ri 0 22 1 16
photographi 2 1 18 18
performanceenhanc 2 35 0 2
modul 0 0 1 38
carv 11 4 6 18
magnet 4 3 2 30
gardner 2 23 4 10
bandwidth 0 0 2 37
latter 5 12 11 11
snag 6 1 8 24
pink 9 3 6 21
reap 4 5 17 13
ossetia 37 0 0 2
polar 8 2 4 25
rico 14 14 6 5
finley 3 36 0 0
fieri 10 26 1 2
70000 24 7 3 5
habit 4 7 6 22
hungri 24 5 4 6
deplet 4 16 6 13
cosmet 1 1 21 16
carli 0 20 6 13
oao 1 0 38 0
newcom 3 20 5 11
medley 8 30 0 1
quell 24 6 6 3
denmark 9 12 8 10
wellknown 5 5 15 14
flare 32 4 0 3
strongerthanexpect 0 0 35 4
higherthanexpect 0 0 36 3
enact 20 1 11 7
refinanc 1 0 31 7
helm 10 9 15 5
robertson 8 21 6 4
chest 10 24 4 1
exhaust 12 16 4 7
shaken 21 8 7 3
sergeant 37 1 0 1
frenchman 7 29 3 0
fiat 1 0 37 1
blaze 15 11 8 5
penetr 11 0 2 26
icahn 0 0 39 0
voluntarili 15 1 15 8
grumman 0 0 15 24
patterson 1 38 0 0
sammi 2 36 1 0
lavish 16 8 12 3
wpp 0 0 39 0
metropolitan 14 0 14 11
morocco 19 17 2 1
heathrow 21 2 15 1
han 17 15 5 2
twoshot 2 37 0 0
taxpay 6 3 24 6
barn 3 13 18 5
zvonareva 0 39 0 0
sim 1 2 4 32
flown 26 3 3 7
175 2 11 24 2
randal 0 38 0 1
facilit 7 0 13 19
frighten 28 3 2 6
mmo2 1 0 4 34
intrud 18 6 2 13
7e7 0 0 39 0
californian 5 1 11 22
constel 0 6 23 10
horror 15 9 5 10
bromwich 0 36 3 0
ferdinand 4 32 2 1
hyperson 0 0 0 39
25000 4 1 17 17
alonzo 0 39 0 0
wolverin 1 35 1 2
greenberg 0 4 35 0
stuttgart 1 37 1 0
talladega 0 39 0 0
jungl 26 2 2 8
smell 9 4 6 19
spaceship 0 0 0 38
lightn 0 28 1 9
ceas 14 3 16 5
aspect 6 6 5 21
coral 4 4 0 30
outer 6 0 3 29
fairli 10 6 15 7
sacrific 5 20 7 6
dusti 10 16 0 12
skull 2 0 0 36
otellini 1 0 14 23
boxer 4 28 3 3
interrupt 8 15 5 10
lawn 7 2 7 22
whenev 3 19 6 10
1992 11 13 11 3
princip 6 15 9 8
recess 1 4 30 3
abrupt 9 10 14 5
09 6 3 11 18
meal 4 3 9 22
x86 0 0 4 34
macromedia 0 0 0 38
tempt 5 6 12 15
strap 26 6 3 3
faulti 7 1 11 19
drain 8 8 11 11
hurl 18 17 0 3
horizon 4 10 9 15
lossmak 1 0 36 1
hddvd 0 0 0 38
plasma 1 1 7 29
porn 8 1 1 28
wilkinson 0 38 0 0
obasanjo 35 0 3 0
hynix 0 0 24 14
vacant 3 28 4 3
unhappi 6 17 5 10
boo 3 33 0 2
queri 3 0 6 29
disastr 7 20 7 4
edt 2 26 0 10
stent 1 1 33 3
wrongdo 5 7 23 3
scuffl 29 7 0 2
weren 1 23 6 8
obscur 4 12 8 14
roh 35 1 2 0
improperli 8 0 24 6
ronaldo 0 38 0 0
socialist 35 1 0 2
belgrad 27 5 0 6
freeli 5 3 8 22
confin 19 10 3 6
canon 1 0 16 21
forev 8 13 6 11
erik 2 34 0 2
reed 0 27 8 3
miser 2 34 2 0
nephew 33 1 1 3
workplac 4 1 10 23
manageri 1 36 1 0
sandi 13 21 3 1
orcl 0 0 22 16
heap 5 17 3 13
obrien 4 28 3 3
fuell 11 3 19 5
halfyear 1 0 32 5
sneak 8 7 2 21
minimum 7 8 17 6
retief 0 38 0 0
widerang 13 1 13 11
stamford 3 28 7 0
chennai 7 26 0 5
91 4 21 12 1
betti 3 33 2 0
ratif 25 1 2 10
bucharest 30 7 1 0
void 6 20 9 3
asean 34 0 4 0
lago 35 1 2 0
cana 5 33 0 0
trinidad 8 28 1 1
barroso 38 0 0 0
reactor 26 0 1 10
terdiman 0 0 3 34
refug 18 3 4 12
stellar 0 23 2 12
wet 3 15 9 10
circumst 10 11 6 10
jacob 6 14 4 13
xray 6 10 2 19
mirror 3 13 7 14
juic 0 1 30 6
viagra 2 0 10 25
ms 9 6 8 14
goog 1 0 7 29
flatpanel 0 0 4 33
adword 0 0 1 36
monument 28 3 1 5
warravag 37 0 0 0
anybodi 1 18 2 16
skyrocket 11 0 21 5
dunn 1 17 3 16
usher 18 5 8 6
toughest 5 20 4 8
100meter 9 28 0 0
enorm 12 5 7 13
pipe 5 3 7 22
chronic 9 3 11 14
steadili 6 5 17 9
breez 3 26 2 6
twomonth 7 6 18 6
rebellion 35 0 1 1
somewher 4 16 6 11
rust 0 7 26 4
rumour 8 10 11 8
bread 4 0 25 8
12000 8 2 23 4
evan 6 8 10 13
taunt 4 27 3 3
tx 0 37 0 0
vincent 5 22 5 5
vanish 11 5 3 18
bust 5 10 9 13
nathan 1 20 13 3
elabor 12 6 3 16
edgar 2 31 1 3
twickenham 3 34 0 0
akron 1 35 1 0
dial 0 2 10 25
uproot 34 0 1 2
ration 7 6 3 21
vieira 5 32 0 0
entrylevel 0 2 4 31
northrop 0 0 14 23
450 5 3 23 6
romp 3 31 0 3
guerrero 0 37 0 0
decept 6 6 18 7
leaderboard 0 37 0 0
dillon 1 35 1 0
leverag 3 1 9 24
intact 3 10 6 18
conferenc 0 0 3 34
fundrais 19 2 13 3
jiang 37 0 0 0
136 2 7 24 4
bowden 1 36 0 0
lifetim 10 8 10 9
proven 7 8 15 7
feud 8 12 15 2
uni 23 8 4 2
harar 25 12 0 0
gloria 20 0 17 0
wildcat 1 31 5 0
defer 4 3 22 8
skid 5 15 16 1
distil 0 7 30 0
1986 8 19 7 3
1918 1 32 1 3
pummel 19 11 4 3
bahama 25 10 0 2
jihad 35 0 0 2
wannstedt 0 37 0 0
tripoli 32 0 4 1
unconstitut 13 0 12 12
fein 37 0 0 0
karl 5 17 13 2
headscarv 37 0 0 0
wari 7 2 20 8
waltham 0 18 14 5
bp 4 2 29 2
pure 9 12 5 11
mystic 9 26 0 2
430 2 8 20 7
loeb 0 37 0 0
corps 31 0 3 3
fleme 2 29 4 2
coor 3 9 25 0
lazio 0 37 0 0
coma 35 1 0 1
chassi 3 3 0 31
elbaradei 37 0 0 0
rocco 33 4 0 0
decapit 35 0 0 2
samuel 0 30 3 4
laurent 29 3 5 0
unarm 36 0 0 1
orbitz 0 0 30 7
wentworth 0 36 1 0
mcgradi 0 37 0 0
filipino 24 0 1 11
dialup 0 0 6 30
rightw 33 2 0 1
overtak 2 20 4 10
healthday 0 0 0 36
cue 2 2 8 24
ridicul 10 11 4 11
19yearold 10 19 2 5
est 3 18 6 9
ideal 4 16 5 11
wrangl 9 12 7 8
katerina 4 32 0 0
airlift 35 0 0 1
wva 15 9 11 1
lineman 0 36 0 0
166 16 11 2 7
104 1 24 10 1
psycholog 11 4 12 9
gp 1 19 4 12
1600 5 4 5 22
smb 0 0 4 32
mat 1 27 2 6
standalon 0 0 3 33
recount 21 0 1 14
1st 21 10 1 4
ditch 5 1 12 18
overwhelmingli 20 0 14 2
550 4 3 20 9
interestr 0 0 36 0
proclaim 12 11 5 8
norton 1 18 3 14
lan 0 0 2 34
trinat 2 34 0 0
lakshmi 1 0 28 7
webspher 0 0 3 33
penni 1 4 19 12
halv 3 9 16 8
secondari 5 27 2 2
wellington 6 5 22 3
hotspot 10 0 1 25
guidelin 10 3 4 19
oilproduc 16 0 20 0
marxist 34 0 1 1
vazquez 8 28 0 0
1aa 0 36 0 0
fiction 6 1 0 29
youngest 5 23 1 7
wouldb 17 6 5 8
onslaught 19 5 3 9
selig 2 34 0 0
clive 2 31 3 0
wakefield 0 36 0 0
disengag 36 0 0 0
bogu 2 4 9 21
kean 4 31 1 0
jefferson 2 25 2 7
107 4 21 11 0
homecom 5 31 0 0
bulletin 3 3 5 25
habitat 2 0 1 33
mccain 19 7 7 3
demolit 21 13 0 2
speedi 10 8 4 14
offend 15 7 1 13
carson 2 33 1 0
seeker 24 1 4 7
qaedalink 35 0 0 1
gunpoint 30 5 0 1
16th 6 16 9 5
predat 4 7 6 19
telemarket 1 0 25 10
18yearold 10 18 1 7
prolong 11 4 19 2
quotin 11 10 9 6
attribut 12 6 9 9
mouth 11 14 4 7
thrive 7 4 4 21
banknorth 0 0 36 0
230 1 11 16 8
plutonium 33 0 0 3
rhetor 21 1 9 5
mitchel 5 20 8 3
wachovia 0 18 17 1
turbul 14 6 7 9
na 3 5 3 25
raleigh 1 20 6 9
lazard 1 0 35 0
neil 2 32 0 2
telecast 2 34 0 0
erdogan 32 0 4 0
jiri 1 35 0 0
buckey 0 36 0 0
autumn 4 16 10 6
850 13 2 21 0
explicit 2 0 2 32
kumbl 2 34 0 0
quothalo 0 0 0 36
veerappan 36 0 0 0
temper 8 11 13 3
ea 0 10 7 18
spoof 2 0 3 30
balloon 9 2 12 12
olympian 2 28 3 2
enlarg 25 1 5 4
muchanticip 6 4 3 22
minn 4 16 8 7
sing 10 8 9 8
shia 35 0 0 0
jacket 6 17 6 6
ravag 24 1 7 3
procur 3 0 10 22
elus 9 9 5 12
homosexu 33 0 0 2
addon 0 0 0 35
withhold 8 1 26 0
li 12 5 14 4
nich 1 2 7 25
math 4 7 3 21
abdul 33 0 1 1
149 3 8 12 12
girlfriend 7 11 2 15
genuin 7 10 4 14
pragu 6 26 0 3
mittal 2 0 33 0
incurs 32 0 1 2
backward 4 11 2 18
gb 0 22 1 12
sway 16 9 9 1
recordset 1 18 10 6
nowher 8 19 3 5
outspoken 19 8 4 4
qatar 14 19 2 0
pare 3 0 23 9
santo 11 20 2 2
fret 1 5 23 6
loud 16 12 2 5
duo 5 22 0 8
fertil 8 1 3 23
chaotic 25 5 2 3
raini 11 22 2 0
vener 3 1 12 19
emphat 7 28 0 0
155 8 11 11 5
occas 10 13 6 6
ghost 12 16 1 6
woodward 2 32 0 1
appropri 8 14 6 7
induc 0 2 5 28
transatlant 10 1 21 3
pasadena 0 8 0 27
soap 6 4 16 9
tata 1 0 27 7
stave 1 5 22 7
wane 7 7 19 2
sopho 0 0 0 35
grokster 0 0 6 29
reinstat 4 20 8 3
carmelo 1 34 0 0
cinema 12 0 7 16
kristen 0 1 4 30
thedealcom 1 0 4 30
khatami 34 0 1 0
motogp 1 34 0 0
lehmann 2 32 1 0
rewrit 7 3 10 15
milton 0 33 2 0
elder 10 11 10 4
credenti 11 12 4 8
shade 6 8 10 11
juliu 0 32 3 0
gunship 35 0 0 0
doc 0 35 0 0
nois 4 12 2 17
mckenzi 0 34 1 0
bribe 23 0 12 0
midsess 0 0 35 0
kirk 1 23 9 2
garciaparra 0 35 0 0
surplu 8 0 25 2
istanbul 28 6 0 1
dread 11 16 3 5
vick 0 35 0 0
peek 2 2 5 26
strict 15 6 7 7
biometr 3 0 2 30
ashcroft 6 0 6 23
niger 32 0 3 0
scholar 12 0 4 19
bae 6 0 27 2
121 2 14 8 11
raft 7 1 9 18
ouster 12 3 17 3
arrington 0 35 0 0
caesar 1 2 32 0
dish 4 7 4 20
265 2 5 27 1
510 0 26 4 5
tatiana 0 35 0 0
heaven 5 7 1 22
tayyip 31 0 4 0
novak 0 35 0 0
bloodiest 34 0 1 0
bcci 1 34 0 0
bashir 33 2 0 0
literatur 13 1 6 15
genel 0 0 4 31
taba 35 0 0 0
halloween 5 6 7 17
marketwatch 0 0 33 2
someday 1 13 3 17
spray 4 5 15 10
unfortun 1 15 4 14
adequ 3 3 18 10
proper 8 8 5 13
max 0 28 0 6
propuls 0 0 1 33
remnant 13 7 7 7
diabet 8 0 6 20
heir 26 2 5 1
outdoor 16 6 3 9
firework 15 15 2 2
arteri 8 2 11 13
nutrit 0 3 13 18
prey 6 5 3 20
midmorn 3 0 30 1
beg 21 5 1 7
ethiopia 27 5 0 2
nascent 9 0 8 17
welfar 18 1 11 4
uganda 30 0 0 4
daylight 20 2 3 9
infam 8 12 3 11
digest 6 2 17 9
lankan 23 10 0 1
downer 32 0 1 1
irrit 5 12 3 14
victoria 12 13 7 2
bang 2 11 1 20
legislatur 25 0 7 2
unnam 6 2 18 8
slogan 13 7 5 9
largescal 18 0 4 12
imperi 9 2 14 9
crusad 14 4 8 8
brook 3 23 4 4
riski 9 3 9 13
quotno 16 7 8 3
cardiovascular 1 0 30 3
misconduct 7 12 15 0
garner 10 13 4 7
interpret 15 3 8 8
suitor 2 6 22 4
wbc 1 33 0 0
gunbattl 34 0 0 0
106 4 8 12 10
aer 29 0 5 0
maiden 7 19 2 6
multimillion 7 4 16 7
mysql 0 0 0 34
apach 1 0 2 31
retriev 8 2 3 21
funni 2 18 3 11
flex 3 5 4 22
feloni 1 1 6 26
730 1 33 0 0
advisor 7 2 24 1
weari 16 14 4 0
zemin 34 0 0 0
banco 5 0 29 0
intrigu 3 12 7 12
ftcom 1 0 0 33
certifi 4 2 6 22
grass 2 15 6 11
secondseed 0 34 0 0
340 5 8 18 3
ont 4 7 16 7
bori 21 12 1 0
burial 29 0 0 5
ronald 6 20 6 2
flybi 1 0 0 33
ukbas 3 1 14 16
concuss 1 33 0 0
brighten 2 3 27 2
sevenmonth 0 7 25 2
tesco 0 0 14 20
no1 1 29 4 0
brake 5 3 18 8
releg 4 26 1 3
swede 3 30 1 0
underdog 1 22 3 8
180 6 10 12 6
silva 19 11 3 1
netwar 0 0 7 27
210 2 15 15 2
thinkpad 0 0 1 33
bulldog 0 34 0 0
morrison 1 8 24 1
byron 1 32 0 1
coventri 2 1 30 1
taj 29 5 0 0
buckingham 31 2 0 1
nalbandian 0 34 0 0
kettl 0 0 34 0
funai 0 34 0 0
feb 5 12 11 5
parker 3 20 4 6
vari 4 6 3 20
miseri 7 23 1 2
aerial 12 4 5 12
yourself 1 6 2 24
mogul 0 2 26 5
multin 20 0 5 8
bolt 6 15 6 6
firstplac 2 31 0 0
curti 0 32 0 1
clog 6 0 4 23
wisdom 4 16 6 7
iverson 3 30 0 0
soul 6 16 4 7
ubiquit 1 2 2 28
toler 16 8 3 6
methan 5 0 2 26
twenti 6 10 3 14
revolt 25 2 2 4
grievanc 8 25 0 0
133 2 11 9 11
background 7 5 8 13
361 7 4 6 16
outweigh 3 1 25 4
diminish 4 4 18 7
greatli 7 7 7 12
alicia 5 26 0 2
power5 0 0 3 30
10yearold 15 0 2 16
radioact 25 0 3 5
curtain 6 16 1 10
impoverish 30 1 1 1
leander 2 6 3 22
prefectur 29 1 2 1
bonu 2 12 13 6
grappl 8 1 14 10
verbal 3 19 9 2
lao 29 1 2 1
anticompetit 0 0 22 11
everett 0 29 2 2
weeklong 20 4 8 1
brisk 1 1 24 7
kyodo 20 2 4 7
hed 6 24 0 3
tee 0 33 0 0
improb 4 22 3 4
nail 4 20 3 6
subway 17 12 2 2
conquer 1 13 2 17
specialti 0 0 28 5
timet 13 3 7 10
burgeon 1 2 13 17
24hour 14 5 8 6
inact 3 27 2 1
hartford 0 12 18 3
yang 3 29 0 1
dire 13 5 9 6
marino 0 33 0 0
anxiou 11 6 8 8
1100 9 0 22 2
scout 2 24 0 7
satisfact 3 6 12 12
mercenari 32 1 0 0
bike 2 23 6 2
nudg 6 1 22 4
mpaa 0 0 0 33
thrust 18 4 4 7
goodby 5 12 5 11
patienc 9 15 2 7
havoc 9 4 4 16
safeway 1 10 22 0
drunken 6 25 0 2
oneshot 1 32 0 0
scorer 0 33 0 0
repurchas 0 0 29 4
marijuana 12 17 2 2
matsushita 0 0 7 26
farreach 11 2 12 8
temp 4 24 4 1
cosmonaut 3 0 1 29
marriott 18 3 12 0
saban 0 32 1 0
georgetown 1 16 15 1
386 16 11 1 5
thaw 8 1 1 23
keegan 1 32 0 0
paisley 32 1 0 0
villeneuv 0 33 0 0
bettman 0 33 0 0
louis 2 25 1 5
minaya 0 33 0 0
martinsvil 0 33 0 0
candi 7 4 18 4
pixar 0 0 28 5
dwindl 0 3 11 18
playboy 0 1 13 18
dazzl 5 21 4 2
kenni 1 28 2 1
reconsid 9 7 5 11
shorten 1 14 11 6
ofcom 0 0 6 26
resel 0 0 1 31
therapi 3 1 12 16
relev 6 2 2 22
annoy 3 4 7 18
stark 12 10 5 5
redhot 0 22 10 0
whistl 8 15 2 7
quadrupl 3 5 18 6
rampag 29 1 1 1
pilgrim 21 0 9 2
98 2 18 4 8
alpin 7 17 0 8
upscal 11 0 19 2
endless 6 6 5 15
lisa 7 17 2 6
sacr 18 7 2 5
tarnish 9 11 9 3
bloodsh 32 0 0 0
antipiraci 0 0 13 19
sybas 0 0 0 32
tshirt 7 16 2 7
lastditch 13 6 13 0
umpir 1 31 0 0
dougla 2 14 11 5
sweat 2 18 3 9
fleetboston 0 0 32 0
ignit 7 10 6 9
ferrero 2 30 0 0
supplement 2 11 3 16
exempt 11 3 10 8
arch 9 13 10 0
8000 19 0 11 2
melvin 3 29 0 0
whip 13 10 3 6
premarket 0 0 30 2
rs 2 1 24 5
stefan 3 27 1 1
hardfought 14 17 1 0
phrase 5 11 3 13
percept 12 11 5 4
dare 7 9 8 8
moodi 0 10 21 1
capitalist 0 0 11 21
jewel 6 3 15 8
gerald 4 15 12 1
iceland 11 4 7 10
lincoln 5 19 3 5
167 2 10 16 4
random 8 7 6 11
gill 2 27 1 2
glaxosmithklin 1 0 30 1
sprawl 20 2 1 9
dixon 1 9 8 14
300000 8 6 13 5
pig 22 0 1 9
msfto 0 0 10 22
gainesvil 3 29 0 0
chronicl 4 18 4 6
bangladeshi 30 1 1 0
spoken 10 6 1 15
sarah 7 22 0 3
170 11 14 7 0
scenario 4 17 4 7
hampton 0 31 0 1
amman 32 0 0 0
flower 8 3 3 18
payout 0 1 21 10
nomar 0 32 0 0
1960 7 13 0 12
ajax 0 29 3 0
unharm 29 1 0 2
heinz 5 15 12 0
greenback 1 0 31 0
gloomi 13 5 12 2
suntrust 0 0 31 1
rochest 0 7 13 12
sleek 2 0 5 25
hood 16 1 4 11
brag 1 11 8 12
gamewin 1 28 0 3
pardon 27 2 0 3
joel 5 18 1 8
dakota 8 2 16 6
verisign 0 0 4 28
icann 0 0 2 30
afx 1 0 22 9
commonwealth 12 7 9 4
cambodian 32 0 0 0
proud 7 15 4 6
nebraska 1 27 3 1
testfir 29 0 2 1
eugen 15 4 8 5
kirkuk 32 0 0 0
luca 2 23 3 4
byrd 3 24 5 0
pdf 0 1 2 29
quinn 5 27 0 0
triangl 19 3 3 7
homemad 26 2 1 3
tyco 0 0 31 1
gilchrist 1 31 0 0
valv 2 0 4 26
regiment 32 0 0 0
rosenborg 2 30 0 0
molson 0 2 30 0
254 2 15 11 4
aggrav 4 27 1 0
buttiglion 32 0 0 0
imod 2 0 1 29
broadli 5 0 14 12
geek 0 0 6 25
rex 0 18 0 13
pet 8 1 9 13
onboard 4 0 5 22
eject 2 25 1 3
inbox 1 0 1 29
strive 8 4 11 8
ietf 0 0 0 31
trounc 0 27 3 1
400meter 9 22 0 0
enthusiasm 7 4 16 4
unseed 0 31 0 0
shuffl 7 8 14 2
holdout 3 25 3 0
contentguard 0 0 17 14
injunct 5 1 13 12
citizenship 27 0 1 3
sharper 4 8 5 14
geico 0 0 21 10
migrant 26 0 2 3
shun 8 3 9 11
finck 1 0 0 30
farewel 16 12 0 3
drum 5 6 3 17
eightmonth 4 7 20 0
undercut 11 0 13 7
chiron 4 0 25 2
aussi 1 29 0 1
outpac 5 0 16 10
londonbas 11 0 10 10
halfcenturi 14 11 1 5
charm 4 12 7 8
terribl 5 18 2 6
resumpt 25 1 2 3
stump 6 16 2 7
racket 5 8 16 2
keen 8 16 2 5
hamburg 9 11 7 4
francona 0 31 0 0
dugout 0 31 0 0
prostitut 17 11 0 3
ministeri 18 0 10 3
hrefhttpwwwinvestorreuterscomfullquoteaspxtickerintco 0 0 31 0
targetstocksquickinfofullquotegtintcoltagt 0 0 31 0
marco 1 30 0 0
thirdround 0 31 0 0
equestrian 3 28 0 0
zimbabwean 20 9 1 1
bath 6 6 8 11
reid 9 22 0 0
acclaim 5 4 1 21
bombay 14 10 3 4
repli 11 14 1 5
rode 6 19 5 1
grocer 0 0 31 0
28000 2 0 2 27
spacewalk 2 0 0 29
wealthi 10 1 15 5
salmon 4 7 3 17
moohyun 29 0 2 0
massu 1 30 0 0
serbia 20 6 2 3
119 0 23 7 1
diva 2 22 6 1
mom 2 5 2 22
hog 1 1 27 2
lightweight 1 20 1 9
grower 17 0 10 4
liquor 6 7 17 1
infield 0 31 0 0
newer 2 0 12 17
counterterror 28 0 0 3
2017 1 28 1 1
boon 1 17 5 8
hinder 7 6 8 10
foothold 0 1 20 10
somalia 31 0 0 0
alqaidalink 31 0 0 0
177 6 13 12 0
mull 6 4 12 9
engulf 23 5 3 0
unfold 15 9 2 5
thunder 10 12 3 6
singleseason 0 31 0 0
glau 0 31 0 0
anthem 3 8 19 1
sedan 1 1 24 5
sunnyval 0 0 4 27
barg 3 1 26 1
weblog 0 0 2 29
nickel 1 3 24 3
curfew 28 1 0 2
registri 3 1 14 13
prnewswirefirstcal 0 0 16 15
indigen 19 0 1 11
sooth 3 5 19 4
scoreless 4 26 0 1
largerthanexpect 0 0 30 1
realm 1 2 5 23
porter 19 12 0 0
pepsico 0 0 31 0
leed 11 19 0 1
plo 31 0 0 0
disagre 11 4 7 9
taint 13 7 7 4
ondemand 0 0 3 28
hank 4 26 1 0
rogg 3 28 0 0
di 1 12 10 8
denial 9 4 4 14
bovina 0 31 0 0
applaud 12 6 3 10
rematch 6 25 0 0
mcdowel 2 28 0 1
hotspur 0 31 0 0
albion 0 31 0 0
recognis 15 2 5 9
multicor 0 0 0 31
lieber 6 25 0 0
makeshift 23 7 0 1
ecuador 9 12 1 9
lava 0 0 0 31
brighton 25 3 2 1
claudio 0 31 0 0
backman 0 31 0 0
autonomi 28 2 1 0
culpepp 1 30 0 0
hsbc 4 14 10 3
phnom 31 0 0 0
penh 31 0 0 0
gbagbo 31 0 0 0
abdic 31 0 0 0
shrimp 2 0 26 3
xstrata 0 0 31 0
dispers 16 5 1 8
sierra 13 6 1 10
protein 5 1 2 22
240 5 11 10 4
scour 11 2 1 16
propon 2 3 3 22
microscop 2 0 1 27
thorp 11 19 0 0
strait 17 8 1 4
jarno 0 30 0 0
dispel 19 3 6 2
wore 10 18 2 0
145 5 7 12 6
reignit 8 6 9 7
stoppag 3 14 13 0
assumpt 2 8 17 3
swiftli 19 3 4 4
backpack 20 6 2 2
fourtim 4 26 0 0
porsch 2 25 3 0
fantasi 3 14 4 9
headtohead 5 8 7 10
deflat 6 8 13 3
serviceori 0 0 2 28
3com 0 0 21 9
reced 13 1 15 1
lieuten 24 1 4 1
comb 13 3 4 10
laureat 19 0 1 10
swoop 12 8 5 5
helmet 4 26 0 0
courtesi 3 11 0 16
dull 3 7 12 8
rerun 25 3 0 2
k 10 8 8 4
olympia 2 23 2 3
sigh 7 11 10 2
postwar 26 2 2 0
rift 20 2 5 3
108 0 10 16 4
avian 22 0 3 5
capitol 13 0 12 5
overh 2 0 14 14
illustr 6 12 4 8
curri 1 23 2 4
ashor 17 5 1 7
112 2 12 11 5
gilbert 1 24 3 2
allpro 0 30 0 0
goodwil 16 1 9 4
finest 2 24 1 3
panathinaiko 0 30 0 0
makeov 5 5 9 11
stare 6 16 3 5
cardiac 1 1 20 8
rite 0 3 21 6
165 5 9 14 2
tepid 6 0 22 2
xprize 2 0 0 28
smack 4 18 1 7
rap 14 7 5 4
ma 1 19 3 7
123 1 21 3 5
tricki 1 13 2 14
20year 9 7 7 7
600000 1 1 14 14
asaravala 0 0 0 30
philipkoski 0 0 0 30
cpu 0 0 0 30
horn 13 13 2 2
mediocr 0 22 5 3
bandit 27 0 0 3
extract 7 0 8 15
2724 2 28 0 0
kashmiri 30 0 0 0
depriv 10 9 4 7
feroci 17 3 3 7
heartbreak 2 28 0 0
grozni 30 0 0 0
alderson 7 1 22 0
devis 1 5 4 20
roberto 0 29 1 0
toledo 14 12 1 3
fenerbahc 1 29 0 0
oswalt 1 29 0 0
fever 7 11 6 6
hug 5 20 4 1
qualif 1 25 1 3
guardian 17 1 0 12
raceway 0 30 0 0
102 6 11 9 4
anchor 10 10 3 7
inadequ 8 2 14 6
diana 19 5 0 6
hispan 14 1 14 1
fanfar 1 5 11 13
mudslid 30 0 0 0
clarifi 12 10 5 3
kuwaiti 25 0 5 0
regularli 5 10 5 10
pablo 8 22 0 0
ridg 6 6 0 18
rid 15 7 5 3
borland 0 0 0 30
murray 4 17 6 3
bristol 0 25 2 3
sponsorship 10 17 1 2
firsttim 1 7 11 11
amr 5 1 24 0
kpmg 0 0 28 2
subsequ 5 12 6 7
lahoud 30 0 0 0
joachim 3 27 0 0
notion 6 11 2 11
crane 13 4 2 11
clement 2 27 1 0
tightli 9 6 7 8
multibillion 4 0 15 11
pray 23 3 2 2
traction 6 1 15 8
cazenov 0 0 30 0
rockstar 0 0 1 29
ruth 3 26 1 0
141 9 10 9 2
beaver 0 28 0 2
fourthrank 0 30 0 0
booster 0 6 3 21
orton 0 30 0 0
confeder 2 22 5 1
waiv 1 20 4 5
shamil 29 0 0 1
basayev 29 0 0 1
probat 3 26 1 0
monarch 20 9 0 1
racism 3 25 0 2
schalk 0 30 0 0
elin 7 23 0 0
nordegren 7 23 0 0
kolkata 0 30 0 0
shevchenko 1 29 0 0
nowitzki 0 30 0 0
1993 5 18 5 1
cartoon 5 9 5 10
expedit 2 0 1 26
alik 6 4 3 16
valid 5 6 2 16
voyag 1 0 5 23
default 0 2 19 8
streamlin 1 1 15 12
cuttingedg 1 0 5 23
sailor 22 5 1 1
celesti 0 0 1 28
boil 3 10 8 8
couch 2 17 2 8
duck 8 9 4 8
metro 2 5 14 8
seo 0 1 0 28
gannon 1 28 0 0
1988 7 17 3 2
overpow 2 20 5 2
butterfli 6 16 0 7
absolut 8 16 1 4
haunt 7 17 1 4
cart 3 9 4 13
namesak 2 2 20 5
renounc 26 0 1 2
casual 4 10 10 5
pac10 0 29 0 0
montana 1 14 9 5
deem 7 5 8 9
constant 5 14 2 8
springfield 5 18 4 2
herat 29 0 0 0
midrang 0 2 2 25
spit 1 18 1 9
molik 0 29 0 0
sabr 0 16 9 4
hurri 2 15 8 4
huddl 11 12 2 4
ailment 11 7 2 9
decent 3 8 9 9
distinct 4 10 1 14
grove 6 11 10 2
loyalist 25 0 0 4
poultri 16 0 11 2
sour 8 5 14 2
sparkl 4 20 3 2
redwood 11 0 9 9
midland 0 18 9 2
secondrank 3 24 1 1
episod 7 6 7 9
coleman 8 16 3 2
beset 5 1 19 4
cornel 0 11 2 16
grind 5 17 5 2
quotto 9 6 10 4
placement 0 0 13 16
thump 3 20 2 4
lg 0 0 7 22
overheat 1 0 6 22
dwyan 1 28 0 0
crept 4 8 16 1
technician 12 1 2 14
recipi 6 5 2 16
quantiti 16 2 5 6
midwest 3 2 21 3
ryanair 1 0 28 0
amir 3 26 0 0
winger 1 28 0 0
littleknown 4 12 2 11
spiritu 21 3 2 3
revok 14 3 5 7
pinsent 1 28 0 0
scoreboard 1 28 0 0
woburn 0 27 2 0
tallahasse 3 21 1 4
commemor 25 2 0 2
sputter 2 16 11 0
soup 4 3 20 2
documentari 15 0 2 12
4500 0 0 24 5
tragic 16 9 0 4
fraction 1 2 10 16
proxi 1 0 13 15
slug 4 23 1 1
dam 14 0 3 12
tailor 2 1 0 26
analog 0 1 11 17
wolfsburg 1 27 1 0
decor 11 4 9 5
spinoff 1 2 18 8
sheep 0 1 0 28
spokesperson 10 0 5 14
admir 7 14 3 5
hydroelectr 23 0 0 6
longrang 15 4 4 6
buick 0 28 0 1
mit 0 7 7 15
150000 12 4 12 1
newton 0 15 6 8
shearer 0 29 0 0
sage 1 6 5 17
emil 28 1 0 0
ici 3 2 1 23
irv 0 26 3 0
rutger 0 25 0 4
solberg 0 29 0 0
multan 28 1 0 0
276 1 23 1 4
accommod 3 6 4 16
perspect 3 10 5 11
forgiv 12 5 10 2
yum 0 0 28 1
montoya 5 24 0 0
deportivo 0 29 0 0
smart1 0 0 0 29
filderstadt 0 29 0 0
dirk 0 28 0 1
menac 10 5 2 11
ant 3 4 2 19
antiqu 9 1 2 16
croatia 8 18 0 2
exagger 7 2 10 9
physicist 10 1 0 17
heartbeat 15 3 8 2
taught 4 10 2 12
distinguish 4 8 4 12
esa 0 0 0 28
hormon 2 9 3 14
snack 1 0 21 6
franco 17 11 0 0
handicap 6 18 2 2
salli 0 17 11 0
barbara 10 5 9 4
partisan 17 4 1 6
utter 8 16 1 3
turnout 24 1 2 1
floridian 13 0 10 5
surcharg 2 0 26 0
dictatorship 28 0 0 0
fullback 0 28 0 0
tutsi 28 0 0 0
mcgahe 0 28 0 0
stranger 11 8 1 8
caller 6 2 1 19
sevenyear 3 8 1 16
claw 2 5 17 4
courtney 5 23 0 0
tungsten 0 0 0 28
holiest 25 3 0 0
homeown 4 0 19 5
sd 0 0 0 28
supposedli 4 10 3 11
transpar 18 1 9 0
sander 0 27 1 0
elli 0 23 3 2
insult 11 6 9 2
ftc 0 0 2 26
merci 17 7 3 1
galleri 4 9 7 8
culmin 7 10 5 6
confess 13 3 7 5
rebuf 18 2 7 1
overthrow 28 0 0 0
retire 1 0 24 3
23yearold 3 22 0 3
aw 2 17 2 7
fourthlargest 4 0 21 3
consent 6 3 13 6
recycl 6 1 8 13
jewelri 3 5 16 4
busiest 2 0 24 2
jew 21 3 2 2
preemptiv 22 1 0 5
rehabilit 5 14 8 1
sullivan 0 11 3 14
hutchison 0 0 26 2
40000 3 3 6 16
disguis 3 5 7 13
reunit 11 8 1 8
tumor 2 7 3 16
strategist 8 0 14 6
116 2 14 11 1
behemoth 1 0 12 15
fanci 1 9 7 11
reckon 5 8 2 13
contempl 3 12 5 8
exam 10 13 2 3
raul 6 18 1 3
extent 9 6 5 8
bulli 8 12 1 7
monthlong 13 5 9 1
jorg 9 17 1 1
hick 18 5 5 0
howe 0 27 0 1
martial 27 0 0 1
fray 8 4 4 12
bonus 0 2 18 8
har 4 1 5 18
ordeal 20 2 3 3
anytim 2 7 5 14
succe 8 1 10 9
linksi 0 0 1 27
21yearold 12 14 0 2
adelphia 0 0 26 2
davidson 2 24 1 1
hart 0 27 0 1
portrait 17 2 2 7
crazi 3 15 2 8
arbor 3 14 5 6
discontinu 1 1 14 12
woodi 1 23 0 4
julian 2 20 5 1
pork 2 0 24 2
usb 0 0 0 28
ammunit 14 2 8 4
3677 0 0 2 26
bean 5 10 7 6
nhlpa 0 28 0 0
queensland 19 7 2 0
bellami 1 27 0 0
jock 3 1 17 7
nonetheless 6 5 10 7
inclus 5 5 4 14
waterford 0 12 16 0
graviti 0 1 1 26
15yearold 15 6 4 3
trent 2 22 4 0
nicknam 4 16 2 6
bennett 6 19 2 1
longdelay 16 0 4 8
snoop 0 4 1 23
softbank 2 0 15 11
harvest 8 0 11 9
jenin 28 0 0 0
copern 0 0 2 26
mubarak 28 0 0 0
marvin 1 24 1 2
indec 11 8 3 6
rojo 0 0 0 28
spite 10 3 10 5
babe 2 26 0 0
adulteri 27 1 0 0
rodger 0 28 0 0
motorsportcom 0 28 0 0
monti 0 4 20 4
greensboro 1 26 1 0
accident 13 4 2 9
vcr 0 1 1 26
furcal 0 28 0 0
porti 0 28 0 0
edgbaston 3 25 0 0
barber 1 25 0 2
antarctica 0 0 1 27
ce 0 0 7 21
garnett 0 28 0 0
khin 28 0 0 0
nyunt 28 0 0 0
ibook 0 0 1 27
chittagong 0 28 0 0
mukesh 0 0 28 0
riley 2 20 5 0
artisan 0 0 23 4
accessori 0 0 13 14
photoshop 0 0 5 22
3610 1 3 5 18
cave 7 2 2 16
malfunct 6 3 7 11
masterpiec 15 4 0 8
judiciari 13 1 0 13
fist 7 16 1 3
alzheim 5 0 4 18
huygen 1 0 0 26
13yearold 21 0 2 4
crossbord 8 0 14 5
nag 0 5 14 8
understood 5 11 8 3
proport 5 7 3 12
cannon 14 11 0 2
sporad 23 2 0 2
mock 12 5 1 9
jeopardi 6 13 2 6
117 2 11 13 1
serbian 24 2 0 1
magnific 2 21 2 2
caterpillar 1 0 23 3
religion 18 2 0 7
prudenti 2 0 21 4
cling 9 15 1 2
1972 9 11 2 5
bicycl 10 5 6 6
neutral 4 7 12 4
clearanc 2 4 18 3
easyjet 3 0 16 8
moroccan 12 15 0 0
bj 1 17 9 0
sergey 4 0 10 13
tighter 10 5 8 4
erad 18 2 0 7
deriv 0 0 18 9
quotveri 18 3 5 1
punter 0 20 2 5
highfli 1 5 17 4
yearold 6 5 1 15
backdrop 11 5 5 6
rington 1 0 2 24
rug 10 7 5 5
harddriv 0 0 2 25
prolif 2 16 1 8
blister 7 13 6 1
gmt 6 4 10 7
slick 1 5 2 19
terrifi 20 2 0 5
exxon 0 0 25 2
thirdbiggest 0 0 23 4
perk 0 2 20 5
astonish 9 12 1 5
ho 8 4 15 0
07 2 1 10 14
sock 2 10 5 10
rebuk 21 2 3 1
foley 1 15 3 8
yasir 27 0 0 0
cooler 1 4 9 13
overcharg 3 0 12 12
samesex 24 1 1 1
miniatur 1 0 1 25
3500 5 1 15 6
stint 4 19 2 2
neglect 19 1 4 3
panic 11 8 7 1
coat 3 5 8 11
marburi 4 23 0 0
arthroscop 0 27 0 0
matsui 4 23 0 0
norman 3 21 3 0
paragraph 8 3 14 2
shrek 2 0 20 5
smoothli 6 4 3 14
colon 1 14 8 4
loophol 1 2 11 13
rebat 0 0 15 12
chicagobas 1 0 25 1
ir 3 0 19 5
stormi 7 14 2 4
emphas 13 4 4 6
22yearold 5 19 0 3
noah 2 11 2 12
brigham 0 23 3 1
quotther 5 8 2 12
fivetim 0 27 0 0
defianc 21 6 0 0
escort 23 4 0 0
trucker 8 0 16 3
supremaci 1 16 1 9
paramount 2 1 6 18
fastfood 1 1 23 2
buddi 0 19 2 6
pierr 7 17 3 0
toe 4 16 1 6
multimilliondollar 1 3 13 10
somehow 1 18 2 6
laps 12 10 5 0
zach 0 27 0 0
occasion 5 10 3 9
jonesaustralian 0 0 27 0
embroil 7 4 13 3
delio 0 2 1 24
renown 8 6 6 7
pundit 7 8 2 10
batman 22 2 0 3
hoki 0 27 0 0
blank 2 20 1 4
firmer 8 0 15 4
leonid 17 1 1 8
susan 1 5 16 5
puzzl 4 6 0 17
seizur 17 0 4 6
vicepresid 15 1 4 7
prolifer 10 1 5 11
touchscreen 4 0 0 23
0 0 20 5 2
hrefhttpwwwinvestorreuterscomfullquoteaspxtickerdaln 0 0 27 0
targetstocksquickinfofullquotegtdalnltagt 0 0 27 0
emi 1 0 17 9
pregnant 21 0 1 5
guru 4 2 17 4
israelipalestinian 26 1 0 0
quentin 1 25 0 1
alloc 2 0 9 16
sober 5 5 6 11
shortrang 7 0 2 18
mammal 3 0 0 24
pepper 0 8 11 8
ghazi 27 0 0 0
186 4 13 8 2
leverkusen 0 27 0 0
twostrok 0 26 0 1
sixtim 0 26 1 0
mallorca 0 27 0 0
preelect 15 0 7 5
apprentic 0 5 14 8
shutdown 4 3 18 2
mcgrath 5 21 0 1
adwar 0 0 2 25
bladecent 0 0 0 27
olympiqu 0 27 0 0
maxim 3 3 10 11
petter 0 27 0 0
yangon 27 0 0 0
spartan 0 25 1 1
keyhol 2 0 7 18
cologn 13 12 0 2
zombi 1 1 0 25
allan 1 19 6 1
holtz 0 27 0 0
fiberopt 0 0 14 13
cotton 5 7 14 1
jaschan 0 0 0 27
thirdrank 0 26 1 0
netski 0 0 0 27
mydoom 0 0 0 27
scuttl 14 1 8 4
gore 8 16 1 2
manpow 0 1 22 4
sandisk 0 0 1 26
reynold 1 3 21 2
dram 0 0 10 17
omnimedia 0 0 27 0
megson 0 27 0 0
alc 4 23 0 0
chicoutimi 27 0 0 0
suzuka 1 26 0 0
bhopal 27 0 0 0
phenomenon 2 0 4 20
hiphop 7 5 6 8
wrest 13 5 3 5
exposur 3 5 6 12
geologist 0 0 0 26
trash 4 4 6 12
gut 5 12 1 8
manual 4 1 0 21
ltstronggtlettersltstronggt 0 0 0 26
russel 1 17 4 4
veget 5 0 10 11
disturb 7 5 3 11
commonli 1 2 8 15
encrypt 0 0 0 26
paperwork 5 1 10 10
expertis 2 2 3 19
den 8 14 1 3
tenth 4 12 4 6
watson 1 21 0 4
actress 14 6 3 3
peski 1 15 0 10
sizzl 8 8 5 5
rica 15 10 0 1
freelanc 12 4 6 4
secondplac 0 22 1 3
fiji 4 20 0 2
stung 7 6 12 1
glen 0 21 1 4
adjourn 16 8 2 0
tame 2 11 11 2
princeton 1 20 2 3
wreak 7 0 6 13
dictionari 1 1 3 21
cfo 0 0 8 18
vicent 16 9 1 0
menu 0 3 11 12
vigor 9 3 7 7
minim 9 0 5 12
merit 3 8 7 8
pci 0 0 1 25
renov 6 5 11 4
nm 6 3 7 10
suv 1 4 17 4
wr 0 11 15 0
uphold 15 4 5 2
mire 8 5 8 5
costco 0 0 24 2
misl 7 4 13 2
primetim 9 12 5 0
tablet 5 2 5 14
rower 1 23 0 2
subsid 2 5 11 8
swath 19 1 1 5
spat 7 12 4 3
blunt 7 6 9 4
prosper 12 2 5 7
buildup 6 10 9 1
jonni 1 25 0 0
powershar 24 2 0 0
align 3 5 4 14
compuwar 0 0 4 22
fightback 1 25 0 0
workout 0 22 0 4
unspecifi 11 2 6 7
unseat 15 1 0 10
loosen 4 4 15 3
diplomaci 21 2 3 0
demis 13 8 4 1
deion 0 26 0 0
nonstop 3 6 6 11
hindu 23 2 0 1
paso 0 13 13 0
cram 7 6 3 10
recharg 1 1 2 22
revit 4 5 12 5
okla 2 20 1 3
kri 1 24 1 0
3650 5 1 16 4
barney 2 2 21 1
laud 11 3 3 9
syndic 6 4 3 13
sgt 24 2 0 0
flirt 5 4 9 8
fm 2 2 7 15
cio 0 0 3 23
salvo 6 7 3 10
comic 9 4 0 13
keeper 0 22 1 3
distant 5 3 2 16
logo 0 11 4 11
hicham 1 25 0 0
2500 7 1 6 12
1989 7 13 1 5
unilater 23 0 3 0
trulli 0 26 0 0
calori 1 0 5 20
render 4 3 2 17
kickstart 5 8 8 5
richter 24 1 0 1
setup 2 14 0 10
seventim 0 26 0 0
anglodutch 7 0 19 0
armour 20 4 1 1
185 0 13 6 7
brasilia 23 0 1 2
3m 3 5 17 1
collector 0 2 12 12
jaw 6 4 2 14
opel 5 0 21 0
bagwel 2 24 0 0
129 4 13 4 5
sixweek 4 3 18 1
hrefhttpwwwinvestorreuterscomfullquoteaspxtickermsfto 0 0 26 0
mclaren 1 25 0 0
vigil 17 3 2 4
landov 0 26 0 0
fume 10 13 1 2
warhead 23 0 0 3
15year 2 5 16 3
fleetcent 0 21 5 0
replay 2 16 0 8
fiedler 2 24 0 0
loyalti 3 7 7 9
epstein 0 25 1 0
jpmorgan 0 0 23 3
jj 0 26 0 0
renteria 2 24 0 0
openworld 0 0 1 25
michelin 2 21 1 2
feeley 0 26 0 0
gavin 1 4 4 17
mahal 26 0 0 0
ole 1 15 0 10
homestead 0 24 1 1
andriy 0 26 0 0
sialkot 26 0 0 0
nlc 8 18 0 0
sihamoni 26 0 0 0
clarett 0 26 0 0
planner 8 0 8 9
licenc 1 1 8 15
mammoth 3 2 10 10
rat 6 0 0 19
bestknown 6 4 10 5
hanoi 21 0 3 1
refuel 0 0 21 4
onemonth 3 1 19 2
belov 3 15 3 4
fairfax 1 3 6 15
penal 16 1 4 4
attende 0 0 3 22
sunk 1 11 7 6
perch 9 9 1 6
schoolgirl 21 4 0 0
drench 17 5 1 2
kan 1 17 4 3
nova 8 1 9 7
disloc 0 22 0 3
twogam 1 24 0 0
futil 2 23 0 0
arguabl 3 15 1 6
stagger 6 5 8 6
clout 11 2 7 5
188 2 9 11 3
griev 12 13 0 0
benjamin 7 11 2 5
reschedul 0 18 4 3
congest 1 1 17 6
stringent 5 7 5 8
fivegam 1 24 0 0
boycot 19 4 1 1
rooftop 25 0 0 0
ritual 7 10 2 6
frantic 10 6 6 3
jeopard 6 7 5 7
hatr 24 1 0 0
bhutto 25 0 0 0
sak 0 1 24 0
quoth 3 22 0 0
wildli 1 5 2 17
qb 0 25 0 0
servant 14 0 1 10
battlefield 9 1 2 13
envis 5 6 5 9
commenc 3 11 4 7
fourmonth 3 0 22 0
nd 0 13 2 10
cedric 1 24 0 0
antiwar 20 2 2 1
smarter 0 1 2 22
ranch 12 1 3 9
bellhorn 0 25 0 0
hutu 25 0 0 0
oakvil 1 15 9 0
kahney 0 0 3 22
swisscom 1 16 6 2
kinshasa 21 4 0 0
taser 2 0 22 1
standstil 18 0 6 1
theyll 3 10 0 12
pornograph 2 0 0 23
instanc 1 4 10 10
lighter 2 4 4 15
darl 1 4 10 10
mediterranean 18 2 1 4
windfal 2 1 17 5
10g 0 0 2 23
feather 3 1 5 16
angrili 16 7 2 0
suffoc 21 3 1 0
millar 2 23 0 0
sorri 6 12 2 5
ltstronggtanalysisltstronggt 0 0 0 25
seagat 1 0 7 17
whoever 7 3 4 11
thirdparti 3 0 9 13
jukebox 0 0 2 23
instantli 2 2 1 20
16yearold 14 11 0 0
dynamo 1 24 0 0
panda 3 0 0 22
midair 10 0 2 13
schmidt 0 12 3 10
punit 7 0 18 0
telco 0 0 10 15
steinbrenn 0 25 0 0
sectarian 23 1 1 0
statecontrol 4 0 20 1
norwich 1 18 6 0
stockhold 1 0 14 10
downplay 8 6 4 7
synonym 2 2 9 12
nod 2 11 2 10
wendi 0 3 13 9
arthur 3 17 1 4
250000 3 5 9 8
highstak 8 4 6 7
mideast 23 0 2 0
varitek 1 24 0 0
batsman 1 24 0 0
dole 7 3 9 6
depict 12 3 4 6
leon 4 19 0 2
regardless 6 7 3 9
breakfast 5 7 11 2
soa 0 0 1 24
insuffici 11 3 10 1
altitud 1 5 1 18
bogota 24 0 1 0
hiv 19 0 4 2
shea 0 25 0 0
mia 3 22 0 0
stemcel 2 0 4 19
necessarili 2 7 10 6
blowout 0 21 4 0
sumitomo 3 2 20 0
breweri 0 1 24 0
allay 6 4 10 5
roadmap 11 0 3 11
mri 2 21 1 1
californiabas 0 1 11 13
herman 1 21 1 2
pad 1 8 1 15
scope 5 2 8 10
runaway 3 10 9 3
billboard 10 4 1 10
weaponsgrad 23 0 0 2
saboteur 19 0 6 0
freight 5 0 19 1
restrain 3 3 16 3
mtv 10 0 5 10
bleak 3 7 10 5
threestrok 0 25 0 0
minivan 8 1 14 2
newman 0 24 0 1
belmont 0 25 0 0
finalis 11 7 6 1
tuck 4 9 6 6
undertak 9 4 5 7
liver 10 4 8 3
lull 6 2 15 2
carrol 1 19 3 2
134 3 4 15 3
equalis 2 23 0 0
earnest 3 13 4 5
dj 4 7 3 11
compris 3 8 3 11
writedown 0 0 22 3
martnez 1 24 0 0
axa 4 0 21 0
libel 17 2 5 1
kickback 3 0 22 0
nextwav 0 0 16 9
fifthrank 1 23 1 0
retak 23 0 1 1
hmc 24 0 0 1
hesit 14 5 3 3
castl 19 2 4 0
bison 0 6 0 19
fresno 0 21 3 1
meaning 7 13 2 3
camcord 0 0 0 25
diebold 0 0 5 20
multiplay 0 0 0 25
gamehigh 0 25 0 0
jacki 1 23 1 0
santini 2 23 0 0
rbc 6 4 14 1
snapshot 0 2 15 8
leftwich 0 25 0 0
knesset 25 0 0 0
multiplex 2 0 20 3
catalyst 1 3 3 18
skg 0 0 25 0
sgi 0 0 0 25
yuganskneftegaz 1 0 24 0
usrussian 3 0 0 22
wm 0 0 25 0
quotgrand 0 1 1 23
auxerr 0 25 0 0
ctia 0 0 1 24
saver 0 1 15 9
ringer 0 0 25 0
electionyear 15 0 5 4
perenni 0 14 7 3
tab 3 5 4 12
sunset 11 7 0 6
suffici 6 4 4 10
youd 2 10 5 7
sloppi 3 19 2 0
200m 3 12 4 5
meltdown 0 9 4 11
beltr 2 22 0 0
kosovo 23 0 1 0
outlast 2 21 1 0
lama 24 0 0 0
legg 0 19 5 0
rolen 1 23 0 0
emit 2 1 3 18
swatch 2 0 3 19
penguin 0 6 0 18
ebusi 0 0 0 24
flesh 6 2 1 15
torri 0 24 0 0
tabloid 7 3 3 11
lawless 21 3 0 0
lit 9 8 3 4
147 4 11 8 1
362 3 5 8 8
realign 7 4 8 5
assail 21 0 1 2
shave 3 6 10 5
kerr 0 20 0 4
gloriou 0 20 0 4
riddl 12 4 5 3
uzbekistan 13 3 0 8
213 2 16 6 0
cemeteri 22 0 0 2
darrel 1 12 3 8
swallow 8 1 9 6
deer 2 5 8 9
brin 0 0 11 13
wooden 12 9 2 1
unaccept 5 9 4 6
analyt 0 2 0 22
obsess 6 7 4 7
unherald 0 24 0 0
underestim 9 7 1 7
googo 0 0 18 6
revolution 1 0 5 18
fishermen 7 0 2 15
ghz 0 0 4 20
npr 8 4 6 6
courag 14 10 0 0
baffl 3 7 3 11
billiondollar 5 0 12 7
underpin 1 1 18 4
idl 6 5 8 5
coffin 18 1 1 4
guzman 17 7 0 0
dismay 10 8 3 3
pinpoint 4 3 0 17
tilt 3 12 8 1
physician 5 6 8 5
advers 3 6 8 7
mandatori 3 7 9 5
slack 1 6 16 1
ahern 23 1 0 0
dilemma 7 6 4 7
gainer 0 0 24 0
ratchet 6 0 9 9
lore 0 10 2 12
businessweek 3 0 4 17
torch 15 6 0 3
insolv 2 0 22 0
poweredg 0 0 0 24
redefin 2 5 4 13
nasd 0 0 24 0
stalem 14 5 4 1
dirt 10 3 2 9
welsh 0 17 1 6
144 5 15 2 2
disband 20 0 0 4
mussina 5 19 0 0
gsm 1 0 3 20
resili 2 8 11 3
allevi 6 0 12 6
briberi 16 0 8 0
warsaw 22 0 1 1
flatscreen 1 1 7 15
choke 7 7 4 6
15inch 0 0 2 22
anxieti 5 4 10 5
unravel 7 3 5 9
aggreg 0 8 1 15
christ 19 1 1 3
stephon 2 22 0 0
afterhour 1 0 20 3
eleg 6 4 3 11
serial 5 3 2 14
purg 17 2 2 3
rodrigo 1 3 20 0
brooklyn 4 12 5 3
cocoa 13 1 8 2
proce 1 0 21 2
fugit 24 0 0 0
acr 7 1 6 10
1965 12 3 5 4
crosbi 1 20 3 0
ramon 2 20 1 1
irna 21 0 2 1
tomb 12 1 1 10
demolish 9 13 1 1
rahul 3 21 0 0
onsaturday 13 0 7 4
brunel 0 24 0 0
holland 5 15 2 2
sellout 0 23 0 1
baquba 24 0 0 0
yale 0 18 2 4
overtaken 2 6 7 9
rash 9 2 5 8
tonn 17 0 5 2
fragment 3 1 3 17
24yearold 9 11 0 4
sequenc 3 5 2 14
herd 5 5 5 9
ramsey 0 21 0 3
allinon 0 0 3 21
savvi 0 0 8 16
inflight 1 0 5 18
nobl 2 2 15 5
chuck 3 12 3 6
reservist 23 0 0 1
redesign 2 0 4 18
farther 1 4 9 10
commando 23 0 0 1
fisher 1 16 4 3
bloat 5 1 13 5
beagl 0 0 0 24
rachel 2 2 2 18
scourg 8 0 1 15
atla 3 2 6 13
altria 0 0 24 0
sweeten 1 1 19 3
380 16 5 3 0
almasri 24 0 0 0
fullscal 12 0 3 9
staf 2 1 12 9
procter 0 0 24 0
targetstocksquickinfofullquotegtmsftoltagt 0 0 24 0
secondterm 18 0 6 0
deaf 5 0 6 13
nanni 17 3 0 4
payoff 3 1 18 2
unionist 24 0 0 0
rodney 4 20 0 0
lip 12 9 2 1
straightset 0 24 0 0
sclerosi 2 1 19 2
twinki 1 0 23 0
fixedlin 1 0 11 12
brom 0 24 0 0
restraint 7 1 10 6
eden 0 23 1 0
ashley 1 23 0 0
pizza 4 7 8 5
hilfig 0 0 24 0
41st 2 8 0 14
monza 0 24 0 0
143 3 11 8 2
cosmic 1 4 1 18
marseil 0 23 0 1
leicest 3 18 0 3
blake 1 17 1 5
apec 20 0 3 1
harvey 4 4 6 10
skeleton 5 1 3 15
citroen 1 21 1 1
137 1 13 7 3
tieup 2 0 18 4
aragon 1 23 0 0
froogl 0 0 0 24
galact 0 0 0 24
knife 15 4 1 4
ky 3 16 2 3
quarterpoint 0 0 24 0
10race 0 24 0 0
ge 0 0 21 3
delray 0 21 3 0
headon 12 6 0 6
defam 6 12 3 3
mcneali 0 0 2 22
nit 0 24 0 0
cemex 1 0 23 0
hrefhttpwwwinvestorreuterscomfullquoteaspxtickermrkn 0 0 24 0
targetstocksquickinfofullquotegtmrknltagt 0 0 24 0
crate 1 0 2 21
superspeedway 0 24 0 0
wilmington 0 11 11 2
stelco 0 0 24 0
stata 0 0 0 24
postelect 4 0 19 1
rand 4 1 14 4
uae 15 3 5 0
rollin 0 2 1 20
canal 7 2 4 10
okeef 1 0 0 22
weed 3 1 4 15
tail 2 7 6 8
spaceflight 0 0 0 23
frog 1 4 0 18
autonom 4 0 0 19
queue 5 5 3 10
arabian 17 0 4 2
curtail 3 2 9 9
reef 3 0 0 20
fascin 2 5 2 14
teeth 8 7 0 8
bagl 0 0 0 23
p5 0 0 0 23
cybercrim 0 0 0 23
raucou 4 16 0 3
leftw 15 3 5 0
elementari 13 5 0 5
fantast 1 15 1 6
nadal 1 22 0 0
softbal 2 20 0 1
orient 2 3 7 11
fernandez 2 21 0 0
worthi 3 14 1 5
simmer 6 6 10 1
yearoveryear 0 0 17 6
stray 7 8 4 4
shutter 6 0 13 4
poster 4 8 5 6
pronounc 3 8 2 10
splinter 18 1 1 3
synchron 2 4 0 17
benazir 23 0 0 0
inflationari 0 0 23 0
lowpow 0 0 2 21
homebuild 0 0 23 0
ieee 0 0 0 23
hrefhttpwwwinvestorreuterscomfullquoteaspxtickerfn 0 0 23 0
targetstocksquickinfofullquotegtfnltagt 0 0 23 0
railroad 11 1 9 2
126 0 7 13 3
magna 0 0 20 3
cruciat 1 22 0 0
ethernet 0 0 2 21
companion 5 2 2 14
surgeon 5 3 2 13
kingston 10 12 0 1
jt 1 21 0 1
warfar 15 1 1 6
mathemat 0 3 0 20
cliff 2 11 0 10
pearl 13 1 7 2
sewag 19 0 0 4
tsb 0 0 8 15
skirt 8 6 6 3
hrefhttpwwwinvestorreuterscomfullquoteaspxtickergoogo 0 0 23 0
targetstocksquickinfofullquotegtgoogoltagt 0 0 23 0
bulgaria 8 5 7 3
editori 7 0 6 10
geforc 0 0 0 23
12year 4 10 8 1
humbl 4 13 1 5
sterl 6 3 10 4
sovereignti 21 0 0 2
inexperienc 4 17 0 2
immers 2 1 0 20
denialofservic 0 0 0 23
bumpi 4 4 8 7
inabl 5 9 5 4
unbeat 1 22 0 0
cashstrap 4 3 14 2
entiti 2 0 9 12
kendal 0 22 0 1
vanguard 1 0 16 6
shelf 3 2 9 9
vpn 0 0 3 20
quoton 10 4 3 6
spun 2 8 5 8
recoup 1 2 16 4
hideki 2 21 0 0
walkout 5 0 18 0
baggag 8 2 12 1
unpaid 7 3 12 1
jonesap 0 0 23 0
inherit 8 3 5 7
coo 0 0 3 20
1300 10 1 8 4
leaguelead 0 23 0 0
nab 6 1 5 11
singel 0 0 1 22
midweek 4 15 4 0
crawl 8 4 3 8
mid 1 2 12 8
kiss 8 6 3 6
bree 0 23 0 0
accuraci 2 5 2 14
strife 12 3 7 1
ty 1 22 0 0
snare 2 6 2 13
mi 0 22 1 0
twelv 11 6 4 2
arraign 7 7 3 6
sonic 1 12 6 4
atbat 0 23 0 0
realist 5 7 4 7
cattl 7 0 10 6
canyon 0 2 3 18
perfectli 4 13 2 4
division 0 22 1 0
pcube 0 0 0 23
brazen 17 1 1 4
takeoff 15 3 2 3
odyssey 2 0 7 14
wheaton 0 8 12 3
yemeni 23 0 0 0
withstand 2 8 6 7
217 0 18 3 2
amass 4 10 5 4
crise 14 1 6 2
ham 2 18 1 2
limp 3 13 6 1
citibank 14 0 8 1
prep 0 18 0 5
elud 9 12 0 2
cbsap 10 0 6 7
iv 0 1 2 20
156 1 12 7 3
triathlon 0 23 0 0
staley 1 22 0 0
color666666gtltbgtapltbgtltfontgt 0 0 0 23
jetlin 14 0 9 0
frontrunn 6 12 5 0
janet 5 7 5 6
accustom 1 12 5 5
demon 2 18 1 2
behaviour 4 9 3 7
courthous 5 11 4 3
cnnfn 0 0 23 0
1950 5 7 5 6
cian 1 22 0 0
thoroughbr 0 20 3 0
grossman 0 14 1 8
azerbaijan 1 22 0 0
marcelo 3 20 0 0
scarv 23 0 0 0
vastli 2 8 2 11
lofti 3 6 8 6
addi 21 0 0 2
ababa 21 0 0 2
ligu 0 23 0 0
basel 1 21 1 0
antidump 2 0 21 0
182 10 6 3 4
natwest 2 14 6 1
sticker 2 2 2 17
meddl 21 1 1 0
liberia 21 2 0 0
bastion 22 1 0 0
darlington 0 23 0 0
midoctob 2 3 1 17
dravid 2 21 0 0
elton 3 20 0 0
1981 1 4 12 6
italia 0 2 15 6
secondhighest 2 4 14 3
jeanclaud 2 0 21 0
battalion 22 1 0 0
staunch 11 2 3 7
recep 20 0 3 0
8217 0 0 0 23
betrust 0 0 0 23
fletcher 2 10 10 1
lopsid 4 17 2 0
mosley 0 23 0 0
merriamwebst 0 0 4 19
srchttpaddoubleclicknetadidgusifwgeneralsbcspotrssfeedsz1x1ord200301151450 0 0 2 21
vientian 21 0 2 0
damien 4 19 0 0
nedbank 0 23 0 0
hubi 0 23 0 0
t5 0 0 0 23
phonograph 0 0 0 23
hrefhttpwwwinvestorreuterscomfullquoteaspxtickermmcn 0 0 23 0
targetstocksquickinfofullquotegtmmcnltagt 0 0 23 0
calper 2 0 18 3
niigata 21 0 1 1
closeup 2 0 0 21
mccaw 0 3 1 19
rashard 0 23 0 0
geniu 2 10 2 8
bailey 6 12 3 1
brighter 4 6 9 3
character 5 2 7 8
broadcom 2 0 4 16
uneasi 10 2 4 6
presum 11 3 1 7
purs 0 9 7 6
outdat 3 0 3 16
choru 8 8 4 2
owl 0 4 0 18
afraid 8 5 6 3
wield 7 0 5 10
bacteria 1 0 4 17
acut 5 3 11 3
chemistri 4 3 1 14
tucson 1 14 1 6
contrari 5 6 2 9
forrest 0 0 4 18
williamson 0 15 7 0
bogey 0 22 0 0
ninegam 3 19 0 0
bitterli 11 1 3 7
deck 8 5 3 6
tremend 2 4 7 9
predawn 16 0 2 4
repriev 2 7 11 2
footstep 2 6 3 11
mode 4 3 2 13
dine 3 3 8 8
pepsi 1 7 14 0
paralyz 13 1 2 6
paycheck 4 2 14 2
emul 2 7 0 13
acid 1 0 1 20
advocaci 3 0 8 11
simm 0 22 0 0
164 3 15 4 0
uncl 11 5 3 3
oprah 10 1 3 8
stroll 1 11 2 8
colvin 10 5 5 2
shooter 1 6 0 15
prop 2 5 14 1
dancer 15 4 1 2
oldfashion 3 6 2 11
siberian 9 4 9 0
reimburs 1 1 15 5
undecid 10 4 3 5
beard 3 18 0 1
16year 1 4 15 2
paradis 7 8 0 7
goldmed 3 19 0 0
365 1 1 11 9
fortnight 4 12 4 2
frederick 14 3 0 5
beck 1 19 1 1
flatten 15 3 3 1
erickson 0 19 0 3
stimul 2 6 7 7
trot 1 18 0 3
roadblock 14 1 2 5
yank 2 12 4 4
nestl 2 0 12 8
meteorolog 15 0 0 7
475 2 2 18 0
poach 4 2 0 16
mmc 0 2 12 8
astronomi 0 0 0 22
scrape 4 11 4 3
wen 15 0 7 0
suck 1 5 5 11
popularli 22 0 0 0
info 0 0 2 20
klinsmann 0 22 0 0
baylor 0 22 0 0
warmup 1 21 0 0
deter 8 4 9 1
eastley 18 2 2 0
calf 0 22 0 0
instabl 17 0 4 1
martian 0 0 0 22
lenni 2 20 0 0
tumultu 5 4 5 8
brigad 17 3 0 2
xml 0 0 0 22
ps2 0 0 1 21
reshap 7 3 9 3
garag 3 5 6 8
fri 1 1 7 13
unfairli 4 1 8 9
wartim 22 0 0 0
till 3 1 7 11
wise 2 8 3 9
ion 4 0 4 14
emphasi 4 6 3 9
lotteri 3 8 8 3
fulltim 1 10 3 8
distort 5 0 13 4
enlist 10 4 3 5
emperor 20 1 0 1
entrench 4 4 3 11
omin 6 10 2 4
lopez 3 16 0 3
somebodi 2 13 0 7
100m 0 13 3 6
vna 19 0 1 2
startl 4 6 6 6
snub 8 4 6 4
charleston 7 14 1 0
robberi 7 4 3 8
besieg 18 2 0 2
30yearold 4 14 2 2
quantum 0 1 2 19
pradesh 15 0 1 6
sete 0 22 0 0
gibernau 0 22 0 0
resurrect 3 7 2 10
disgruntl 2 16 2 2
discard 5 8 1 8
somali 21 0 0 1
ark 10 4 7 1
renam 3 14 3 2
gigabit 0 0 1 21
jami 4 15 1 2
inappropri 7 4 9 2
cameroon 9 13 0 0
supremo 2 17 0 3
dilut 2 0 18 2
rsa 0 0 3 19
191 8 5 7 2
smoker 2 0 12 8
adsens 0 0 0 22
chilli 2 10 4 6
hrefhttpwwwinvestorreuterscomfullquoteaspxtickerkon 0 0 22 0
targetstocksquickinfofullquotegtkonltagt 0 0 22 0
colonel 21 0 0 1
802 0 0 1 21
smithfield 0 0 22 0
unlock 2 1 6 13
janeiro 12 6 4 0
famer 0 22 0 0
threeshot 0 22 0 0
diari 6 9 2 5
longlast 0 0 15 7
larsson 0 21 0 1
fiveday 11 1 5 5
winf 0 0 0 22
unpopular 16 0 2 4
rhythm 4 7 2 9
solidifi 8 9 0 5
nuclearcap 22 0 0 0
gaston 8 12 1 1
jackpot 3 7 4 8
us1 1 3 15 3
chore 1 1 2 18
scramjet 0 0 0 22
vinni 0 22 0 0
balkan 20 1 1 0
carr 0 17 3 2
henn 1 15 6 0
spar 9 5 7 1
scanner 0 0 4 18
reptil 0 0 0 22
christina 2 18 1 1
144000 2 0 20 0
6under 0 22 0 0
urib 18 4 0 0
standout 0 21 1 0
worcest 0 18 3 1
alessandro 0 22 0 0
directv 1 1 15 5
warrick 0 22 0 0
pregam 0 22 0 0
peg 3 6 12 1
alto 0 0 7 15
fourbal 3 19 0 0
skater 2 16 0 4
bro 1 0 2 19
wagner 1 21 0 0
didier 1 21 0 0
batsmen 0 22 0 0
bye 0 22 0 0
coruna 0 22 0 0
processorbas 0 0 1 21
webber 3 19 0 0
spadea 0 22 0 0
hosni 22 0 0 0
siro 0 22 0 0
homemak 2 0 20 0
dover 1 20 0 1
yusuf 21 0 0 1
fork 1 3 7 11
950 1 0 18 3
fdi 0 0 21 1
netegr 0 0 11 11
solana 22 0 0 0
anglican 22 0 0 0
leiter 1 21 0 0
plummer 0 22 0 0
tallest 15 4 1 2
mutin 21 0 0 1
westfield 2 3 17 0
hyatt 0 1 21 0
wilkin 0 2 0 20
statehood 22 0 0 0
regent 0 1 3 18
bextra 0 0 22 0
536 0 0 17 5
henan 21 0 0 1
diouf 1 21 0 0
jol 0 22 0 0
kanpur 0 22 0 0
swainson 0 0 14 8
purnomo 0 0 21 0
yusgiantoro 0 0 21 0
classroom 8 1 2 10
rethink 5 4 3 9
turtl 2 0 0 19
fax 1 3 6 11
sunshin 2 12 3 4
tester 0 3 0 18
widow 17 1 2 1
apollo 0 2 5 14
angl 1 7 1 12
windowsbas 0 0 1 20
multifunct 0 1 0 20
tweak 0 4 3 14
packet 2 1 2 16
judo 0 21 0 0
chipper 0 20 0 1
interf 9 6 4 2
climax 6 8 3 4
dalai 21 0 0 0
incarn 4 2 0 15
decidedli 3 7 6 5
croatian 5 16 0 0
rope 5 11 2 3
searcher 7 0 0 14
amus 1 4 10 6
ogden 0 18 2 1
spinal 2 3 6 10
exodu 9 6 2 4
1984 6 10 1 4
muchneed 6 5 6 4
pretend 2 7 1 11
burk 1 17 0 3
stubbornli 2 0 17 2
hardest 4 8 5 4
camden 0 8 13 0
treason 21 0 0 0
jc 0 1 20 0
penney 0 0 21 0
renegad 16 2 0 3
intc 0 0 6 15
durban 9 12 0 0
toma 2 19 0 0
flop 4 10 5 2
grasp 7 6 2 6
horrif 15 4 1 1
homegrown 8 2 3 8
anterior 1 20 0 0
lamar 1 20 0 0
evad 12 4 2 3
disagr 10 5 3 3
moktada 21 0 0 0
trumpet 3 1 6 11
conjunct 0 1 2 18
overs 6 1 3 11
dhabi 13 1 7 0
21year 14 1 6 0
interrog 17 1 2 1
nadia 2 19 0 0
protract 10 4 6 1
epson 0 1 1 19
messier 0 1 19 1
lisbon 5 10 1 5
cop 6 4 1 10
savag 5 13 1 2
gonzalez 0 21 0 0
atari 0 0 2 19
peacemak 20 1 0 0
criteria 7 2 4 8
ghana 18 0 0 3
trichet 2 0 19 0
sixnat 20 1 0 0
enrol 2 3 7 9
pinch 3 13 5 0
305 1 5 14 1
midatlant 1 1 15 4
eightyear 6 9 3 3
buffett 0 0 20 1
albani 1 4 12 4
patriarch 17 3 0 1
198 2 14 4 1
geolog 2 0 0 19
nepali 21 0 0 0
rato 1 0 20 0
invok 12 1 3 5
marque 0 13 6 2
inzamamulhaq 2 19 0 0
shoaib 1 20 0 0
anxious 6 6 5 4
hing 7 6 2 6
edinburgh 5 9 2 5
hamish 6 11 3 1
mustafa 17 4 0 0
evok 9 4 3 5
chew 2 3 15 1
kitchen 7 0 6 8
exot 3 3 3 12
francoi 12 6 3 0
39neill 0 19 2 0
allamerican 1 18 2 0
hurtl 1 4 1 15
bigtim 0 13 2 6
shortliv 6 4 8 3
neglig 19 0 1 1
racer 1 15 0 5
ibrox 1 20 0 0
que 7 8 0 6
polio 20 0 0 1
certainti 1 10 7 3
mcleish 0 21 0 0
gibson 10 8 2 1
agi 6 0 14 1
dens 12 1 1 7
putnam 0 2 18 1
constantli 2 4 4 11
pesticid 3 0 3 15
len 2 5 5 9
8212 20 0 0 1
doj 0 0 9 12
harass 7 4 6 4
sneaker 6 1 9 5
jubil 7 12 0 2
xavier 2 19 0 0
anew 8 1 5 7
andrei 4 17 0 0
highrank 14 3 3 1
hasselbeck 0 21 0 0
crudeoil 0 0 20 1
moy 0 21 0 0
raikkonen 1 20 0 0
motherboard 0 0 0 21
hadn 1 14 2 4
1400 5 2 10 4
forfeit 3 13 5 0
azeri 0 21 0 0
warmer 3 0 10 8
jo 11 7 3 0
decadelong 9 3 5 4
incompet 11 5 4 1
cater 3 1 7 10
benign 3 6 3 9
angelo 0 20 1 0
depos 15 3 2 1
solomon 0 20 0 1
wasserstein 1 0 20 0
infonet 0 0 17 4
terrapin 0 20 0 1
lula 18 0 3 0
acer 1 0 2 18
weakest 0 3 18 0
biomed 0 0 18 3
afar 18 0 0 3
nader 18 0 0 3
280 2 3 15 1
berkshir 8 0 12 1
concord 7 10 2 2
alsoran 0 16 2 3
zee 2 19 0 0
spice 7 5 4 5
adolph 0 0 21 0
nt 0 0 2 19
122 3 10 4 4
sarkozi 12 0 9 0
firstyear 1 17 0 3
genentech 0 0 20 1
palo 0 0 6 15
unlaw 11 3 4 3
madra 3 18 0 0
luiz 18 0 3 0
cultiv 14 0 2 5
fastestgrow 6 0 9 6
crimson 1 19 0 1
alberto 16 5 0 0
sternum 0 21 0 0
macedonia 19 1 0 1
suborbit 0 0 0 21
sparta 0 21 0 0
jebaliya 21 0 0 0
landmin 21 0 0 0
hyderabad 4 0 13 4
secunia 0 0 0 21
bambino 0 20 1 0
elan 0 0 21 0
newsom 1 0 3 17
fungu 0 0 16 5
valderrama 0 21 0 0
advanta 0 21 0 0
turnpik 0 0 21 0
madden 0 1 4 15
nest 1 0 0 19
alvin 0 18 0 2
vent 8 5 0 7
ecosystem 1 0 0 19
scarc 5 2 6 7
static 0 0 1 19
overst 2 1 11 6
jessica 3 9 1 7
30th 5 6 6 3
nake 6 7 0 7
clever 2 2 2 14
volcan 3 2 0 15
uc 0 2 2 16
abid 8 3 4 5
wong 2 1 4 13
257 0 15 4 1
leonard 1 15 1 3
rfk 1 19 0 0
buffet 7 5 5 3
nanotechnolog 0 0 2 18
heed 14 4 1 1
koski 1 19 0 0
contributor 4 7 2 7
dialysi 2 0 18 0
header 0 18 0 2
fourweek 1 1 15 3
friendship 12 6 1 1
2011 2 12 5 1
brendan 1 15 2 2
mclean 2 4 5 9
darwin 2 1 1 16
con 1 2 3 14
kernel 0 0 2 18
cassinihuygen 0 0 0 20
fifthlargest 2 0 17 1
tack 4 6 3 7
winfrey 10 2 2 6
self 5 11 2 2
algorithm 1 0 0 19
rippl 2 5 8 5
inhabit 4 2 2 12
disqualifi 3 16 1 0
400000 3 2 9 6
insert 1 4 5 10
irvin 0 9 3 8
yell 4 12 0 4
classmat 9 1 5 5
lavrov 18 0 1 1
symptom 9 2 1 8
flourish 3 6 2 9
nielsen 2 1 12 5
refrain 10 4 6 0
gail 7 11 2 0
sheer 8 7 1 4
mute 4 3 9 4
trudg 8 8 1 3
framingham 0 11 6 3
obvious 2 11 2 5
swipe 2 7 5 6
nixon 7 11 2 0
thornton 1 10 8 1
drc 19 0 0 1
willing 10 6 3 1
junip 0 0 6 14
wobbl 5 7 4 4
muster 5 6 5 4
chalk 3 8 3 6
ching 0 20 0 0
fetch 3 1 6 10
roadway 10 0 10 0
bowa 0 20 0 0
190 2 15 1 2
val 0 20 0 0
alejandro 12 8 0 0
skyhigh 1 0 17 2
plume 16 0 0 4
kroger 0 1 18 1
burger 2 7 4 7
beneficiari 5 3 6 6
peshawar 20 0 0 0
simmon 0 15 2 3
basement 6 2 6 6
infant 10 3 2 5
uruguay 14 5 0 1
maddux 0 20 0 0
shimon 20 0 0 0
gloom 2 11 5 2
restitut 0 0 16 4
spearhead 7 5 4 4
woodgat 0 20 0 0
propaganda 16 0 1 3
h5n1 17 0 0 3
leapt 3 7 10 0
espn2 0 20 0 0
parttim 3 9 4 4
archbishop 16 4 0 0
prehistor 1 0 0 19
unsur 5 12 0 3
handler 4 2 9 5
anna 6 10 2 2
airfar 0 0 16 4
malwar 0 0 1 19
bulgarian 8 4 1 7
centrifug 18 0 2 0
17year 13 3 0 4
everyday 4 1 2 13
sevengam 2 18 0 0
rigg 3 2 15 0
smoltz 1 19 0 0
alou 2 18 0 0
winnipeg 9 7 4 0
taeyoung 3 17 0 0
gandhi 18 0 1 1
unsuccess 2 7 9 2
woke 5 9 3 3
patti 2 16 2 0
edvard 17 0 0 3
fiber 0 1 4 15
throng 11 7 1 1
shouldn 3 3 7 7
guerrouj 1 19 0 0
mortal 7 3 2 8
vernon 1 17 0 2
waterhous 0 17 3 0
wrongli 5 1 10 4
damp 4 1 14 1
cushion 2 6 11 1
enewslett 0 0 17 3
weep 18 1 1 0
rear 3 3 8 6
moldova 2 17 0 1
caretak 5 14 0 1
goaltend 0 20 0 0
aris 5 4 7 4
cruz 2 18 0 0
215 1 11 2 6
norm 8 2 5 5
specter 12 1 3 4
mont 2 9 8 1
wolv 2 9 2 7
lukashenko 18 0 2 0
127 2 7 11 0
sisler 1 19 0 0
creep 6 5 4 5
buckl 4 2 8 6
oilfield 3 0 16 1
vista 1 8 1 10
perceiv 5 3 5 7
simpson 2 4 2 12
transcript 2 3 11 4
crocodil 14 0 0 6
tn 0 15 3 2
ahold 1 0 19 0
xserv 0 0 0 20
censu 6 0 10 4
canuck 0 19 1 0
aborigin 17 0 0 3
onetwo 5 12 0 3
steami 1 17 1 1
guwahati 20 0 0 0
surgic 1 7 9 3
prescrib 4 1 8 7
harrow 9 5 0 6
howel 0 20 0 0
anheuserbusch 3 2 15 0
kimi 1 18 1 0
veil 8 0 2 10
lateseason 0 20 0 0
vy 4 9 0 7
235 0 14 4 2
countdown 2 5 0 13
amar 2 15 2 1
poulter 0 20 0 0
shah 20 0 0 0
goalless 0 20 0 0
newmont 7 0 12 1
lt 15 0 3 2
buffer 4 1 6 9
macedonian 20 0 0 0
511 0 19 0 1
decadesold 13 1 4 2
ute 0 20 0 0
fixtur 1 11 4 4
rosi 4 6 6 4
convey 10 6 2 2
nou 0 20 0 0
nonconfer 0 20 0 0
181 0 4 15 1
sanford 0 11 0 9
adriano 0 20 0 0
pavel 0 20 0 0
aka 0 4 1 15
imbal 3 0 16 1
seminol 0 19 0 1
burnett 0 9 9 2
intermitt 2 0 1 17
edgerrin 0 20 0 0
jabalya 20 0 0 0
filetrad 1 0 0 19
newsday 0 3 13 4
ultrasparc 0 0 0 20
audiotap 20 0 0 0
drogba 0 20 0 0
recaptur 13 2 2 3
floodwat 19 1 0 0
unconfirm 16 1 2 1
nemesi 2 10 1 7
quotan 8 3 2 7
sylvania 0 20 0 0
tressel 0 20 0 0
camacho 0 20 0 0
kluivert 0 20 0 0
infertil 6 0 0 14
holyfield 0 20 0 0
youzhni 0 20 0 0
sebastian 4 16 0 0
clough 2 17 1 0
quotbest 2 2 16 0
oecd 1 0 19 0
nordic 10 2 7 1
rekindl 0 2 12 6
url 0 0 0 20
baikonur 4 0 0 16
villanova 0 20 0 0
stanst 20 0 0 0
ingram 5 2 13 0
gaz 0 20 0 0
luka 4 15 0 1
nicotin 0 0 4 16
ecb 0 5 15 0
pippen 1 19 0 0
mandalay 1 16 3 0
a350 0 0 20 0
twotest 1 19 0 0
ltmeta 0 0 20 0
middecemb 1 0 18 1
mele 1 18 0 1
g20 2 0 18 0
bpd 0 0 19 0
trevor 3 11 5 0
sidewalk 8 2 4 5
facto 5 2 2 10
lowpric 0 0 1 18
pensacola 14 0 1 4
poet 14 0 1 4
color666666gtltbgtlesli 0 0 1 18
walkerltbgtltfontgt 0 0 1 18
historian 10 0 1 8
scrimmag 0 18 0 1
alamo 2 2 0 15
stuf 9 3 5 2
yuri 7 3 2 7
pest 2 1 5 11
schoolchildren 14 3 0 2
punta 14 0 4 1
gorda 14 0 4 1
slept 16 0 0 3
ai 0 14 1 4
yorker 6 6 6 1
launder 4 3 11 1
spitz 7 12 0 0
curiou 1 7 2 9
kayak 0 13 4 2
malaria 9 0 1 9
anthrax 8 0 0 11
buzzer 0 18 0 1
wmtn 0 0 19 0
knot 4 9 5 1
whistleblow 11 0 6 2
privileg 6 5 2 6
macworld 0 0 2 17
distress 9 1 6 3
lans 1 10 2 6
regina 8 3 1 7
secondyear 0 19 0 0
brunei 18 0 1 0
alga 0 0 0 19
carpet 7 5 1 6
gigabyt 0 0 1 18
trilog 5 6 2 6
pleasant 4 9 0 6
fiorina 0 0 6 13
shipper 1 0 17 1
downturn 1 0 15 3
threshold 2 4 10 3
blagojevich 1 0 2 16
syndrom 7 1 6 5
nablu 19 0 0 0
morgu 17 2 0 0
derrick 0 18 0 1
sardinia 12 7 0 0
abund 1 5 1 12
wheat 5 2 10 2
searchengin 0 0 4 15
dominion 3 1 14 1
228 2 2 9 6
14000 4 1 6 8
backlash 12 3 3 1
uncondit 9 4 3 3
reconcili 15 1 2 1
nearer 6 2 4 7
kate 4 10 1 4
megapixel 0 0 1 18
pessimist 4 4 8 3
scholarship 1 10 0 8
mend 14 0 2 3
valuat 0 2 15 2
danforth 19 0 0 0
virtu 4 4 3 8
39hare 0 0 19 0
piper 0 1 14 4
congressman 13 1 2 3
shouldnt 3 3 3 10
mongolia 13 0 0 6
nevil 0 11 8 0
parallel 6 1 4 8
burlington 0 13 4 2
weird 3 5 0 11
winemak 1 0 17 1
finn 1 14 4 0
inn 4 1 4 10
compos 8 3 2 6
supervis 9 0 8 2
upsid 0 6 8 5
bred 2 2 1 14
unprofit 0 0 18 1
gambro 0 0 19 0
mann 12 1 5 1
suppress 13 1 2 3
17month 0 1 13 5
theunit 10 0 6 3
durham 1 12 0 6
purveyor 0 0 4 15
parma 1 17 1 0
dunk 0 19 0 0
der 1 9 6 3
thecompani 0 0 11 8
unab 5 2 11 1
sift 10 0 3 6
leukemia 13 2 3 1
dad 1 11 2 5
kewel 0 18 1 0
cleaner 4 0 12 3
webb 0 13 1 5
clamp 3 3 8 5
11000 2 1 7 9
villarr 0 19 0 0
crisp 3 5 2 9
gerard 7 10 2 0
mahmud 19 0 0 0
squander 3 15 0 1
butt 3 12 3 1
ipass 0 0 1 18
anguish 14 5 0 0
fatigu 1 14 1 3
eaten 5 0 5 9
messina 0 19 0 0
alta 7 10 1 1
tori 13 2 2 2
souvenir 1 11 1 6
hatch 6 3 1 9
westbrook 0 19 0 0
reload 0 3 1 15
recip 2 3 3 11
hitech 3 0 2 14
stereo 2 0 3 14
magnat 1 4 9 5
intco 0 0 8 11
holmgren 0 19 0 0
alexei 2 12 5 0
jelena 0 19 0 0
breakdown 3 11 2 3
tornado 12 2 1 4
kazmir 3 16 0 0
intercontinent 4 3 11 1
weir 0 14 1 4
guardsmen 19 0 0 0
bashar 19 0 0 0
oneweek 2 1 16 0
inclta 0 0 16 3
memorabilia 2 7 1 9
joanna 0 7 7 5
se 2 5 1 11
jurisdict 1 4 8 6
machineri 6 0 12 1
multimillionair 3 7 7 2
yemen 19 0 0 0
goss 19 0 0 0
compress 0 0 2 17
db2 0 0 0 19
fiverun 1 18 0 0
badger 0 17 0 2
5underpar 0 19 0 0
5under 0 19 0 0
scath 7 3 7 2
128 4 6 5 4
rubberstamp 4 2 13 0
ideolog 15 0 1 3
merced 3 5 9 2
harrah 0 0 19 0
stade 0 19 0 0
39connor 0 19 0 0
diaz 2 16 1 0
1710 0 18 1 0
delug 5 3 1 10
armitag 19 0 0 0
ventura 0 6 0 13
germain 0 19 0 0
inexpens 0 2 3 14
suntim 1 1 15 2
111 3 14 1 1
bentley 1 17 1 0
vizquel 0 19 0 0
viabl 3 0 2 14
tow 11 2 1 5
padalka 1 0 0 18
sixteen 5 10 0 4
shrank 0 0 19 0
petrocanada 0 0 19 0
ladder 8 6 1 4
000 3 8 4 4
larkin 0 19 0 0
natwar 18 0 1 0
hrefhttpwwwinvestorreuterscomfullquoteaspxtickerpfen 0 0 19 0
targetstocksquickinfofullquotegtpfenltagt 0 0 19 0
absent 8 8 3 0
destini 3 10 4 2
lid 3 2 7 7
lafayett 0 15 1 3
undercov 10 2 0 7
elliott 3 15 1 0
corn 1 0 12 6
formid 4 7 5 3
linz 0 17 0 2
schwartz 0 0 1 18
karol 2 17 0 0
unisi 0 0 3 16
illicit 8 0 2 9
jitter 2 3 14 0
tongu 4 8 4 3
quotmak 0 0 1 18
radioshack 0 0 18 1
sultan 19 0 0 0
colder 1 0 17 1
169 5 5 9 0
exanta 2 0 17 0
wwf 0 0 0 19
bancorp 0 0 18 1
allrussian 1 18 0 0
foodland 0 0 19 0
fia 0 18 1 0
dragon 2 5 1 11
ame 1 9 1 8
orchard 1 17 1 0
rusedski 1 18 0 0
butch 0 19 0 0
bnei 0 19 0 0
wismilak 0 19 0 0
donetsk 1 18 0 0
a9 1 0 1 17
allegi 17 1 0 1
hoon 19 0 0 0
evand 0 19 0 0
inacio 17 0 2 0
trusecur 0 0 0 19
wgcamerican 0 19 0 0
perciv 0 19 0 0
239 0 9 6 4
azzam 19 0 0 0
hrefhttpaddoubleclicknetclk92289759651165ahttpwwwinfoworldcomspotlightssbcmainhtmllpid0103035400730000idlpgtsbc 0 0 1 18
barrelltagtltbrgtwhat 0 0 1 18
getgo 0 0 1 18
moreltpgt 0 0 1 18
gucci 0 0 19 0
thomastown 3 16 0 0
textbook 1 1 0 17
socceroo 0 19 0 0
clorox 0 0 19 0
maui 0 17 0 2
biogen 0 0 19 0
bono 3 0 0 16
harrigan 4 0 15 0
765 0 1 0 18
tszyu 1 18 0 0
shwe 19 0 0 0
vh 0 1 0 18
zay 19 0 0 0
karmazin 0 0 15 4
traian 19 0 0 0
basescu 19 0 0 0
1bn 1 0 16 1
pavilion 1 8 1 8
mow 0 0 2 16
dot 2 4 2 10
reagan 6 0 9 3
immort 4 12 1 1
chandra 1 1 2 14
potato 4 2 5 7
freescal 0 0 6 12
indepth 2 1 7 8
budapest 10 8 0 0
gambler 5 5 7 1
scotia 8 1 2 7
snake 9 1 0 8
booth 3 5 4 6
threeway 2 9 6 1
earl 2 15 0 1
nicol 3 12 3 0
monk 11 2 3 2
ounc 1 2 11 4
serbiamontenegro 4 11 0 3
flotat 1 0 13 4
tipoff 9 7 0 2
costum 6 5 1 6
spec 3 1 1 13
jess 5 12 0 1
clung 4 5 8 1
quotdo 7 6 2 3
tussl 4 8 4 2
rashid 18 0 0 0
fixedincom 0 0 18 0
outperform 1 1 15 1
trickl 5 3 5 5
springbok 0 18 0 0
kiwi 0 16 1 1
pandem 12 0 1 5
softer 3 1 12 2
houstonbas 0 0 18 0
ahman 1 17 0 0
spider 2 0 0 16
wilder 7 3 0 8
bind 6 1 2 9
pan 6 5 2 5
zoom 0 0 1 17
maraud 7 2 0 9
pier 2 1 15 0
lifecycl 0 0 1 17
crimp 0 0 15 3
er 1 6 4 7
caucasu 17 0 0 1
dever 8 10 0 0
forens 9 0 3 6
heroic 4 13 0 1
coron 14 4 0 0
viciou 11 4 1 2
vaunt 0 8 4 6
precaut 4 1 5 8
unsettl 4 7 4 3
fab 1 3 1 13
tinker 1 2 4 11
alfr 8 4 2 4
unpatch 0 0 0 18
gobbl 1 3 3 11
rejuven 3 10 3 2
sake 8 5 1 4
theu 4 0 7 7
ronaldinho 0 18 0 0
hrefhttpwwwinvestorreuterscomfullquoteaspxtickergdtn 0 0 18 0
targetstocksquickinfofullquotegtgdtnltagt 0 0 18 0
bate 1 17 0 0
janjawe 18 0 0 0
highresolut 2 0 0 16
drugstor 0 0 17 1
15day 0 18 0 0
132 1 9 6 2
whampoa 0 0 18 0
mutualfund 0 0 18 0
peirsol 1 17 0 0
pere 18 0 0 0
liu 3 13 1 1
authoritarian 17 0 0 1
breakup 2 1 8 7
mn 0 17 1 0
quotyou 0 13 2 3
thriller 1 16 0 1
stagnat 4 1 12 1
tribe 5 2 5 6
131 1 8 9 0
piero 1 17 0 0
infrar 0 0 0 18
boldli 1 1 2 14
ljubic 1 17 0 0
alumni 2 13 1 2
theyd 3 7 4 4
smuggler 17 0 0 1
modif 0 2 3 13
cfl 0 18 0 0
argonaut 1 16 0 1
sociedad 0 18 0 0
lithuanian 10 4 3 1
sped 7 7 3 1
sara 0 8 8 2
cesar 5 10 1 2
khurshid 13 0 5 0
kasuri 13 0 5 0
taxi 10 3 1 4
onsunday 11 2 2 3
ko 4 4 7 3
alarabiya 18 0 0 0
lectur 3 1 5 9
zhang 10 5 1 2
brick 4 4 5 5
erron 0 4 3 11
realis 4 7 2 5
airborn 4 3 3 8
anbar 17 1 0 0
outpitch 2 16 0 0
finetun 2 5 1 10
handov 16 1 0 1
squash 5 9 1 3
a1 4 1 13 0
530 6 4 5 3
enclav 16 0 2 0
heroin 10 5 2 1
yearli 3 1 12 2
campus 1 1 3 13
kezman 0 18 0 0
tedford 0 18 0 0
robbin 0 18 0 0
109 1 9 5 3
reciproc 3 1 1 13
luggag 10 6 2 0
warin 7 10 0 1
2nd 6 7 3 2
400m 1 10 5 2
295 1 1 16 0
decisionmak 4 3 4 7
mitsui 1 2 15 0
boyfriend 8 8 1 1
202 12 5 1 0
cholesterol 0 0 6 12
kuchma 18 0 0 0
124 2 8 6 2
clutter 1 4 3 10
backyard 2 2 2 12
goalscor 0 18 0 0
discourag 3 2 4 9
705 0 17 0 1
quicker 0 6 4 8
dioxin 14 0 0 4
plaintiff 0 0 9 9
118 5 6 6 1
excerpt 5 2 1 10
feast 1 6 6 5
fibr 0 0 0 18
valentin 4 14 0 0
remak 7 3 2 6
forese 0 3 5 10
mba 1 1 8 8
juggernaut 0 4 4 10
venetica 0 0 0 18
bankrol 13 0 4 1
avalanch 2 12 0 4
facetofac 13 1 1 3
airtran 0 0 18 0
boardroom 0 3 14 1
grous 0 0 3 15
scar 8 9 0 1
fraudster 0 0 1 17
reassess 4 3 8 3
recordequal 2 16 0 0
mack 0 18 0 0
botch 8 5 1 4
covert 15 0 0 3
knoxvil 0 17 1 0
745 0 3 4 11
falsifi 0 0 4 14
bruno 0 17 1 0
candidaci 13 3 2 0
conciliatori 15 0 2 1
wellpoint 0 0 18 0
mb 0 0 0 18
mandelson 3 0 15 0
lowli 1 11 1 5
giddi 1 13 2 2
mistaken 11 4 3 0
barnier 18 0 0 0
richi 0 18 0 0
presidentelect 14 1 2 1
sharpen 3 0 11 4
toth 8 1 2 7
bledso 0 18 0 0
penc 1 2 14 1
hokkaido 17 1 0 0
clayton 1 12 2 3
dariu 0 18 0 0
mismatch 0 16 2 0
insecur 13 1 1 3
onesid 2 16 0 0
fallon 1 17 0 0
emmitt 0 18 0 0
profound 6 1 3 8
trough 3 0 14 1
harden 5 5 6 2
sin 12 2 2 2
stalk 8 3 0 7
goran 0 18 0 0
debacl 3 7 6 2
jerez 0 18 0 0
hrefhttpwwwreuterscoukfinancequotelookupjhtmltickeribmn 0 0 0 18
qcatnewsgtibmnltagt 0 0 0 18
yawn 1 4 10 3
kandahar 18 0 0 0
mayorga 0 18 0 0
russianu 2 0 0 16
ambul 15 2 0 1
boilermak 0 18 0 0
martyn 1 16 0 1
mirag 2 4 12 0
panhandl 14 1 1 2
maradona 1 17 0 0
precari 9 5 0 4
mushroom 11 0 2 5
harddisk 0 0 0 18
invesco 0 1 17 0
maci 0 0 17 1
trooper 7 9 0 2
mordechai 16 0 0 2
yearonyear 0 0 16 2
fasttrack 9 1 3 5
rix 1 17 0 0
fiercest 7 8 3 0
oneil 0 18 0 0
sehwag 1 17 0 0
az 0 18 0 0
hurricanerel 0 0 18 0
tiki 1 17 0 0
axim 0 0 0 18
10thrank 0 18 0 0
ultra 2 0 0 16
crosslicens 0 0 2 16
350000 1 0 16 1
twoyearold 12 0 3 3
ascent 1 1 4 12
cartridg 0 0 4 14
craven 0 18 0 0
baltic 12 0 5 1
fivepoint 4 14 0 0
gritti 1 13 1 3
jiabao 12 0 6 0
200506 0 18 0 0
shortcom 3 5 3 7
farina 0 18 0 0
vfb 0 18 0 0
nagaland 18 0 0 0
rashad 1 17 0 0
cnbc 0 0 17 1
henkel 0 0 18 0
bouak 18 0 0 0
96000 0 0 18 0
2410 0 17 0 1
cann 0 0 0 18
switkowski 1 0 17 0
muniswami 18 0 0 0
clearwir 0 0 0 18
flore 0 1 0 17
bcn 0 1 1 16
indemnif 0 0 1 17
cropp 0 18 0 0
mccant 0 18 0 0
adt 0 18 0 0
sevenspac 0 0 0 18
scorch 4 10 2 1
sidestep 6 1 5 5
henderson 0 4 1 12
twoman 1 3 0 13
2015 5 0 2 10
fisheri 4 0 0 13
vertic 0 1 1 15
ntp 0 0 10 7
forgot 0 11 1 5
accumul 3 3 5 6
thread 2 3 1 11
rogu 2 1 4 10
sanctuari 7 1 1 8
cathedr 9 2 0 6
cosmodrom 2 0 0 15
amanda 0 6 0 11
90nanomet 0 0 0 17
techi 0 0 3 14
38t 0 0 0 17
intuit 1 1 2 13
kohler 0 5 1 11
mare 0 17 0 0
bustl 8 2 4 3
mahdi 17 0 0 0
lori 10 6 0 1
walsh 1 13 1 2
chapel 4 12 0 1
countless 1 6 5 5
275 2 5 9 1
goodal 5 0 9 3
intelsat 0 0 11 6
preacher 16 0 0 1
defenseman 1 16 0 0
lufthansa 11 0 3 3
antiamerican 12 4 0 1
hrefhttpwwwinvestorreuterscomfullquoteaspxtickerntto 0 0 17 0
targetstocksquickinfofullquotegtnttoltagt 0 0 17 0
vagu 6 0 4 7
cake 4 3 7 3
aing 0 17 0 0
brockton 0 17 0 0
slowerthanexpect 0 0 17 0
crosscountri 0 10 1 6
kde 0 0 0 17
tibetan 15 0 0 2
wallabi 0 17 0 0
slovenia 5 12 0 0
ashburn 0 13 0 4
flamboy 3 9 2 3
disbelief 9 6 0 2
versatil 2 7 0 8
layup 2 15 0 0
eyebrow 4 5 3 5
threeyearold 4 0 5 8
vie 3 5 2 7
salut 7 7 1 2
waiver 1 16 0 0
finalround 0 17 0 0
pic 1 7 0 9
soak 1 6 3 7
wacki 4 10 2 1
mansion 7 2 4 4
whop 1 4 5 7
remedi 4 1 5 7
tiffani 0 5 12 0
pot 3 5 2 7
jeanmari 1 0 16 0
pascal 4 0 11 2
lami 3 0 14 0
varsiti 0 15 0 2
toughen 7 5 2 3
oral 2 5 6 4
hoy 0 6 11 0
censur 10 1 6 0
succumb 2 6 8 1
daln 0 0 17 0
condoleezza 16 0 0 1
pupil 14 1 0 2
incompat 2 0 1 14
slowest 1 4 12 0
shannon 2 10 4 1
hanov 5 8 4 0
logan 1 10 5 1
macau 6 1 8 2
bigmoney 1 8 8 0
invalid 11 2 1 3
daiei 4 0 13 0
analys 2 2 1 12
18000 2 0 3 12
rapper 5 3 6 3
algerian 16 0 1 0
midmarket 0 0 0 17
netsuit 0 0 1 16
swagger 1 14 2 0
overrun 4 2 5 6
blanket 6 0 1 10
salesforcecom 0 0 2 15
resurfac 3 5 3 6
lob 9 7 0 1
coloss 5 6 3 3
rainer 2 10 3 2
raindelay 0 17 0 0
39ta 3 11 2 1
plow 12 1 2 2
silverman 0 0 1 16
kirkland 0 12 2 3
rescind 5 5 5 2
baromet 3 2 11 1
cyberon 0 0 17 0
9th 0 7 2 8
alcatel 1 0 8 8
isv 0 0 1 16
hapless 3 7 2 5
coke 0 1 14 2
hrefhttpwwwinvestorreuterscomfullquoteaspxtickerenrnqpk 0 0 17 0
targetstocksquickinfofullquotegtenrnqpkltagt 0 0 17 0
nicaragua 10 0 0 7
hrefhttpwwwinvestorreuterscomfullquoteaspxtickergmn 0 0 17 0
deng 15 2 0 0
andov 0 17 0 0
vt 0 14 1 2
banda 17 0 0 0
yacht 4 9 3 1
thirteen 6 6 1 4
maritim 14 1 2 0
ismail 15 2 0 0
islamonlinenet 17 0 0 0
mafia 13 1 1 2
marti 0 16 1 0
quotfor 3 7 1 6
upright 0 2 2 13
zaragoza 0 17 0 0
wana 17 0 0 0
pulsat 0 15 1 1
ch 0 14 1 2
bulldoz 13 3 0 1
mickey 0 8 5 4
pigeon 4 1 0 12
tyre 6 11 0 0
triniti 1 6 0 10
carniv 6 4 7 0
pire 1 16 0 0
iamgold 0 0 17 0
scandalhit 4 0 13 0
gaze 5 5 2 5
stitch 0 9 2 6
sunris 7 1 3 6
bahrain 14 0 2 1
ruptur 2 12 1 2
isl 1 6 1 9
nut 3 2 7 5
blend 1 4 5 7
quotr 2 4 10 1
fluctuat 8 0 7 2
mateja 0 17 0 0
springboard 2 13 0 2
relish 1 15 0 1
mcteer 0 0 17 0
hrefhttpwwwreuterscoukfinancequotelookupjhtmltickerintco 0 0 0 17
qcatnewsgtintcoltagt 0 0 0 17
harper 7 8 2 0
hid 4 2 11 0
glut 0 2 9 6
rulon 2 15 0 0
untouch 6 4 7 0
shalom 17 0 0 0
impli 4 2 5 6
broadbas 0 0 15 2
thinner 1 0 4 12
bias 7 1 5 4
philipp 3 8 5 1
overfish 2 0 0 15
carcass 7 1 0 9
umbrella 5 3 3 6
j2ee 0 0 0 17
edonkey 0 0 0 17
juliet 2 15 0 0
petrova 0 17 0 0
bethesda 3 1 7 6
edmond 0 17 0 0
ia 0 15 2 0
densiti 0 1 1 15
sevenrun 3 14 0 0
charismat 8 7 1 1
40th 5 8 0 4
tpc 0 16 1 0
farmland 2 1 9 5
33yearold 1 16 0 0
runway 9 3 2 3
domenech 0 17 0 0
cohen 0 3 7 7
usiraqi 17 0 0 0
10m 4 3 0 10
nathali 0 17 0 0
dechi 0 17 0 0
countrywid 10 0 5 2
lavar 0 17 0 0
decadeslong 10 1 2 4
planemak 0 0 13 4
albertson 0 0 17 0
offlin 0 0 1 16
gum 1 2 14 0
401k 0 0 16 1
englishman 0 17 0 0
vanderlei 0 17 0 0
induct 3 13 1 0
alfonso 7 9 1 0
systemat 11 1 3 2
berkman 2 15 0 0
pal 2 4 5 6
misdemeanor 1 11 2 3
rusti 1 13 0 3
3641 2 0 4 11
brock 1 16 0 0
kieren 1 16 0 0
beatl 3 1 1 12
260 8 7 2 0
gennadi 1 0 0 16
fiveweek 0 1 15 1
thirdseed 1 16 0 0
4under 0 17 0 0
gnome 0 0 0 17
113 5 9 3 0
atlantabas 0 0 14 3
badawi 15 0 1 1
recordti 0 17 0 0
einstein 1 0 0 16
sherman 1 10 1 5
youni 17 0 0 0
mayfield 0 15 0 2
ivorian 17 0 0 0
herniat 2 15 0 0
midshipmen 0 17 0 0
enterpriseclass 0 0 1 16
duce 0 17 0 0
vanunu 17 0 0 0
defo 4 13 0 0
199 1 3 7 6
ubisoft 0 0 0 17
livelihood 1 0 2 14
bleed 3 7 4 3
afflict 5 5 1 6
flick 1 1 4 11
virend 1 16 0 0
3117 0 17 0 0
ripe 4 1 7 5
folder 0 1 2 14
humor 3 4 4 6
184 3 7 7 0
sakhnin 0 17 0 0
loudon 0 16 0 1
comedi 12 3 1 1
rashe 0 17 0 0
hoax 6 4 0 7
stepp 1 0 0 16
aig 0 0 17 0
hrefhttpwwwinvestorreuterscomfullquoteaspxtickerfnmn 0 0 17 0
targetstocksquickinfofullquotegtfnmnltagt 0 0 17 0
kbr 3 0 14 0
rmc 1 0 16 0
ogo 0 0 3 14
ranieri 0 17 0 0
seismic 2 0 0 15
abuzz 3 0 3 11
chelsfield 2 0 15 0
muslimmajor 17 0 0 0
hayden 0 16 0 1
ziggi 1 0 16 0
bochum 2 1 14 0
abn 1 0 15 1
koos 17 0 0 0
totmianina 0 17 0 0
preminet 0 0 0 17
sexson 0 17 0 0
sluman 0 17 0 0
getaf 0 17 0 0
goodenow 0 17 0 0
dunlop 0 17 0 0
domainkey 0 0 0 17
quotmonday 0 17 0 0
mobilesoft 0 0 0 17
unwrap 0 1 3 12
absente 7 1 0 8
meteorologist 5 0 0 11
coin 4 2 4 6
pleasur 2 5 3 6
cleanup 2 3 7 4
myself 1 1 2 12
hitler 13 0 0 3
divorc 6 0 2 8
torrent 2 1 4 9
220 1 7 5 3
chatter 2 4 4 6
wirelessli 0 0 1 15
intim 2 7 1 6
califbas 0 0 6 10
searchabl 0 0 0 16
unwelcom 4 0 8 4
cooki 0 1 7 8
wlan 0 0 1 15
quarantin 8 0 1 7
inhous 2 1 9 4
60000 5 5 3 3
sheriff 8 4 2 2
inquir 5 6 3 2
swat 2 14 0 0
clint 1 8 6 1
perri 1 7 7 1
scifi 1 0 0 15
pinchhitt 4 12 0 0
threeman 1 10 0 5
metrostar 0 16 0 0
8under 1 15 0 0
envelop 3 1 4 8
fairway 0 15 1 0
cbi 1 0 15 0
farc 10 6 0 0
latenight 6 4 2 4
bombmak 13 0 0 3
ibf 0 16 0 0
sanderson 0 5 11 0
pullback 6 0 10 0
standin 0 13 1 2
backstrok 0 16 0 0
trailer 5 3 4 4
etc 1 4 1 10
superhero 4 2 3 7
troublesom 2 9 1 4
363 1 2 2 11
i5 0 0 0 16
sheik 16 0 0 0
czar 6 2 1 7
threequart 1 2 6 7
25yearold 1 9 1 5
sanchez 1 15 0 0
630 0 14 1 1
retrial 16 0 0 0
crocker 8 8 0 0
vermont 2 11 1 2
tin 4 1 3 8
healthier 0 2 6 8
bollywood 14 0 1 1
respit 2 1 13 0
3yearold 3 11 0 2
lowercost 3 0 5 8
furnish 1 0 14 1
rcmp 10 0 6 0
gizmo 0 1 1 14
leadoff 4 12 0 0
rb 0 14 2 0
bloom 1 6 0 9
freshwat 0 0 0 16
stricken 11 1 4 0
demograph 5 1 3 7
jamaican 6 7 2 1
gruden 0 16 0 0
crank 3 2 8 3
overhead 11 1 0 4
outscor 0 16 0 0
firebrand 14 1 1 0
whitecollar 1 0 15 0
tbilisi 5 5 2 4
bruin 0 15 1 0
ronni 2 13 0 1
fifteen 9 3 0 4
civic 5 6 3 2
1m 5 1 7 3
antiterrorist 15 0 0 1
incur 0 2 11 3
waver 8 2 6 0
216 1 8 3 4
albeit 4 2 7 3
curl 0 6 1 9
juergen 0 13 1 2
bondhold 0 0 13 3
grinstein 3 0 13 0
hrefhttpwwwinvestorreuterscomfullquoteaspxtickerjnjn 0 0 16 0
targetstocksquickinfofullquotegtjnjnltagt 0 0 16 0
blackout 9 1 4 2
relaunch 3 0 4 9
backtax 3 0 13 0
comefrombehind 0 16 0 0
reminisc 4 2 3 7
brass 5 7 2 2
hobbl 2 10 1 3
wow 0 3 3 10
variat 1 0 3 12
cusp 2 3 8 3
staffer 7 2 3 4
itll 2 1 0 13
newfound 2 6 0 8
bewar 0 3 3 10
scheringplough 0 0 15 1
dutchman 3 13 0 0
taxu 0 0 16 0
coronari 0 1 12 3
proposit 1 5 4 6
forgiven 5 5 4 2
despair 5 9 1 1
terrestri 0 3 0 13
concoct 3 7 5 1
fifti 9 1 1 5
psychologist 3 4 1 8
dart 3 3 6 4
ecolog 4 0 2 10
amidst 11 3 1 1
obscen 3 6 1 6
inf 0 16 0 0
fiasco 6 6 3 1
kahn 1 12 2 1
157 1 4 4 7
targetstocksquickinfofullquotegtgmnltagt 0 0 16 0
flier 2 1 8 5
countryman 1 15 0 0
garret 1 15 0 0
drub 0 16 0 0
kingpin 9 2 3 2
274 0 6 7 3
imposit 2 0 14 0
redempt 1 8 6 1
alqaedalink 16 0 0 0
ulmer 0 16 0 0
wolf 1 4 1 10
tangl 5 4 3 4
harbour 11 2 0 3
strifetorn 15 1 0 0
wang 4 3 3 6
193 3 4 7 2
vanderbilt 0 14 0 2
ralf 0 16 0 0
antisemit 16 0 0 0
cromwel 1 15 0 0
specifi 2 1 4 9
molina 0 16 0 0
nadu 14 0 2 0
jemaah 16 0 0 0
safari 0 0 0 16
jaret 0 16 0 0
hay 1 13 2 0
envi 2 5 8 1
gregg 1 5 2 8
pharma 1 0 11 4
threematch 0 16 0 0
thorough 3 5 2 6
canspam 0 0 0 16
furi 8 4 3 1
asa 1 0 3 12
philosophi 3 8 2 3
differenti 0 1 1 14
quotthey 5 6 2 3
dissent 11 3 2 0
majorleagu 0 16 0 0
peril 7 2 3 4
whitney 1 7 6 2
twoout 1 15 0 0
geopolit 5 0 11 0
noconfid 16 0 0 0
hrefhttpwwwinvestorreuterscomfullquoteaspxtickerban 0 0 16 0
targetstocksquickinfofullquotegtbanltagt 0 0 16 0
hord 3 4 1 8
countrymen 7 9 0 0
hustl 4 12 0 0
anchorag 3 12 0 1
tar 0 13 1 2
dupont 0 1 12 3
wilt 4 5 7 0
calvin 0 15 1 0
jardin 0 0 7 9
groundbreak 1 1 1 13
36100 5 0 3 8
coastlin 9 0 0 7
6underpar 0 16 0 0
claus 3 6 6 1
leaf 3 7 5 1
bronson 1 15 0 0
hardhit 9 4 2 1
futurist 0 0 1 15
500m 0 3 5 8
altogeth 6 3 4 3
pattani 16 0 0 0
unhurt 12 4 0 0
worshipp 16 0 0 0
smarti 0 12 0 4
underperform 0 2 14 0
quotwhen 2 7 1 6
shaft 15 0 1 0
sikh 16 0 0 0
heck 0 5 4 7
idf 7 0 0 9
gunman 13 0 0 3
stamped 7 8 0 1
midlevel 0 1 10 5
vu 2 5 2 7
giuliani 3 2 11 0
pacifi 14 0 0 2
reebok 0 5 7 4
raytheon 0 0 13 3
ltstronggtcashncarrionltstronggt 0 0 0 16
cord 3 1 4 8
vector 0 0 9 7
comtex 0 0 2 14
ciss 0 16 0 0
top10 0 12 0 4
viabil 4 3 4 5
www 0 1 7 8
seneg 7 5 0 4
cdma 0 0 6 10
1975 4 6 6 0
tuft 0 14 2 0
salem 2 12 1 1
jfk 0 4 0 12
kurd 16 0 0 0
stoop 0 16 0 0
575 0 3 13 0
throttl 1 5 3 7
sauber 0 16 0 0
longerterm 1 0 12 3
sevenfold 1 0 3 12
irrelev 3 2 5 6
golovin 0 16 0 0
militaryrul 15 0 1 0
tandem 1 7 5 3
settop 1 0 4 11
sne 0 0 2 14
f5 0 0 1 15
4ghz 0 0 1 15
jog 3 5 2 6
178 0 6 9 1
quotnot 7 4 2 3
stockbrok 0 0 16 0
vinatieri 0 16 0 0
bot 5 0 0 11
similarli 6 4 3 3
iger 0 0 16 0
russ 0 14 2 0
playmak 0 16 0 0
outclass 1 14 0 1
sperm 0 0 0 16
koala 1 1 0 14
simona 16 0 0 0
dallasfort 2 0 14 0
midnovemb 2 2 1 11
bottler 0 0 16 0
paterno 2 14 0 0
qassam 16 0 0 0
firsthand 8 7 0 1
2414 0 16 0 0
flashpoint 15 0 0 1
uconn 0 16 0 0
governmentsponsor 7 0 9 0
ninthrank 0 16 0 0
namibia 10 2 0 4
mercosur 6 0 10 0
mustang 2 4 5 5
nichola 7 0 5 4
xerox 0 0 4 12
hale 0 16 0 0
gilberto 8 8 0 0
betamax 0 0 0 16
quotif 2 10 0 4
molecul 2 0 0 14
zarqawi 16 0 0 0
anderlecht 1 15 0 0
hanson 2 10 4 0
walgreen 0 0 15 1
farmington 0 16 0 0
unus 1 1 1 13
bigticket 0 1 14 1
100yard 1 15 0 0
micron 0 0 4 12
pacerspiston 0 16 0 0
marketlead 0 0 1 15
chi 2 1 11 2
cage 8 4 1 3
sham 0 1 13 2
rake 5 1 4 6
415 0 5 9 2
shakhtar 0 16 0 0
welch 0 4 12 0
nash 0 16 0 0
cuff 0 16 0 0
yanukovich 15 0 0 1
inaccur 7 0 8 1
rafah 16 0 0 0
cod 5 1 5 5
bestoff 2 14 0 0
faisalabad 0 16 0 0
wolfpack 0 16 0 0
amjad 16 0 0 0
farooqi 16 0 0 0
